support,pair,region,distance_to_nearest_mapped_boundary_m,denominator_pixels,binary_disagreement_fraction,band_area_km2
30m_GEODATA_native_grid,GEO_CMSA,UNATTRIBUTED,120-300m,1630511,0.0124,1467.4599
30m_GEODATA_native_grid,GEO_CMSSM,UNATTRIBUTED,120-300m,1630511,0.0124,1467.4599
30m_GEODATA_native_grid,CMSA_CMSSM,UNATTRIBUTED,120-300m,1630511,0.0,1467.4599
30m_GEODATA_native_grid,GEO_CMSA,UNATTRIBUTED,60-120m,554150,0.0549,498.735
30m_GEODATA_native_grid,GEO_CMSSM,UNATTRIBUTED,60-120m,554150,0.0549,498.735
30m_GEODATA_native_grid,CMSA_CMSSM,UNATTRIBUTED,60-120m,554150,0.0,498.735
30m_GEODATA_native_grid,GEO_CMSA,UNATTRIBUTED,30-60m,255361,0.1198,229.8249
30m_GEODATA_native_grid,GEO_CMSSM,UNATTRIBUTED,30-60m,255361,0.1198,229.8249
30m_GEODATA_native_grid,CMSA_CMSSM,UNATTRIBUTED,30-60m,255361,0.0,229.8249
30m_GEODATA_native_grid,GEO_CMSA,Tianjin,0-30m,2901,0.3626,2.6109
30m_GEODATA_native_grid,GEO_CMSSM,Tianjin,0-30m,2901,0.2244,2.6109
30m_GEODATA_native_grid,CMSA_CMSSM,Tianjin,0-30m,2901,0.343,2.6109
30m_GEODATA_native_grid,GEO_CMSA,Tianjin,30-60m,1225,0.3314,1.1025
30m_GEODATA_native_grid,GEO_CMSSM,Tianjin,30-60m,1225,0.2433,1.1025
30m_GEODATA_native_grid,CMSA_CMSSM,Tianjin,30-60m,1225,0.2384,1.1025
30m_GEODATA_native_grid,GEO_CMSA,UNATTRIBUTED,0-30m,167034,0.3326,150.3306
30m_GEODATA_native_grid,GEO_CMSSM,UNATTRIBUTED,0-30m,167034,0.3326,150.3306
30m_GEODATA_native_grid,CMSA_CMSSM,UNATTRIBUTED,0-30m,167034,0.0,150.3306
30m_GEODATA_native_grid,GEO_CMSA,Tianjin,60-120m,1210,0.1942,1.089
30m_GEODATA_native_grid,GEO_CMSSM,Tianjin,60-120m,1210,0.1562,1.089
30m_GEODATA_native_grid,CMSA_CMSSM,Tianjin,60-120m,1210,0.1355,1.089
30m_GEODATA_native_grid,GEO_CMSA,Tianjin,120-300m,697,0.0201,0.6273
30m_GEODATA_native_grid,GEO_CMSSM,Tianjin,120-300m,697,0.01,0.6273
30m_GEODATA_native_grid,CMSA_CMSSM,Tianjin,120-300m,697,0.01,0.6273
30m_GEODATA_native_grid,GEO_CMSA,Shandong,0-30m,33217,0.4155,29.8953
30m_GEODATA_native_grid,GEO_CMSSM,Shandong,0-30m,33217,0.2418,29.8953
30m_GEODATA_native_grid,CMSA_CMSSM,Shandong,0-30m,33217,0.4182,29.8953
30m_GEODATA_native_grid,GEO_CMSA,Shandong,60-120m,16754,0.302,15.0786
30m_GEODATA_native_grid,GEO_CMSSM,Shandong,60-120m,16754,0.5989,15.0786
30m_GEODATA_native_grid,CMSA_CMSSM,Shandong,60-120m,16754,0.6009,15.0786
30m_GEODATA_native_grid,GEO_CMSA,Shandong,30-60m,13856,0.4739,12.4704
30m_GEODATA_native_grid,GEO_CMSSM,Shandong,30-60m,13856,0.4774,12.4704
30m_GEODATA_native_grid,CMSA_CMSSM,Shandong,30-60m,13856,0.5338,12.4704
30m_GEODATA_native_grid,GEO_CMSA,Shandong,120-300m,20485,0.1317,18.4365
30m_GEODATA_native_grid,GEO_CMSSM,Shandong,120-300m,20485,0.739,18.4365
30m_GEODATA_native_grid,CMSA_CMSSM,Shandong,120-300m,20485,0.7436,18.4365
30m_GEODATA_native_grid,GEO_CMSA,Hebei,30-60m,98,0.2449,0.0882
30m_GEODATA_native_grid,GEO_CMSSM,Hebei,30-60m,98,0.1735,0.0882
30m_GEODATA_native_grid,CMSA_CMSSM,Hebei,30-60m,98,0.2347,0.0882
30m_GEODATA_native_grid,GEO_CMSA,Hebei,0-30m,452,0.3053,0.4068
30m_GEODATA_native_grid,GEO_CMSSM,Hebei,0-30m,452,0.292,0.4068
30m_GEODATA_native_grid,CMSA_CMSSM,Hebei,0-30m,452,0.3496,0.4068
30m_GEODATA_native_grid,GEO_CMSA,Hebei,60-120m,76,0.0263,0.0684
30m_GEODATA_native_grid,GEO_CMSSM,Hebei,60-120m,76,0.0526,0.0684
30m_GEODATA_native_grid,CMSA_CMSSM,Hebei,60-120m,76,0.0526,0.0684
30m_GEODATA_native_grid,GEO_CMSA,Hebei,120-300m,53,0.0,0.0477
30m_GEODATA_native_grid,GEO_CMSSM,Hebei,120-300m,53,0.0,0.0477
30m_GEODATA_native_grid,CMSA_CMSSM,Hebei,120-300m,53,0.0,0.0477
30m_GEODATA_native_grid,GEO_CMSA,Jiangsu,0-30m,64422,0.2947,57.9798
30m_GEODATA_native_grid,GEO_CMSSM,Jiangsu,0-30m,64422,0.3573,57.9798
30m_GEODATA_native_grid,CMSA_CMSSM,Jiangsu,0-30m,64422,0.4058,57.9798
30m_GEODATA_native_grid,GEO_CMSA,Jiangsu,30-60m,32334,0.3797,29.1006
30m_GEODATA_native_grid,GEO_CMSSM,Jiangsu,30-60m,32334,0.4722,29.1006
30m_GEODATA_native_grid,CMSA_CMSSM,Jiangsu,30-60m,32334,0.438,29.1006
30m_GEODATA_native_grid,GEO_CMSA,Jiangsu,60-120m,47421,0.2885,42.6789
30m_GEODATA_native_grid,GEO_CMSSM,Jiangsu,60-120m,47421,0.4075,42.6789
30m_GEODATA_native_grid,CMSA_CMSSM,Jiangsu,60-120m,47421,0.3835,42.6789
30m_GEODATA_native_grid,GEO_CMSA,Jiangsu,120-300m,73521,0.1983,66.1689
30m_GEODATA_native_grid,GEO_CMSSM,Jiangsu,120-300m,73521,0.3302,66.1689
30m_GEODATA_native_grid,CMSA_CMSSM,Jiangsu,120-300m,73521,0.2953,66.1689
30m_GEODATA_native_grid,GEO_CMSA,Shanghai,0-30m,39363,0.1148,35.4267
30m_GEODATA_native_grid,GEO_CMSSM,Shanghai,0-30m,39363,0.4733,35.4267
30m_GEODATA_native_grid,CMSA_CMSSM,Shanghai,0-30m,39363,0.4874,35.4267
30m_GEODATA_native_grid,GEO_CMSA,Shanghai,30-60m,20754,0.2283,18.6786
30m_GEODATA_native_grid,GEO_CMSSM,Shanghai,30-60m,20754,0.6446,18.6786
30m_GEODATA_native_grid,CMSA_CMSSM,Shanghai,30-60m,20754,0.6036,18.6786
30m_GEODATA_native_grid,GEO_CMSA,Shanghai,60-120m,31383,0.2874,28.2447
30m_GEODATA_native_grid,GEO_CMSSM,Shanghai,60-120m,31383,0.6568,28.2447
30m_GEODATA_native_grid,CMSA_CMSSM,Shanghai,60-120m,31383,0.5664,28.2447
30m_GEODATA_native_grid,GEO_CMSA,Shanghai,120-300m,60880,0.3419,54.792
30m_GEODATA_native_grid,GEO_CMSSM,Shanghai,120-300m,60880,0.6152,54.792
30m_GEODATA_native_grid,CMSA_CMSSM,Shanghai,120-300m,60880,0.4573,54.792
30m_GEODATA_native_grid,GEO_CMSA,Zhejiang,30-60m,48592,0.4634,43.7328
30m_GEODATA_native_grid,GEO_CMSSM,Zhejiang,30-60m,48592,0.457,43.7328
30m_GEODATA_native_grid,CMSA_CMSSM,Zhejiang,30-60m,48592,0.2112,43.7328
30m_GEODATA_native_grid,GEO_CMSA,Zhejiang,0-30m,138156,0.2869,124.3404
30m_GEODATA_native_grid,GEO_CMSSM,Zhejiang,0-30m,138156,0.381,124.3404
30m_GEODATA_native_grid,CMSA_CMSSM,Zhejiang,0-30m,138156,0.3142,124.3404
30m_GEODATA_native_grid,GEO_CMSA,Zhejiang,60-120m,43179,0.443,38.8611
30m_GEODATA_native_grid,GEO_CMSSM,Zhejiang,60-120m,43179,0.4064,38.8611
30m_GEODATA_native_grid,CMSA_CMSSM,Zhejiang,60-120m,43179,0.1963,38.8611
30m_GEODATA_native_grid,GEO_CMSA,Zhejiang,120-300m,31902,0.3955,28.7118
30m_GEODATA_native_grid,GEO_CMSSM,Zhejiang,120-300m,31902,0.31,28.7118
30m_GEODATA_native_grid,CMSA_CMSSM,Zhejiang,120-300m,31902,0.1956,28.7118
30m_GEODATA_native_grid,GEO_CMSA,Fujian,30-60m,35190,0.2999,31.671
30m_GEODATA_native_grid,GEO_CMSSM,Fujian,30-60m,35190,0.3102,31.671
30m_GEODATA_native_grid,CMSA_CMSSM,Fujian,30-60m,35190,0.1919,31.671
30m_GEODATA_native_grid,GEO_CMSA,Fujian,0-30m,87238,0.3276,78.5142
30m_GEODATA_native_grid,GEO_CMSSM,Fujian,0-30m,87238,0.3494,78.5142
30m_GEODATA_native_grid,CMSA_CMSSM,Fujian,0-30m,87238,0.2607,78.5142
30m_GEODATA_native_grid,GEO_CMSA,Fujian,60-120m,35284,0.1727,31.7556
30m_GEODATA_native_grid,GEO_CMSSM,Fujian,60-120m,35284,0.2032,31.7556
30m_GEODATA_native_grid,CMSA_CMSSM,Fujian,60-120m,35284,0.1561,31.7556
30m_GEODATA_native_grid,GEO_CMSA,Fujian,120-300m,22366,0.1002,20.1294
30m_GEODATA_native_grid,GEO_CMSSM,Fujian,120-300m,22366,0.1292,20.1294
30m_GEODATA_native_grid,CMSA_CMSSM,Fujian,120-300m,22366,0.1154,20.1294
30m_GEODATA_native_grid,GEO_CMSA,Guangdong,60-120m,1889,0.2202,1.7001
30m_GEODATA_native_grid,GEO_CMSSM,Guangdong,60-120m,1889,0.3843,1.7001
30m_GEODATA_native_grid,CMSA_CMSSM,Guangdong,60-120m,1889,0.3812,1.7001
30m_GEODATA_native_grid,GEO_CMSA,Guangdong,30-60m,2653,0.3276,2.3877
30m_GEODATA_native_grid,GEO_CMSSM,Guangdong,30-60m,2653,0.34,2.3877
30m_GEODATA_native_grid,CMSA_CMSSM,Guangdong,30-60m,2653,0.3049,2.3877
30m_GEODATA_native_grid,GEO_CMSA,Guangdong,0-30m,8316,0.3557,7.4844
30m_GEODATA_native_grid,GEO_CMSSM,Guangdong,0-30m,8316,0.2856,7.4844
30m_GEODATA_native_grid,CMSA_CMSSM,Guangdong,0-30m,8316,0.2878,7.4844
30m_GEODATA_native_grid,GEO_CMSA,Guangdong,120-300m,1190,0.0714,1.071
30m_GEODATA_native_grid,GEO_CMSSM,Guangdong,120-300m,1190,0.6134,1.071
30m_GEODATA_native_grid,CMSA_CMSSM,Guangdong,120-300m,1190,0.579,1.071
30m_GEODATA_native_grid,GEO_CMSA,Guangxi,30-60m,6795,0.5127,6.1155
30m_GEODATA_native_grid,GEO_CMSSM,Guangxi,30-60m,6795,0.4653,6.1155
30m_GEODATA_native_grid,CMSA_CMSSM,Guangxi,30-60m,6795,0.1716,6.1155
30m_GEODATA_native_grid,GEO_CMSA,Guangxi,0-30m,16606,0.3761,14.9454
30m_GEODATA_native_grid,GEO_CMSSM,Guangxi,0-30m,16606,0.3502,14.9454
30m_GEODATA_native_grid,CMSA_CMSSM,Guangxi,0-30m,16606,0.255,14.9454
30m_GEODATA_native_grid,GEO_CMSA,Guangxi,60-120m,5633,0.4514,5.0697
30m_GEODATA_native_grid,GEO_CMSSM,Guangxi,60-120m,5633,0.442,5.0697
30m_GEODATA_native_grid,CMSA_CMSSM,Guangxi,60-120m,5633,0.1457,5.0697
30m_GEODATA_native_grid,GEO_CMSA,Guangxi,120-300m,2091,0.2076,1.8819
30m_GEODATA_native_grid,GEO_CMSSM,Guangxi,120-300m,2091,0.2649,1.8819
30m_GEODATA_native_grid,CMSA_CMSSM,Guangxi,120-300m,2091,0.1349,1.8819
10m_project_lattice,CMSA_CMSSM,UNATTRIBUTED,120-300m,12822195,0.0,1282.2195
10m_project_lattice,CMSA_CMSSM,UNATTRIBUTED,60-120m,4528296,0.0,452.8296
10m_project_lattice,CMSA_CMSSM,UNATTRIBUTED,30-60m,2560688,0.0,256.0688
10m_project_lattice,CMSA_CMSSM,UNATTRIBUTED,0-30m,2090797,0.0,209.0797
10m_project_lattice,CMSA_CMSSM,Tianjin,0-30m,23988,0.4737,2.3988
10m_project_lattice,CMSA_CMSSM,Tianjin,30-60m,7538,0.2749,0.7538
10m_project_lattice,CMSA_CMSSM,Tianjin,60-120m,6493,0.1425,0.6493
10m_project_lattice,CMSA_CMSSM,Shandong,0-30m,307383,0.6296,30.7383
10m_project_lattice,CMSA_CMSSM,Shandong,30-60m,131077,0.6819,13.1077
10m_project_lattice,CMSA_CMSSM,Shandong,60-120m,136898,0.7007,13.6898
10m_project_lattice,CMSA_CMSSM,Tianjin,120-300m,3187,0.0235,0.3187
10m_project_lattice,CMSA_CMSSM,Hebei,30-60m,254,0.3543,0.0254
10m_project_lattice,CMSA_CMSSM,Hebei,0-30m,3664,0.464,0.3664
10m_project_lattice,CMSA_CMSSM,Hebei,60-120m,33,0.0,0.0033
10m_project_lattice,CMSA_CMSSM,Hebei,120-300m,13,0.0,0.0013
10m_project_lattice,CMSA_CMSSM,Shandong,120-300m,134436,0.8481,13.4436
10m_project_lattice,CMSA_CMSSM,Jiangsu,0-30m,583796,0.5663,58.3796
10m_project_lattice,CMSA_CMSSM,Jiangsu,30-60m,313867,0.4511,31.3867
10m_project_lattice,CMSA_CMSSM,Jiangsu,60-120m,403492,0.355,40.3492
10m_project_lattice,CMSA_CMSSM,Jiangsu,120-300m,563524,0.2721,56.3524
10m_project_lattice,CMSA_CMSSM,Shanghai,0-30m,420345,0.6458,42.0345
10m_project_lattice,CMSA_CMSSM,Shanghai,30-60m,213545,0.7116,21.3545
10m_project_lattice,CMSA_CMSSM,Shanghai,60-120m,287395,0.6146,28.7395
10m_project_lattice,CMSA_CMSSM,Shanghai,120-300m,512398,0.4177,51.2398
10m_project_lattice,CMSA_CMSSM,Zhejiang,0-30m,1143054,0.4435,114.3054
10m_project_lattice,CMSA_CMSSM,Zhejiang,30-60m,315726,0.2525,31.5726
10m_project_lattice,CMSA_CMSSM,Zhejiang,60-120m,232485,0.2167,23.2485
10m_project_lattice,CMSA_CMSSM,Zhejiang,120-300m,168469,0.2177,16.8469
10m_project_lattice,CMSA_CMSSM,Fujian,0-30m,792600,0.3818,79.26
10m_project_lattice,CMSA_CMSSM,Fujian,30-60m,220284,0.2191,22.0284
10m_project_lattice,CMSA_CMSSM,Fujian,60-120m,169896,0.1601,16.9896
10m_project_lattice,CMSA_CMSSM,Fujian,120-300m,92218,0.1177,9.2218
10m_project_lattice,CMSA_CMSSM,Guangdong,0-30m,67615,0.4476,6.7615
10m_project_lattice,CMSA_CMSSM,Guangdong,30-60m,11960,0.5679,1.196
10m_project_lattice,CMSA_CMSSM,Guangdong,60-120m,6698,0.696,0.6698
10m_project_lattice,CMSA_CMSSM,Guangdong,120-300m,4384,0.9833,0.4384
10m_project_lattice,CMSA_CMSSM,Guangxi,0-30m,151223,0.3567,15.1223
10m_project_lattice,CMSA_CMSSM,Guangxi,30-60m,38346,0.2357,3.8346
10m_project_lattice,CMSA_CMSSM,Guangxi,60-120m,17548,0.1759,1.7548
10m_project_lattice,CMSA_CMSSM,Guangxi,120-300m,1006,0.0706,0.1006
