support,pair,region,area_a_km2,area_b_km2,intersection_km2,jaccard,dice,area_bias_a_minus_b,omission_of_a_vs_b_km2,commission_of_a_vs_b_km2,binary_disagreement_fraction,denominator_pixels,denominator_area_km2,semantics
30m_GEODATA_native_grid,GEO_CMSA,UNATTRIBUTED,125.2098,0.0,0.0,0.0,0.0,,0.0,125.2098,0.0004,318491193,286642.074,"binary >=0.5 fractional-cover rule for Jaccard/Dice and omission/commission of A vs named reference B; denominator footprint = all core pixels of blocks that intersect any mapped feature (full core, patch interiors included); boundary- and patch-stratified tables use the 300 m edge band"
30m_GEODATA_native_grid,GEO_CMSSM,UNATTRIBUTED,125.2098,0.0,0.0,0.0,0.0,,0.0,125.2098,0.0004,318491193,286642.074,"binary >=0.5 fractional-cover rule for Jaccard/Dice and omission/commission of A vs named reference B; denominator footprint = all core pixels of blocks that intersect any mapped feature (full core, patch interiors included); boundary- and patch-stratified tables use the 300 m edge band"
30m_GEODATA_native_grid,CMSA_CMSSM,UNATTRIBUTED,0.0,0.0,0.0,,,,0.0,0.0,0.0,318491193,286642.074,"binary >=0.5 fractional-cover rule for Jaccard/Dice and omission/commission of A vs named reference B; denominator footprint = all core pixels of blocks that intersect any mapped feature (full core, patch interiors included); boundary- and patch-stratified tables use the 300 m edge band"
30m_GEODATA_native_grid,GEO_CMSA,Tianjin,1.6389,2.736,1.4193,0.4802,0.6488,-0.401,1.3167,0.2196,0.2744,6221,5.599,"binary >=0.5 fractional-cover rule for Jaccard/Dice and omission/commission of A vs named reference B; denominator footprint = all core pixels of blocks that intersect any mapped feature (full core, patch interiors included); boundary- and patch-stratified tables use the 300 m edge band"
30m_GEODATA_native_grid,GEO_CMSSM,Tianjin,1.6389,2.0088,1.3086,0.5594,0.7175,-0.1841,0.7002,0.3303,0.1841,6221,5.599,"binary >=0.5 fractional-cover rule for Jaccard/Dice and omission/commission of A vs named reference B; denominator footprint = all core pixels of blocks that intersect any mapped feature (full core, patch interiors included); boundary- and patch-stratified tables use the 300 m edge band"
30m_GEODATA_native_grid,CMSA_CMSSM,Tianjin,2.736,2.0088,1.7163,0.5667,0.7234,0.362,0.2925,1.0197,0.2344,6221,5.599,"binary >=0.5 fractional-cover rule for Jaccard/Dice and omission/commission of A vs named reference B; denominator footprint = all core pixels of blocks that intersect any mapped feature (full core, patch interiors included); boundary- and patch-stratified tables use the 300 m edge band"
30m_GEODATA_native_grid,GEO_CMSA,Shandong,45.5805,64.5543,42.1992,0.6212,0.7663,-0.2939,22.3551,3.3813,0.2914,98122,88.31,"binary >=0.5 fractional-cover rule for Jaccard/Dice and omission/commission of A vs named reference B; denominator footprint = all core pixels of blocks that intersect any mapped feature (full core, patch interiors included); boundary- and patch-stratified tables use the 300 m edge band"
30m_GEODATA_native_grid,GEO_CMSSM,Shandong,45.5805,17.397,7.6104,0.1375,0.2417,1.62,9.7866,37.9701,0.5408,98122,88.31,"binary >=0.5 fractional-cover rule for Jaccard/Dice and omission/commission of A vs named reference B; denominator footprint = all core pixels of blocks that intersect any mapped feature (full core, patch interiors included); boundary- and patch-stratified tables use the 300 m edge band"
30m_GEODATA_native_grid,CMSA_CMSSM,Shandong,64.5543,17.397,14.058,0.2071,0.3431,2.7107,3.339,50.4963,0.6096,98122,88.31,"binary >=0.5 fractional-cover rule for Jaccard/Dice and omission/commission of A vs named reference B; denominator footprint = all core pixels of blocks that intersect any mapped feature (full core, patch interiors included); boundary- and patch-stratified tables use the 300 m edge band"
30m_GEODATA_native_grid,GEO_CMSA,Hebei,0.0171,0.1539,0.0117,0.0734,0.1368,-0.8889,0.1422,0.0054,0.2316,708,0.637,"binary >=0.5 fractional-cover rule for Jaccard/Dice and omission/commission of A vs named reference B; denominator footprint = all core pixels of blocks that intersect any mapped feature (full core, patch interiors included); boundary- and patch-stratified tables use the 300 m edge band"
30m_GEODATA_native_grid,GEO_CMSSM,Hebei,0.0171,0.126,0.0027,0.0192,0.0377,-0.8643,0.1233,0.0144,0.2161,708,0.637,"binary >=0.5 fractional-cover rule for Jaccard/Dice and omission/commission of A vs named reference B; denominator footprint = all core pixels of blocks that intersect any mapped feature (full core, patch interiors included); boundary- and patch-stratified tables use the 300 m edge band"
30m_GEODATA_native_grid,CMSA_CMSSM,Hebei,0.1539,0.126,0.0567,0.254,0.4051,0.2214,0.0693,0.0972,0.2613,708,0.637,"binary >=0.5 fractional-cover rule for Jaccard/Dice and omission/commission of A vs named reference B; denominator footprint = all core pixels of blocks that intersect any mapped feature (full core, patch interiors included); boundary- and patch-stratified tables use the 300 m edge band"
30m_GEODATA_native_grid,GEO_CMSA,Jiangsu,136.9935,166.374,123.2226,0.684,0.8124,-0.1766,43.1514,13.7709,0.2395,264066,237.659,"binary >=0.5 fractional-cover rule for Jaccard/Dice and omission/commission of A vs named reference B; denominator footprint = all core pixels of blocks that intersect any mapped feature (full core, patch interiors included); boundary- and patch-stratified tables use the 300 m edge band"
30m_GEODATA_native_grid,GEO_CMSSM,Jiangsu,136.9935,155.6901,104.7078,0.557,0.7155,-0.1201,50.9823,32.2857,0.3504,264066,237.659,"binary >=0.5 fractional-cover rule for Jaccard/Dice and omission/commission of A vs named reference B; denominator footprint = all core pixels of blocks that intersect any mapped feature (full core, patch interiors included); boundary- and patch-stratified tables use the 300 m edge band"
30m_GEODATA_native_grid,CMSA_CMSSM,Jiangsu,166.374,155.6901,120.9699,0.6016,0.7512,0.0686,34.7202,45.4041,0.3371,264066,237.659,"binary >=0.5 fractional-cover rule for Jaccard/Dice and omission/commission of A vs named reference B; denominator footprint = all core pixels of blocks that intersect any mapped feature (full core, patch interiors included); boundary- and patch-stratified tables use the 300 m edge band"
30m_GEODATA_native_grid,GEO_CMSA,Shanghai,74.6721,117.5103,66.1122,0.5244,0.688,-0.3645,51.3981,8.5599,0.268,248557,223.701,"binary >=0.5 fractional-cover rule for Jaccard/Dice and omission/commission of A vs named reference B; denominator footprint = all core pixels of blocks that intersect any mapped feature (full core, patch interiors included); boundary- and patch-stratified tables use the 300 m edge band"
30m_GEODATA_native_grid,GEO_CMSSM,Shanghai,74.6721,188.7804,73.3986,0.3862,0.5572,-0.6044,115.3818,1.2735,0.5215,248557,223.701,"binary >=0.5 fractional-cover rule for Jaccard/Dice and omission/commission of A vs named reference B; denominator footprint = all core pixels of blocks that intersect any mapped feature (full core, patch interiors included); boundary- and patch-stratified tables use the 300 m edge band"
30m_GEODATA_native_grid,CMSA_CMSSM,Shanghai,117.5103,188.7804,109.3968,0.5556,0.7143,-0.3775,79.3836,8.1135,0.3911,248557,223.701,"binary >=0.5 fractional-cover rule for Jaccard/Dice and omission/commission of A vs named reference B; denominator footprint = all core pixels of blocks that intersect any mapped feature (full core, patch interiors included); boundary- and patch-stratified tables use the 300 m edge band"
30m_GEODATA_native_grid,GEO_CMSA,Zhejiang,57.8151,114.1191,42.7977,0.3314,0.4978,-0.4934,71.3214,15.0174,0.3507,273580,246.222,"binary >=0.5 fractional-cover rule for Jaccard/Dice and omission/commission of A vs named reference B; denominator footprint = all core pixels of blocks that intersect any mapped feature (full core, patch interiors included); boundary- and patch-stratified tables use the 300 m edge band"
30m_GEODATA_native_grid,GEO_CMSSM,Zhejiang,57.8151,130.815,47.7036,0.3385,0.5058,-0.558,83.1114,10.1115,0.3786,273580,246.222,"binary >=0.5 fractional-cover rule for Jaccard/Dice and omission/commission of A vs named reference B; denominator footprint = all core pixels of blocks that intersect any mapped feature (full core, patch interiors included); boundary- and patch-stratified tables use the 300 m edge band"
30m_GEODATA_native_grid,CMSA_CMSSM,Zhejiang,114.1191,130.815,91.0962,0.5922,0.7438,-0.1276,39.7188,23.0229,0.2548,273580,246.222,"binary >=0.5 fractional-cover rule for Jaccard/Dice and omission/commission of A vs named reference B; denominator footprint = all core pixels of blocks that intersect any mapped feature (full core, patch interiors included); boundary- and patch-stratified tables use the 300 m edge band"
30m_GEODATA_native_grid,GEO_CMSA,Fujian,69.759,84.4497,55.7325,0.5659,0.7228,-0.174,28.7172,14.0265,0.2604,182399,164.159,"binary >=0.5 fractional-cover rule for Jaccard/Dice and omission/commission of A vs named reference B; denominator footprint = all core pixels of blocks that intersect any mapped feature (full core, patch interiors included); boundary- and patch-stratified tables use the 300 m edge band"
30m_GEODATA_native_grid,GEO_CMSSM,Fujian,69.759,79.8471,51.597,0.5265,0.6898,-0.1263,28.2501,18.162,0.2827,182399,164.159,"binary >=0.5 fractional-cover rule for Jaccard/Dice and omission/commission of A vs named reference B; denominator footprint = all core pixels of blocks that intersect any mapped feature (full core, patch interiors included); boundary- and patch-stratified tables use the 300 m edge band"
30m_GEODATA_native_grid,CMSA_CMSSM,Fujian,84.4497,79.8471,65.1915,0.6578,0.7936,0.0576,14.6556,19.2582,0.2066,182399,164.159,"binary >=0.5 fractional-cover rule for Jaccard/Dice and omission/commission of A vs named reference B; denominator footprint = all core pixels of blocks that intersect any mapped feature (full core, patch interiors included); boundary- and patch-stratified tables use the 300 m edge band"
30m_GEODATA_native_grid,GEO_CMSA,Guangdong,3.4677,5.7249,2.6469,0.4044,0.5759,-0.3943,3.078,0.8208,0.2978,14546,13.091,"binary >=0.5 fractional-cover rule for Jaccard/Dice and omission/commission of A vs named reference B; denominator footprint = all core pixels of blocks that intersect any mapped feature (full core, patch interiors included); boundary- and patch-stratified tables use the 300 m edge band"
30m_GEODATA_native_grid,GEO_CMSSM,Guangdong,3.4677,2.8647,0.9054,0.1668,0.286,0.2105,1.9593,2.5623,0.3454,14546,13.091,"binary >=0.5 fractional-cover rule for Jaccard/Dice and omission/commission of A vs named reference B; denominator footprint = all core pixels of blocks that intersect any mapped feature (full core, patch interiors included); boundary- and patch-stratified tables use the 300 m edge band"
30m_GEODATA_native_grid,CMSA_CMSSM,Guangdong,5.7249,2.8647,2.0907,0.3217,0.4868,0.9984,0.774,3.6342,0.3367,14546,13.091,"binary >=0.5 fractional-cover rule for Jaccard/Dice and omission/commission of A vs named reference B; denominator footprint = all core pixels of blocks that intersect any mapped feature (full core, patch interiors included); boundary- and patch-stratified tables use the 300 m edge band"
30m_GEODATA_native_grid,GEO_CMSA,Guangxi,4.2849,12.6738,2.7585,0.1943,0.3253,-0.6619,9.9153,1.5264,0.4037,31488,28.339,"binary >=0.5 fractional-cover rule for Jaccard/Dice and omission/commission of A vs named reference B; denominator footprint = all core pixels of blocks that intersect any mapped feature (full core, patch interiors included); boundary- and patch-stratified tables use the 300 m edge band"
30m_GEODATA_native_grid,GEO_CMSSM,Guangxi,4.2849,10.8801,2.1663,0.1667,0.2857,-0.6062,8.7138,2.1186,0.3822,31488,28.339,"binary >=0.5 fractional-cover rule for Jaccard/Dice and omission/commission of A vs named reference B; denominator footprint = all core pixels of blocks that intersect any mapped feature (full core, patch interiors included); boundary- and patch-stratified tables use the 300 m edge band"
30m_GEODATA_native_grid,CMSA_CMSSM,Guangxi,12.6738,10.8801,8.8461,0.6015,0.7511,0.1649,2.034,3.8277,0.2068,31488,28.339,"binary >=0.5 fractional-cover rule for Jaccard/Dice and omission/commission of A vs named reference B; denominator footprint = all core pixels of blocks that intersect any mapped feature (full core, patch interiors included); boundary- and patch-stratified tables use the 300 m edge band"
10m_project_lattice,CMSA_CMSSM,UNATTRIBUTED,0.0,0.0,0.0,,,,0.0,0.0,0.0,950450725,95045.072,"binary >=0.5 fractional-cover rule for Jaccard/Dice and omission/commission of A vs named reference B; denominator footprint = all core pixels of blocks that intersect any mapped feature (full core, patch interiors included); boundary- and patch-stratified tables use the 300 m edge band"
10m_project_lattice,CMSA_CMSSM,Tianjin,2.7621,2.0711,1.6948,0.54,0.7013,0.3336,0.3763,1.0673,0.3495,41303,4.13,"binary >=0.5 fractional-cover rule for Jaccard/Dice and omission/commission of A vs named reference B; denominator footprint = all core pixels of blocks that intersect any mapped feature (full core, patch interiors included); boundary- and patch-stratified tables use the 300 m edge band"
10m_project_lattice,CMSA_CMSSM,Shandong,64.5852,17.796,14.0374,0.2054,0.3408,2.6292,3.7586,50.5478,0.7143,760238,76.024,"binary >=0.5 fractional-cover rule for Jaccard/Dice and omission/commission of A vs named reference B; denominator footprint = all core pixels of blocks that intersect any mapped feature (full core, patch interiors included); boundary- and patch-stratified tables use the 300 m edge band"
10m_project_lattice,CMSA_CMSSM,Hebei,0.1574,0.1452,0.0618,0.2566,0.4085,0.084,0.0834,0.0956,0.4507,3972,0.397,"binary >=0.5 fractional-cover rule for Jaccard/Dice and omission/commission of A vs named reference B; denominator footprint = all core pixels of blocks that intersect any mapped feature (full core, patch interiors included); boundary- and patch-stratified tables use the 300 m edge band"
10m_project_lattice,CMSA_CMSSM,Jiangsu,166.2182,154.6769,119.366,0.5923,0.744,0.0746,35.3109,46.8522,0.3788,2169056,216.906,"binary >=0.5 fractional-cover rule for Jaccard/Dice and omission/commission of A vs named reference B; denominator footprint = all core pixels of blocks that intersect any mapped feature (full core, patch interiors included); boundary- and patch-stratified tables use the 300 m edge band"
10m_project_lattice,CMSA_CMSSM,Shanghai,117.4316,187.9362,108.7444,0.5531,0.7122,-0.3752,79.1918,8.6872,0.4187,2099081,209.908,"binary >=0.5 fractional-cover rule for Jaccard/Dice and omission/commission of A vs named reference B; denominator footprint = all core pixels of blocks that intersect any mapped feature (full core, patch interiors included); boundary- and patch-stratified tables use the 300 m edge band"
10m_project_lattice,CMSA_CMSSM,Zhejiang,114.5151,133.1773,89.6561,0.5673,0.7239,-0.1401,43.5212,24.859,0.3521,1942328,194.233,"binary >=0.5 fractional-cover rule for Jaccard/Dice and omission/commission of A vs named reference B; denominator footprint = all core pixels of blocks that intersect any mapped feature (full core, patch interiors included); boundary- and patch-stratified tables use the 300 m edge band"
10m_project_lattice,CMSA_CMSSM,Fujian,85.1134,81.3399,63.7569,0.6208,0.7661,0.0464,17.583,21.3565,0.3039,1281165,128.117,"binary >=0.5 fractional-cover rule for Jaccard/Dice and omission/commission of A vs named reference B; denominator footprint = all core pixels of blocks that intersect any mapped feature (full core, patch interiors included); boundary- and patch-stratified tables use the 300 m edge band"
10m_project_lattice,CMSA_CMSSM,Guangdong,5.9305,3.1075,2.1707,0.3161,0.4803,0.9084,0.9368,3.7598,0.5127,91601,9.16,"binary >=0.5 fractional-cover rule for Jaccard/Dice and omission/commission of A vs named reference B; denominator footprint = all core pixels of blocks that intersect any mapped feature (full core, patch interiors included); boundary- and patch-stratified tables use the 300 m edge band"
10m_project_lattice,CMSA_CMSSM,Guangxi,12.8629,11.3778,8.8131,0.5713,0.7271,0.1305,2.5647,4.0498,0.3177,208211,20.821,"binary >=0.5 fractional-cover rule for Jaccard/Dice and omission/commission of A vs named reference B; denominator footprint = all core pixels of blocks that intersect any mapped feature (full core, patch interiors included); boundary- and patch-stratified tables use the 300 m edge band"
