product_id,family,year,acquisition_status,acquisition_channel,provenance_status,semantic_status,license,analysis_allowed,internal_training_allowed,validation_allowed,redistribution_allowed,label_tier,gold_use,format,crs,positive_count,measured_area_km2,doi,cstr,publisher,archive_file,archive_size_bytes,archive_sha256,passport,supersedes,metadata_defects,notes
GEODATA-SPARTINA-1990,GEODATA,1990,ACQUIRED,OWNER_DELIVERED_PORTAL_ORDER (order id TODO_OWNER_RECORD),VERIFIED,VERIFIED_SPARTINA,RESTRICTED_RESEARCH_ONLY (geodata.cn platform terms; research use only; no copy/redistribution without written permission),TRUE,NO_REFERENCE_ONLY,TRUE_AS_EXTERNAL_REFERENCE,NO,SILVER,FALSE,"GeoTIFF uint8 uncompressed tiled BigTIFF (128x128 blocks) + .tfw + .tif.aux.xml + .tif.ovr + .tif.vat.dbf; binary mask value 1 = Spartina, background/nodata 255","Krasovsky_1940_Albers (lon0=105, std parallels 25/47, FE/FN 0); 30 m pixels; 39337x67187",48628,43.7652,10.12041/geodata.195159798810196.ver1.db,17099.11.G195159798810196.20220225.v1,"National Earth System Science Data Center / geodata.cn (Black Soil and Wetland sub-center, NEIGAE CAS)",1990年中国滨海30m分辨率互花米草空间分布动态数据集-数据实体.rar,245971,8fb616afccfe26be76732e95e06d40846acda3e73b251d36ed54e9d6ffda0724,docs/audit/source_passports/geodata_family_2026-10_intake.json,GEODATA-SPARTINA-1990,"MINOR: VAT class name is pinyin initialism 'hhmc' (CLass_1990), not UTF-8 Chinese; reported >90% accuracy is generic portal boilerplate, not year-specific evidence; image-date semantics TODO_VERIFY",Archive byte size matches portal listing (240.21 KiB); clean Spartina abstract; refs Mao et al. 2019 Sensors 19:2308; Landsat + OBIA per portal. WGS84 footprint 110.33-125.39E 21.88-38.43N. VAT counts independently reproduced by full raster scan. 48624/48628 positive pixels in v1 W10 KEEP cells; 4 PROVISIONAL; 0 outside; 0 EXCLUDE.
GEODATA-SPARTINA-2000,GEODATA,2000,ACQUIRED,OWNER_DELIVERED_PORTAL_ORDER (order id TODO_OWNER_RECORD),VERIFIED,VERIFIED_SPARTINA,RESTRICTED_RESEARCH_ONLY (geodata.cn platform terms; research use only; no copy/redistribution without written permission),TRUE,NO_REFERENCE_ONLY,TRUE_AS_EXTERNAL_REFERENCE,NO,SILVER,FALSE,"GeoTIFF uint8 uncompressed tiled BigTIFF + .tfw + .tif.aux.xml + .tif.ovr + .tif.vat.dbf; binary mask value 1 = Spartina, background/nodata 255",Krasovsky_1940_Albers; 30 m pixels; 48709x68485,284927,256.4343,10.12041/geodata.140184217931452.ver1.db,17099.11.G140184217931452.20220225.v1,"National Earth System Science Data Center / geodata.cn (Black Soil and Wetland sub-center, NEIGAE CAS)",2000年中国滨海30m分辨率互花米草空间分布动态数据集-数据实体.rar,606691,c55f5a5019810fb7be707b4195365b7bb60ea52f164219ea168fdad3f5097fba,docs/audit/source_passports/geodata_family_2026-10_intake.json,GEODATA-SPARTINA-2000,MINOR: portal keywords carry mangrove boilerplate (abstract itself is Spartina); VAT name pinyin 'hhmc' (Class_2000); generic >90% accuracy boilerplate; image-date semantics TODO_VERIFY,Archive size matches portal listing (592.47 KiB); refs Mao et al. 2019 Sensors 19:2308. WGS84 footprint 107.64-125.40E 21.63-38.42N. VAT counts independently reproduced. 284923/284927 pixels KEEP; 4 PROVISIONAL; 0 outside; 0 EXCLUDE. Not pixel-aligned with 1990/2020 despite shared CRS (non-integer origin offsets).
GEODATA-SPARTINA-2015,GEODATA,2015,ACQUIRED,OWNER_DELIVERED_PORTAL_ORDER,VERIFIED_BYTE_IDENTICAL_LOCAL,VERIFIED_SPARTINA,RESTRICTED_RESEARCH_ONLY (no-redistribution confirmed for this product on portal),TRUE,NO_REFERENCE_ONLY,TRUE_AS_EXTERNAL_REFERENCE,NO,SILVER,FALSE,"GeoTIFF BigTIFF int16 + .tfw + .tif.aux.xml + .tif.ovr + .tif.vat.dbf + .tif.vat.cpg (UTF-8); binary mask value 1 = Spartina, nodata 255; VAT has Value/Count only (no class-name field)",EPSG:32650 WGS84 UTM Zone 50N; 30 m pixels; 45282x67077,608287,547.4583,10.12041/geodata.65372070926827.ver1.db,17099.11.G65372070926827.20200918.v1,NEIGAE CAS (Wang Zongming / Mao Dehua / Jia Mingming) via geodata.cn,30m分辨率中国互花米草空间分布数据集(2015年)-数据实体.rar,681048,470aa0275adaa2641b97cbd4d729bb849557a0041861643f83dfe866c746f5fc,docs/audit/source_passports/geodata_family_2026-10_intake.json,GEODATA-SPARTINA-2015,NONE_MAJOR,"Ordered archive extraction is BYTE-IDENTICAL (sha256 39a2d535... on 6.10 GB TIF) to the pre-existing read-only copy under old datasets/30mSpartinaChina/, resolving the prior RELATIONSHIP_UNKNOWN blocker. Method (portal + papers): Landsat-8 OLI; eCognition 9.2 multiscale segmentation + object-oriented/SVM + expert visual editing with field samples; REPORTED OA 92% (not independently re-derived). WGS84 footprint 108.89-122.93E 20.87-39.07N. 587396 pixels KEEP, 281 PROVISIONAL, 20610 OUTSIDE_GRID (all within 4.7 km of W10 corridor edge, 31.16-37.85N: corridor-edge/tidal-flat boundary effect, not inland anomalies); 0 EXCLUDE. Different datum/projection from the Albers trio; reprojection required; areas not cross-comparable without harmonization."
GEODATA-SPARTINA-2020-30M,GEODATA,2020,ACQUIRED,OWNER_DELIVERED_PORTAL_ORDER (order id TODO_OWNER_RECORD),CONFLICT_PORTAL_METADATA,VERIFIED_SPARTINA (bytes),RESTRICTED_RESEARCH_ONLY (geodata.cn platform terms; research use only; no copy/redistribution without written permission),TRUE,NO_REFERENCE_ONLY,TRUE_AS_EXTERNAL_REFERENCE,NO,SILVER,FALSE,"GeoTIFF uint8 uncompressed tiled BigTIFF + .tfw + .tif.aux.xml + .tif.ovr + .tif.vat.dbf; binary mask value 1 = Spartina, background/nodata 255; VAT Class_name = UTF-8 互花米草",Krasovsky_1940_Albers; 30 m pixels; 43575x70184,577657,519.8913,10.12041/geodata.254533427778392.ver1.db,17099.11.G254533427778392.20220225.v1,"National Earth System Science Data Center / geodata.cn (Black Soil and Wetland sub-center, NEIGAE CAS; contact 宋春雨 northeast.data@iga.ac.cn per portal)",2020年中国滨海30m分辨率互花米草空间分布动态数据集-数据实体.rar,695700,c37bffcdfeffb0dff6d110043f3fd33bb086b8a6b5909c4d3e1915ab5daa2bb1,docs/audit/source_passports/geodata_family_2026-10_intake.json,GEODATA-SPARTINA-2020-30M,"MAJOR (resolved for bytes, open at portal): landing-page title/filename/VAT say Spartina 2020 30 m, but abstract describes 2020 mangrove (红树林) with mangrove keywords, a 1980 Pearl River Delta mangrove sentence and mangrove citations (Jia et al. 2019): copy-paste boilerplate defect","CONTRADICTION RESOLVED FOR DELIVERED BYTES: filename/title Spartina; VAT Class_name 互花米草; positive pixels reach 39.35N with ~13.3% of pixels at 36-42N (incompatible with mangrove biogeography); distribution matches Spartina coast pattern. Archive size matches portal listing (679.39 KiB). Owner to ask provider to correct the portal record; do not silently fix it. WGS84 footprint 108.13-124.21E 21.00-38.46N. 539128 KEEP, 760 PROVISIONAL, 37769 OUTSIDE_GRID (within 7.1 km of corridor edge, 31.15-38.14N); 0 EXCLUDE."
NESDC-CMSA-2017,CMSA,2017,ACQUIRED,OWNER_DELIVERED_PURPOSE_REGISTRATION (NESDC purpose statement; JWT not stored),VERIFIED,VERIFIED_SPARTINA,CC-BY-NC-4.0 (declared on NESDC record; attribution to NESDC plus Li/Tian/Li 2024 required),TRUE,NO_REFERENCE_ONLY,TRUE_AS_EXTERNAL_REFERENCE,ATTRIBUTION_NC_ONLY,SILVER,FALSE,ESRI Shapefile Polygon/MultiPolygon (dbf/prj/shp/shx); fields Id/gridcode/Area_ha/geometry; vector polygons exported from a 10 m source raster (polygon boundaries are NOT themselves a 10 m geometric resolution),EPSG:32650 WGS84 UTM Zone 50N,5341 features total (49 gridcode-0); 125 self-intersecting polygons,494.69 (gridcode 2 only; all-feature total 495.59),10.12199/nesdc.ecodb.mon.2026.013,15732.11.nesdc.ecodb.mon.2026.017,National Ecosystem Science Data Center (NESDC); producers 李夏荣/田金炎 tjyremote@126.com,中国大陆2017-2021互花米草CMSA.zip,6455174,5876d9780cf581cf0ee3a35362ef08586463318afa62725ac50476ecfd16b897,docs/audit/source_passports/cmsa_family_2026-10_intake.json,NESDC-CMSA-2017,"gridcode=0 feature semantics UNKNOWN (0.89 km2 across 49 features; likely low-confidence/uncertain class, TODO_VERIFY, excluded from positive area); Id is not a unique key (49 duplicate-value rows); 125 invalid (self-intersecting) geometries; 0 slivers <100 m2; XLS metadata says GeoTIFF/38MB but delivered entities are shapefile vectors","DeepLabv3+ trained on 2020 Sentinel-2 with transfer learning to other years (Li, Tian, Li et al. 2024 IJRS 45:3172-3199, DOI 10.1080/01431161.2024.2343136). Area_ha exactly equals geometry area/1e4. 458.386 km2 in KEEP cells, 0.028 PROVISIONAL, 34.87 OUTSIDE_GRID (19 features within 3.3 km of corridor edge); 0 EXCLUDE."
NESDC-CMSA-2018,CMSA,2018,ACQUIRED,OWNER_DELIVERED_PURPOSE_REGISTRATION (NESDC purpose statement; JWT not stored),VERIFIED,VERIFIED_SPARTINA,CC-BY-NC-4.0 (declared on NESDC record; attribution to NESDC plus Li/Tian/Li 2024 required),TRUE,NO_REFERENCE_ONLY,TRUE_AS_EXTERNAL_REFERENCE,ATTRIBUTION_NC_ONLY,SILVER,FALSE,ESRI Shapefile Polygon/MultiPolygon (dbf/prj/shp/shx); fields Id/gridcode/Area_ha/geometry; vector polygons exported from a 10 m source raster (polygon boundaries are NOT themselves a 10 m geometric resolution),EPSG:32650 WGS84 UTM Zone 50N,5985 features total (53 gridcode-0); 162 self-intersecting polygons,504.31 (gridcode 2 only; all-feature total 506.87),10.12199/nesdc.ecodb.mon.2026.013,15732.11.nesdc.ecodb.mon.2026.017,National Ecosystem Science Data Center (NESDC); producers 李夏荣/田金炎 tjyremote@126.com,中国大陆2017-2021互花米草CMSA.zip,6455174,5876d9780cf581cf0ee3a35362ef08586463318afa62725ac50476ecfd16b897,docs/audit/source_passports/cmsa_family_2026-10_intake.json,NESDC-CMSA-2018,"gridcode=0 feature semantics UNKNOWN (2.56 km2 across 53 features; likely low-confidence/uncertain class, TODO_VERIFY, excluded from positive area); Id is not a unique key (75 duplicate-value rows); 162 invalid (self-intersecting) geometries; 7 slivers <100 m2; XLS metadata says GeoTIFF/38MB but delivered entities are shapefile vectors","DeepLabv3+ trained on 2020 Sentinel-2 with transfer learning to other years (Li, Tian, Li et al. 2024 IJRS 45:3172-3199, DOI 10.1080/01431161.2024.2343136). Area_ha exactly equals geometry area/1e4. 465.041 km2 in KEEP cells, 0.014 PROVISIONAL, 37.796 OUTSIDE_GRID (15 features within 2.9 km of corridor edge); 0 EXCLUDE."
NESDC-CMSA-2019,CMSA,2019,ACQUIRED,OWNER_DELIVERED_PURPOSE_REGISTRATION (NESDC purpose statement; JWT not stored),VERIFIED,VERIFIED_SPARTINA,CC-BY-NC-4.0 (declared on NESDC record; attribution to NESDC plus Li/Tian/Li 2024 required),TRUE,NO_REFERENCE_ONLY,TRUE_AS_EXTERNAL_REFERENCE,ATTRIBUTION_NC_ONLY,SILVER,FALSE,ESRI Shapefile Polygon/MultiPolygon (dbf/prj/shp/shx); fields Id/gridcode/Area_ha/geometry; vector polygons exported from a 10 m source raster (polygon boundaries are NOT themselves a 10 m geometric resolution),EPSG:32650 WGS84 UTM Zone 50N,6097 features total (62 gridcode-0); 186 self-intersecting polygons,532.99 (gridcode 2 only; all-feature total 539.95),10.12199/nesdc.ecodb.mon.2026.013,15732.11.nesdc.ecodb.mon.2026.017,National Ecosystem Science Data Center (NESDC); producers 李夏荣/田金炎 tjyremote@126.com,中国大陆2017-2021互花米草CMSA.zip,6455174,5876d9780cf581cf0ee3a35362ef08586463318afa62725ac50476ecfd16b897,docs/audit/source_passports/cmsa_family_2026-10_intake.json,NESDC-CMSA-2019,"gridcode=0 feature semantics UNKNOWN (6.96 km2 across 62 features; likely low-confidence/uncertain class, TODO_VERIFY, excluded from positive area); Id is not a unique key (114 duplicate-value rows); 186 invalid (self-intersecting) geometries; 19 slivers <100 m2; XLS metadata says GeoTIFF/38MB but delivered entities are shapefile vectors","DeepLabv3+ trained on 2020 Sentinel-2 with transfer learning to other years (Li, Tian, Li et al. 2024 IJRS 45:3172-3199, DOI 10.1080/01431161.2024.2343136). Area_ha exactly equals geometry area/1e4. 492.94 km2 in KEEP cells, 0.071 PROVISIONAL, 38.431 OUTSIDE_GRID (33 features within 3.0 km of corridor edge); 0 EXCLUDE. Legacy small WGS84 subset of this year under old datasets/spartinatest/ (78 features) is an unrelated working extract, NOT the official product."
NESDC-CMSA-2020,CMSA,2020,ACQUIRED,OWNER_DELIVERED_PURPOSE_REGISTRATION (NESDC purpose statement; JWT not stored),VERIFIED,VERIFIED_SPARTINA,CC-BY-NC-4.0 (declared on NESDC record; attribution to NESDC plus Li/Tian/Li 2024 required),TRUE,NO_REFERENCE_ONLY,TRUE_AS_EXTERNAL_REFERENCE,ATTRIBUTION_NC_ONLY,SILVER,FALSE,ESRI Shapefile Polygon/MultiPolygon (dbf/prj/shp/shx); fields Id/gridcode/Area_ha/geometry; vector polygons exported from a 10 m source raster (polygon boundaries are NOT themselves a 10 m geometric resolution),EPSG:32650 WGS84 UTM Zone 50N,8914 features total (50 gridcode-0); 499 self-intersecting polygons,571.35 (gridcode 2 only; all-feature total 574.15),10.12199/nesdc.ecodb.mon.2026.013,15732.11.nesdc.ecodb.mon.2026.017,National Ecosystem Science Data Center (NESDC); producers 李夏荣/田金炎 tjyremote@126.com,中国大陆2017-2021互花米草CMSA.zip,6455174,5876d9780cf581cf0ee3a35362ef08586463318afa62725ac50476ecfd16b897,docs/audit/source_passports/cmsa_family_2026-10_intake.json,NESDC-CMSA-2020,"gridcode=0 feature semantics UNKNOWN (2.8 km2 across 50 features; likely low-confidence/uncertain class, TODO_VERIFY, excluded from positive area); Id is not a unique key (119 duplicate-value rows); 499 invalid (self-intersecting) geometries; 22 slivers <100 m2; XLS metadata says GeoTIFF/38MB but delivered entities are shapefile vectors","DeepLabv3+ trained on 2020 Sentinel-2 with transfer learning to other years (Li, Tian, Li et al. 2024 IJRS 45:3172-3199, DOI 10.1080/01431161.2024.2343136). Area_ha exactly equals geometry area/1e4. 530.499 km2 in KEEP cells, 0.063 PROVISIONAL, 39.12 OUTSIDE_GRID (14 features within 3.0 km of corridor edge); 0 EXCLUDE. Baseline DeepLabv3+ training year. Cell-level Spearman area correlation 0.875 with CM-SSM 2020 and 0.761 with GEODATA 2020; 274 W10 cells contain all three 2020 products."
NESDC-CMSA-2021,CMSA,2021,ACQUIRED,OWNER_DELIVERED_PURPOSE_REGISTRATION (NESDC purpose statement; JWT not stored),VERIFIED,VERIFIED_SPARTINA,CC-BY-NC-4.0 (declared on NESDC record; attribution to NESDC plus Li/Tian/Li 2024 required),TRUE,NO_REFERENCE_ONLY,TRUE_AS_EXTERNAL_REFERENCE,ATTRIBUTION_NC_ONLY,SILVER,FALSE,ESRI Shapefile Polygon/MultiPolygon (dbf/prj/shp/shx); fields Id/gridcode/Area_ha/geometry; vector polygons exported from a 10 m source raster (polygon boundaries are NOT themselves a 10 m geometric resolution),EPSG:32650 WGS84 UTM Zone 50N,6295 features total (18 gridcode-0); 253 self-intersecting polygons,586.51 (gridcode 2 only; all-feature total 586.63),10.12199/nesdc.ecodb.mon.2026.013,15732.11.nesdc.ecodb.mon.2026.017,National Ecosystem Science Data Center (NESDC); producers 李夏荣/田金炎 tjyremote@126.com,中国大陆2017-2021互花米草CMSA.zip,6455174,5876d9780cf581cf0ee3a35362ef08586463318afa62725ac50476ecfd16b897,docs/audit/source_passports/cmsa_family_2026-10_intake.json,NESDC-CMSA-2021,"gridcode=0 feature semantics UNKNOWN (0.11 km2 across 18 features; likely low-confidence/uncertain class, TODO_VERIFY, excluded from positive area); Id is not a unique key (24 duplicate-value rows); 253 invalid (self-intersecting) geometries; 1 slivers <100 m2; XLS metadata says GeoTIFF/38MB but delivered entities are shapefile vectors","DeepLabv3+ trained on 2020 Sentinel-2 with transfer learning to other years (Li, Tian, Li et al. 2024 IJRS 45:3172-3199, DOI 10.1080/01431161.2024.2343136). Area_ha exactly equals geometry area/1e4. 540.251 km2 in KEEP cells, 0.158 PROVISIONAL, 44.383 OUTSIDE_GRID (12 features within 3.0 km of corridor edge); 0 EXCLUDE."
ZENODO-CM-SSM-2020,CM-SSM,2020,DOWNLOADED,OPEN_ZENODO (HTTPS; NESDC mirror exists),VERIFIED,VERIFIED_SPARTINA,SOURCE_LICENSE_CONFLICT (Zenodo/DataCite CC-BY-4.0 vs NESDC mirror CC-BY-NC-4.0; permissive term NOT auto-selected),TRUE,NO_REFERENCE_ONLY,TRUE_AS_EXTERNAL_REFERENCE,UNKNOWN_PENDING_CONTRIBUTOR_CLARIFICATION,SILVER,FALSE,ESRI Shapefile Polygon; fields Id/name(province)/area(ha); 0.9 m Google Earth RGB plus 10 m Sentinel-2 phenological features; OSPPF segmentation + Random Forest (200 trees) + manual refinement,EPSG:32650,148072 polygons,593.7098,10.5281/zenodo.16296823,15732.11.nesdc.ecodb.mon.2026.014,"Zenodo (Xu Meng, Tian Jinyan, Zhou Bingfeng, Capital Normal University); NESDC mirror",CM-SSM.zip (pre-existing verified record; not part of this intake),77339180,93411e765d185b5ae48a84850a1773776e6308bd56a433fa553c23dc49b66238,docs/audit/source_passports/cm_ssm_2020_zenodo.json,ZENODO-CM-SSM-2020,2402 self-intersecting rings; 100455 features < 100 m2 (per prior byte-verified audit),"Record unchanged by this intake (Phase G). REPORTED OA 96.76% / F1 0.95 (ESSD 2025 17:6601; paper-held, not independently re-derived). 572.586 km2 KEEP, 0.565 PROVISIONAL, 18.608 OUTSIDE_GRID; 0 EXCLUDE."
