product_id,year,temporal_semantics,resolution,domain,format,projection,source_imagery,classification_method,training_reference_method,reported_accuracy,mapped_area,feature_count,doi,cstr,publisher,license,scientific_analysis_allowed,internal_training_allowed,validation_allowed,redistribution_allowed,derived_model_release_status,local_copy_status,sha256,provenance_status,access_status,size_bytes,evidence_url,notes
GEODATA-SPARTINA-1990,1990,single-year national snapshot (year semantics TODO_VERIFY against portal pages),UNKNOWN (order-blocked; portal pages not bypassed),national China coastal,UNKNOWN,UNKNOWN,UNKNOWN (early Landsat era; not verified),UNKNOWN,UNKNOWN,UNKNOWN,UNKNOWN,UNKNOWN,10.12041/geodata.195159798810196.ver1.db,UNKNOWN,National Earth System Science Data Center / geodata.cn (portal page),PORTAL_PLATFORM_TERMS_ONLY,UNKNOWN,UNKNOWN,UNKNOWN,UNKNOWN,UNKNOWN,NONE,UNKNOWN,PORTAL_METADATA_ONLY,BLOCKED_BY_ORDER,241152 (0.23 MiB portal listing),https://doi.org/10.12041/geodata.195159798810196.ver1.db,"Order-required portal product; metadata captured from public landing page only, login/order wall never bypassed; existence verified, contents unverified."
GEODATA-SPARTINA-2000,2000,single-year national snapshot (year semantics TODO_VERIFY),UNKNOWN,national China coastal,UNKNOWN,Krasovsky_1940_Albers (portal metadata),UNKNOWN (Landsat era; not verified),"OBIA (object-based image analysis, portal metadata)",UNKNOWN,UNKNOWN,UNKNOWN,UNKNOWN,10.12041/geodata.140184217931452.ver1.db,UNKNOWN,National Earth System Science Data Center / geodata.cn,PORTAL_PLATFORM_TERMS_ONLY,UNKNOWN,UNKNOWN,UNKNOWN,UNKNOWN,UNKNOWN,NONE,UNKNOWN,PORTAL_METADATA_ONLY,BLOCKED_BY_ORDER,606208 (592 KiB portal listing),https://doi.org/10.12041/geodata.140184217931452.ver1.db,"Order-required portal product; only public landing-page metadata captured, unverified beyond it."
GEODATA-SPARTINA-2015,2015,single-year national map (2015),30 m,national China coastal (EPSG:32650 raster footprint),"GeoTIFF BigTIFF int16, single band, value 1 = Spartina",EPSG:32650 WGS 1984 UTM Zone 50N,Landsat-8 OLI (2015; portal metadata + Mao 2019 Sensors 19:2308),eCognition OBIA + SVM + expert editing (portal metadata; Mao 2019),field samples + expert editing (reported; not independently verified),OA 92% (reported by product/paper; NOT independently verified),"547.4583 km2 (608287 positive pixels x 900 m2, measured from local raster)",608287 positive pixels (measured),10.12041/geodata.65372070926827.ver1.db,17099.11.G65372070926827.20200918.v1,"Northeast Institute of Geography and Agroecology, CAS (Wang Zongming / Mao Dehua / Jia Mingming) via geodata.cn",PORTAL_PLATFORM_TERMS_ONLY,UNKNOWN,UNKNOWN,UNKNOWN,UNKNOWN,UNKNOWN,PRESENT_IGNORED_BYTES,"UNKNOWN (local raster hash TODO: bytes under ignored old datasets/, not yet hashed in a passport)",RELATIONSHIP_UNKNOWN,LOCAL_COPY_PRESENT,"665 KiB (portal listing, compressed); local extracted BigTIFF ~6.1 GB",https://doi.org/10.12041/geodata.65372070926827.ver1.db,"SILVER-tier published map. Local copy exists in old datasets/ and is used read-only for strata geometry, but byte-identity to the geodata.cn ordered archive has NOT been verified; statistics recomputed by us, reported OA not re-derived. Related: Mao et al. 2019 Sensors 19:2308; Liu/Jia 2018 Remote Sensing 10:1933."
GEODATA-SPARTINA-2020-30M,2020,UNKNOWN (metadata contradiction),30 m (title metadata),national (title metadata),UNKNOWN,UNKNOWN,UNKNOWN,UNKNOWN,UNKNOWN,UNKNOWN,UNKNOWN,UNKNOWN,10.12041/geodata.254533427778392.ver1.db,UNKNOWN,geodata.cn,PORTAL_PLATFORM_TERMS_ONLY,UNKNOWN,UNKNOWN,UNKNOWN,UNKNOWN,UNKNOWN,NONE,UNKNOWN,PORTAL_METADATA_ONLY,EXISTS_WITH_METADATA_CONTRADICTION,UNKNOWN,https://doi.org/10.12041/geodata.254533427778392.ver1.db,Portal title describes a 30 m Spartina 2020 product but the abstract describes mangrove; do not treat as a Spartina product until portal clarification (TODO_VERIFY).
NESDC-CMSA-2017,2017,annual national Spartina map 2017 (DeepLabv3+ transfer from 2020 model); per-year entity content not audited,10 m,national China (10 m GeoTIFF per portal metadata),GeoTIFF (zip archive; per-year contents NOT audited),UNKNOWN (TODO_VERIFY inside archive),Sentinel-2 (2020 training year; transferred to other years per Li/Tian/Li 2024 IJRS),"DeepLabv3+ deep semantic segmentation (Li, Tian, Li et al., Int. J. Remote Sens. 45:3172-3199, 2024)",UNKNOWN (paper details TODO_VERIFY),UNKNOWN (per-year metrics not captured; paper 10.1080/0143116.2024.2343136 TODO_VERIFY),"UNKNOWN (portal does not state per-year area; do not use 58,006 ha as this product's area)",UNKNOWN,10.12199/nesdc.ecodb.mon.2026.013,15732.11.nesdc.ecodb.mon.2026.017,"National Earth System Science Data Center (NESDC), resource 69f0b23d7e28174acdb871ae",CC_BY_NC_4_0 (declared on NESDC landing page),TRUE,UNKNOWN,TRUE,UNKNOWN,BLOCKED_NC (CC BY-NC: non-commercial only),NONE,UNKNOWN,PORTAL_METADATA_ONLY,OPEN_WITH_PURPOSE_REGISTRATION,"6610000000 aggregate zip '中国大陆2017-2021互花米草CMSA.zip' (6.1561 GB, 1 file, portal listing); per-year size UNKNOWN",https://www.nesdc.org.cn/ (resource id 69f0b23d7e28174acdb871ae; download requires JWT + purpose declaration),"Per-year registration required by project policy; the 6.16 GB aggregate archive was NOT downloaded in M0/M1 (no bulk download). Portal metadata defect: temporalCoverage text says 2017-2020 while title/description say 2017-2021 (TODO_VERIFY). 58,006 ha quoted in the CM-SSM paper is a comparator figure, not a per-year measured area here."
NESDC-CMSA-2018,2018,annual national Spartina map 2018 (DeepLabv3+ transfer from 2020 model); per-year entity content not audited,10 m,national China (10 m GeoTIFF per portal metadata),GeoTIFF (zip archive; per-year contents NOT audited),UNKNOWN (TODO_VERIFY inside archive),Sentinel-2 (2020 training year; transferred to other years per Li/Tian/Li 2024 IJRS),"DeepLabv3+ deep semantic segmentation (Li, Tian, Li et al., Int. J. Remote Sens. 45:3172-3199, 2024)",UNKNOWN (paper details TODO_VERIFY),UNKNOWN (per-year metrics not captured; paper 10.1080/0143116.2024.2343136 TODO_VERIFY),"UNKNOWN (portal does not state per-year area; do not use 58,006 ha as this product's area)",UNKNOWN,10.12199/nesdc.ecodb.mon.2026.013,15732.11.nesdc.ecodb.mon.2026.017,"National Earth System Science Data Center (NESDC), resource 69f0b23d7e28174acdb871ae",CC_BY_NC_4_0 (declared on NESDC landing page),TRUE,UNKNOWN,TRUE,UNKNOWN,BLOCKED_NC (CC BY-NC: non-commercial only),NONE,UNKNOWN,PORTAL_METADATA_ONLY,OPEN_WITH_PURPOSE_REGISTRATION,UNKNOWN (per-year split inside 6.1561 GB zip not audited),https://www.nesdc.org.cn/ (resource id 69f0b23d7e28174acdb871ae; download requires JWT + purpose declaration),"Per-year registration required by project policy; the 6.16 GB aggregate archive was NOT downloaded in M0/M1 (no bulk download). 58,006 ha quoted in the CM-SSM paper is a comparator figure, not a per-year measured area here."
NESDC-CMSA-2019,2019,annual national Spartina map 2019 (DeepLabv3+ transfer from 2020 model); per-year entity content not audited,10 m,national China (10 m GeoTIFF per portal metadata),GeoTIFF (zip archive; per-year contents NOT audited),UNKNOWN (TODO_VERIFY inside archive),Sentinel-2 (2020 training year; transferred to other years per Li/Tian/Li 2024 IJRS),"DeepLabv3+ deep semantic segmentation (Li, Tian, Li et al., Int. J. Remote Sens. 45:3172-3199, 2024)",UNKNOWN (paper details TODO_VERIFY),UNKNOWN (per-year metrics not captured; paper 10.1080/0143116.2024.2343136 TODO_VERIFY),"UNKNOWN (portal does not state per-year area; do not use 58,006 ha as this product's area)",UNKNOWN,10.12199/nesdc.ecodb.mon.2026.013,15732.11.nesdc.ecodb.mon.2026.017,"National Earth System Science Data Center (NESDC), resource 69f0b23d7e28174acdb871ae",CC_BY_NC_4_0 (declared on NESDC landing page),TRUE,UNKNOWN,TRUE,UNKNOWN,BLOCKED_NC (CC BY-NC: non-commercial only),NONE,UNKNOWN,PORTAL_METADATA_ONLY,OPEN_WITH_PURPOSE_REGISTRATION,UNKNOWN (per-year split inside 6.1561 GB zip not audited),https://www.nesdc.org.cn/ (resource id 69f0b23d7e28174acdb871ae; download requires JWT + purpose declaration),"Per-year registration required by project policy; the 6.16 GB aggregate archive was NOT downloaded in M0/M1 (no bulk download). 58,006 ha quoted in the CM-SSM paper is a comparator figure, not a per-year measured area here."
NESDC-CMSA-2020,2020,annual national Spartina map 2020 (DeepLabv3+ transfer from 2020 model); per-year entity content not audited,10 m,national China (10 m GeoTIFF per portal metadata),GeoTIFF (zip archive; per-year contents NOT audited),UNKNOWN (TODO_VERIFY inside archive),Sentinel-2 (2020 training year; transferred to other years per Li/Tian/Li 2024 IJRS),"DeepLabv3+ deep semantic segmentation (Li, Tian, Li et al., Int. J. Remote Sens. 45:3172-3199, 2024)",UNKNOWN (paper details TODO_VERIFY),UNKNOWN (per-year metrics not captured; paper 10.1080/0143116.2024.2343136 TODO_VERIFY),"UNKNOWN (portal does not state per-year area; do not use 58,006 ha as this product's area)",UNKNOWN,10.12199/nesdc.ecodb.mon.2026.013,15732.11.nesdc.ecodb.mon.2026.017,"National Earth System Science Data Center (NESDC), resource 69f0b23d7e28174acdb871ae",CC_BY_NC_4_0 (declared on NESDC landing page),TRUE,UNKNOWN,TRUE,UNKNOWN,BLOCKED_NC (CC BY-NC: non-commercial only),NONE,UNKNOWN,PORTAL_METADATA_ONLY,OPEN_WITH_PURPOSE_REGISTRATION,UNKNOWN (per-year split inside 6.1561 GB zip not audited),https://www.nesdc.org.cn/ (resource id 69f0b23d7e28174acdb871ae; download requires JWT + purpose declaration),"Per-year registration required by project policy; the 6.16 GB aggregate archive was NOT downloaded in M0/M1 (no bulk download). 58,006 ha quoted in the CM-SSM paper is a comparator figure, not a per-year measured area here."
NESDC-CMSA-2021,2021,annual national Spartina map 2021 (DeepLabv3+ transfer from 2020 model); per-year entity content not audited,10 m,national China (10 m GeoTIFF per portal metadata),GeoTIFF (zip archive; per-year contents NOT audited),UNKNOWN (TODO_VERIFY inside archive),Sentinel-2 (2020 training year; transferred to other years per Li/Tian/Li 2024 IJRS),"DeepLabv3+ deep semantic segmentation (Li, Tian, Li et al., Int. J. Remote Sens. 45:3172-3199, 2024)",UNKNOWN (paper details TODO_VERIFY),UNKNOWN (per-year metrics not captured; paper 10.1080/0143116.2024.2343136 TODO_VERIFY),"UNKNOWN (portal does not state per-year area; do not use 58,006 ha as this product's area)",UNKNOWN,10.12199/nesdc.ecodb.mon.2026.013,15732.11.nesdc.ecodb.mon.2026.017,"National Earth System Science Data Center (NESDC), resource 69f0b23d7e28174acdb871ae",CC_BY_NC_4_0 (declared on NESDC landing page),TRUE,UNKNOWN,TRUE,UNKNOWN,BLOCKED_NC (CC BY-NC: non-commercial only),NONE,UNKNOWN,PORTAL_METADATA_ONLY,OPEN_WITH_PURPOSE_REGISTRATION,UNKNOWN (per-year split inside 6.1561 GB zip not audited),https://www.nesdc.org.cn/ (resource id 69f0b23d7e28174acdb871ae; download requires JWT + purpose declaration),"Per-year registration required by project policy; the 6.16 GB aggregate archive was NOT downloaded in M0/M1 (no bulk download). 58,006 ha quoted in the CM-SSM paper is a comparator figure, not a per-year measured area here."
ZENODO-CM-SSM-2020,2020,single-year national sub-meter map (2020; Google Earth imagery fallback to 2019/2021 where needed),0.9 m (Google Earth RGB) with 10 m Sentinel-2 phenological feature inputs,national mainland China coastal (148072 polygons across 9 provinces),"ESRI Shapefile polygon, fields Id/name(province)/area(ha)",EPSG:32650 WGS 84 / UTM zone 50N,"Sentinel-2 phenological features (15 bands incl. NGBDI/NGRDI, greenness-to-senescence) + Google Earth 0.9 m RGB 2020 low-tide cloud-free (2019/2021 fallback)",OSPPF: multi-scale object-based segmentation + Random Forest (200 trees) + manual refinement (ESSD 2025),"1396 field DGPS points (661 Spartina / 735 non) at Beibu Gulf, Jiulong River estuary, Zhangjiang estuary; 7:3 split (reported in paper)","OA 96.76%, F1 0.95 (reported; paper-held, not independently re-derived by us)","59,370.98 ha (593.7098 km2; recomputed by us from geometry, matches paper's 59,371 ha)",148072 polygons (measured by us; 2402 self-intersecting rings; 100455 features < 100 m2),10.5281/zenodo.16296823,15732.11.nesdc.ecodb.mon.2026.014 (NESDC mirror of same DOI),"Zenodo (Xu Meng, Tian Jinyan, Zhou Bingfeng, Capital Normal University); NESDC mirror exists",SOURCE_LICENSE_CONFLICT,TRUE,UNKNOWN,TRUE,UNKNOWN,UNKNOWN,PRESENT_VERIFIED,93411e765d185b5ae48a84850a1773776e6308bd56a433fa553c23dc49b66238 (CM-SSM.zip); components hashed in SOURCE_PASSPORT.json,VERIFIED_CM_SSM_2020,DOWNLOADED,"77339180 (CM-SSM.zip, md5 f1f2592ca5d965fa8bf6a008a3fa1a73)",https://zenodo.org/records/16296823,"Official archive byte-verified; local old-datasets copy byte-identical on all 8 components (see docs/audit/vector_reports/30mSpartinaChina__2020__CM-SSM__OFFICIAL_IDENTITY.json). SOURCE_LICENSE_CONFLICT: Zenodo/DataCite declare CC-BY-4.0, NESDC mirror declares CC-BY-NC-4.0 for the same DOI; permissive license not auto-selected, commercial rights UNKNOWN pending contributor clarification. Paper: 10.5194/essd-17-6601-2025 (CC BY 4.0). SILVER tier (published map), not GOLD."
