cell_id,domain_version,membership_v1_1,production_eligible,region_province,region_rule,coastal_segment,land_class_frozen,design_land_class,label_stratum,silver_2015_positive,cmsa_positive_history,cmssm_2020_positive_stratum,geodata_2020_positive_30m,cmsa_2020_positive_30m,cmssm_2020_positive_30m,cmsa_2020_positive_10m,cmssm_2020_positive_10m,agreement_category_2020,geodata_2020_area_km2_30m,cmsa_2020_area_km2_30m,cmssm_2020_area_km2_30m,center_lon,center_lat,n_wrs_frames_design,n_mgrs_tiles_design,n_mgrs_zones_design,reason_for_inclusion,landsat5_1990,landsat5_2000,landsat8_2015,sentinel1_2015,sentinel2_2015,landsat8_2020,sentinel1_2020,sentinel2_2020,sentinel1_2021,sentinel2_2021,landsat8_2021
CNA10K-R00334-C00163,W10_DOMAIN_V1_CORE_FROZEN,KEEP_MAINLAND_COASTAL,True,Zhejiang,UNIQUE_NEAREST_PROVINCE_LE_25KM,EAST_CHINA_SEA,MAINLAND_PLUS_NEARSHORE_ISLAND,MAINLAND_AND_ISLAND,MULTI_PRODUCT_SILVER_POSITIVE,True,False,True,True,True,True,True,True,ALL_THREE_PRESENT,0.0369,0.0308,0.2393,122.293353,30.27268,2,1,1,stratum:MULTI_PRODUCT_SILVER_POSITIVE,24,33,31,19,1,27,55,73,56,73,30
CNA10K-R00311-C00156,W10_DOMAIN_V1_CORE_FROZEN,KEEP_MAINLAND_COASTAL,True,Zhejiang,UNIQUE_NEAREST_PROVINCE_LE_25KM,EAST_CHINA_SEA,MAINLAND_PLUS_NEARSHORE_ISLAND,MAINLAND_AND_ISLAND,MULTI_PRODUCT_SILVER_POSITIVE,True,False,True,True,True,True,True,True,ALL_THREE_PRESENT,1.2357,4.3501,5.8804,121.173863,28.353551,1,1,1,stratum:MULTI_PRODUCT_SILVER_POSITIVE,12,17,17,26,1,15,68,146,61,146,17
CNA10K-R00349-C00154,W10_DOMAIN_V1_CORE_FROZEN,KEEP_MAINLAND_COASTAL,True,Jiangsu,UNIQUE_NEAREST_PROVINCE_LE_25KM,YELLOW_SEA,MAINLAND,MAINLAND,MULTI_PRODUCT_SILVER_POSITIVE,True,False,True,True,True,True,True,True,ALL_THREE_PRESENT,3.618,2.7849,5.716,121.622531,31.723897,1,2,1,stratum:MULTI_PRODUCT_SILVER_POSITIVE,14,13,17,19,1,14,56,147,57,146,17
CNA10K-R00413-C00121,W10_DOMAIN_V1_CORE_FROZEN,KEEP_MAINLAND_COASTAL,True,Shandong,CENTROID_WITHIN_PROVINCE,BOHAI_YELLOW_SEA,MAINLAND,MAINLAND,SILVER_2015_POSITIVE_ONLY,True,False,False,True,True,False,True,False,GEODATA_CMSA_ONLY,1.1178,1.2383,0.0,119.093575,37.776532,1,1,1,stratum:SILVER_2015_POSITIVE_ONLY,15,16,21,6,3,19,131,144,130,147,20
CNA10K-R00391-C00132,W10_DOMAIN_V1_CORE_FROZEN,KEEP_MAINLAND_COASTAL,True,Shandong,UNIQUE_NEAREST_PROVINCE_LE_25KM,BOHAI_YELLOW_SEA,MAINLAND,MAINLAND,SILVER_2015_POSITIVE_ONLY,True,False,False,False,False,False,False,False,NONE_PRESENT,0.0,0.0,0.0,119.968822,35.70909,1,2,2,stratum:SILVER_2015_POSITIVE_ONLY,18,18,15,8,4,19,159,155,152,155,20
CNA10K-R00331-C00150,W10_DOMAIN_V1_CORE_FROZEN,KEEP_MAINLAND_COASTAL,True,Zhejiang,UNIQUE_NEAREST_PROVINCE_LE_25KM,EAST_CHINA_SEA,MAINLAND,MAINLAND,SILVER_2015_POSITIVE_ONLY,True,False,False,True,False,False,False,False,GEODATA_ONLY,0.2574,0.0,0.0,120.892411,30.201798,2,2,1,stratum:SILVER_2015_POSITIVE_ONLY,26,37,32,28,3,32,89,150,87,148,32
CNA10K-R00347-C00151,W10_DOMAIN_V1_CORE_FROZEN,KEEP_MAINLAND_COASTAL,True,Jiangsu,UNIQUE_NEAREST_PROVINCE_LE_25KM,YELLOW_SEA,MAINLAND,MAINLAND,CMSSM_2020_POSITIVE_ONLY,False,False,True,False,False,True,False,True,CMSSM_ONLY,0.0,0.0,1.1158,121.270631,31.592556,2,3,1,stratum:CMSSM_2020_POSITIVE_ONLY,24,35,31,19,3,32,85,162,86,160,34
CNA10K-R00236-C00083,W10_DOMAIN_V1_CORE_FROZEN,KEEP_MAINLAND_COASTAL,True,Guangdong,CENTROID_WITHIN_PROVINCE,SOUTH_CHINA_SEA,MAINLAND,MAINLAND,CMSSM_2020_POSITIVE_ONLY,False,False,True,False,True,True,True,True,CMSA_CMSSM_PRESENT,0.0,0.2204,0.0904,113.053209,22.435787,2,1,1,stratum:CMSSM_2020_POSITIVE_ONLY,19,34,36,15,0,28,29,71,33,74,33
CNA10K-R00346-C00154,W10_DOMAIN_V1_CORE_FROZEN,KEEP_MAINLAND_COASTAL,True,Shanghai,UNIQUE_NEAREST_PROVINCE_LE_25KM,EAST_CHINA_SEA,MAINLAND,MAINLAND,CMSSM_2020_POSITIVE_ONLY,False,False,True,False,False,True,False,True,CMSSM_ONLY,0.0,0.0,0.0126,121.569164,31.460978,1,1,1,stratum:CMSSM_2020_POSITIVE_ONLY,14,13,17,17,2,14,56,147,57,147,17
CNA10K-R00264-C00132,W10_DOMAIN_V1_CORE_FROZEN,KEEP_MAINLAND_COASTAL,True,Fujian,CENTROID_WITHIN_PROVINCE,TAIWAN_STRAIT,MAINLAND_PLUS_NEARSHORE_ISLAND,MAINLAND_AND_ISLAND,NEAR_SILVER_UNLABELED,False,False,False,True,False,False,False,False,GEODATA_ONLY,0.09,0.0,0.0,118.089678,24.490012,1,1,1,stratum:NEAR_SILVER_UNLABELED,9,13,14,32,1,19,61,73,61,73,16
CNA10K-R00388-C00129,W10_DOMAIN_V1_CORE_FROZEN,KEEP_MAINLAND_COASTAL,True,Shandong,CENTROID_WITHIN_PROVINCE,BOHAI_YELLOW_SEA,MAINLAND_PLUS_NEARSHORE_ISLAND,MAINLAND_AND_ISLAND,NEAR_SILVER_UNLABELED,False,False,False,False,False,False,False,False,NONE_PRESENT,0.0,0.0,0.0,119.5854,35.485899,1,1,1,stratum:NEAR_SILVER_UNLABELED,18,18,15,6,4,19,134,145,132,150,20
CNA10K-R00411-C00151,W10_DOMAIN_V1_CORE_FROZEN,KEEP_MAINLAND_COASTAL,True,Shandong,CENTROID_WITHIN_PROVINCE,BOHAI_YELLOW_SEA,MAINLAND,MAINLAND,NEAR_SILVER_UNLABELED,False,False,False,False,False,False,False,False,NONE_PRESENT,0.0,0.0,0.0,122.468425,37.181703,2,1,1,stratum:NEAR_SILVER_UNLABELED,27,39,37,3,0,35,78,145,85,146,41
CNA10K-R00417-C00135,W10_DOMAIN_V1_CORE_FROZEN,KEEP_MAINLAND_COASTAL,True,Shandong,UNIQUE_NEAREST_PROVINCE_LE_25KM,BOHAI_YELLOW_SEA,MAINLAND,MAINLAND,UNLABELED_COASTAL,False,False,False,False,False,False,False,False,NONE_PRESENT,0.0,0.0,0.0,120.764916,37.940862,1,4,1,stratum:UNLABELED_COASTAL,18,19,16,7,2,18,126,175,130,181,19
CNA10K-R00260-C00128,W10_DOMAIN_V1_CORE_FROZEN,KEEP_MAINLAND_COASTAL,True,Fujian,CENTROID_WITHIN_PROVINCE,TAIWAN_STRAIT,MAINLAND,MAINLAND,UNLABELED_COASTAL,False,False,False,False,False,False,False,False,NONE_PRESENT,0.0,0.0,0.0,117.64879,24.177961,2,2,1,stratum:UNLABELED_COASTAL,18,28,32,17,1,37,30,146,32,145,37
CNA10K-R00434-C00149,W10_DOMAIN_V1_CORE_FROZEN,KEEP_MAINLAND_COASTAL,True,Liaoning,CENTROID_WITHIN_PROVINCE,BOHAI_YELLOW_SEA,MAINLAND_PLUS_NEARSHORE_ISLAND,MAINLAND_AND_ISLAND,UNLABELED_COASTAL,False,False,False,False,False,False,False,False,NONE_PRESENT,0.0,0.0,0.0,122.710807,39.215939,1,1,1,stratum:UNLABELED_COASTAL,12,21,19,15,0,17,137,146,144,145,18
CNA10K-R00226-C00080,W10_DOMAIN_V1_CORE_FROZEN,KEEP_MAINLAND_COASTAL,True,Guangdong,UNIQUE_NEAREST_PROVINCE_LE_25KM,SOUTH_CHINA_SEA,NONE,ISLAND_ONLY,UNLABELED_COASTAL,False,False,False,False,False,False,False,False,NONE_PRESENT,0.0,0.0,0.0,112.690503,21.548285,1,1,1,edge:ISLAND_ONLY,9,16,18,4,0,13,29,71,32,73,16
CNA10K-R00274-C00147,W10_DOMAIN_V1_CORE_FROZEN,KEEP_ISLAND_COASTAL,True,Fujian,UNIQUE_NEAREST_PROVINCE_LE_25KM,TAIWAN_STRAIT,NEARSHORE_ISLAND,ISLAND_ONLY,UNLABELED_COASTAL,False,False,False,False,False,False,False,False,NONE_PRESENT,0.0,0.0,0.0,119.696433,25.195432,1,2,2,edge:ISLAND_ONLY,14,17,19,56,0,21,84,147,81,145,17
CNA10K-R00445-C00159,W10_DOMAIN_V1_CORE_FROZEN,KEEP_MAINLAND_COASTAL,True,Liaoning,CENTROID_WITHIN_PROVINCE,BOHAI_YELLOW_SEA,MAINLAND,MAINLAND,UNLABELED_COASTAL,False,False,False,False,False,False,False,False,NONE_PRESENT,0.0,0.0,0.0,124.115512,40.009859,1,4,1,edge:MGRS_GRID_EDGE_TILE,17,21,21,13,2,20,59,159,60,159,18
CNA10K-R00279-C00143,W10_DOMAIN_V1_CORE_FROZEN,KEEP_MAINLAND_COASTAL,True,Fujian,CENTROID_WITHIN_PROVINCE,TAIWAN_STRAIT,MAINLAND,MAINLAND,NEAR_SILVER_UNLABELED,False,False,False,False,False,False,False,False,NONE_PRESENT,0.0,0.0,0.0,119.375114,25.693983,2,2,2,edge:MULTI_MGRS_ZONE_CELL,22,30,31,18,1,33,61,148,59,146,35
CNA10K-R00429-C00140,W10_DOMAIN_V1_CORE_FROZEN,KEEP_MAINLAND_COASTAL,True,Liaoning,CENTROID_WITHIN_PROVINCE,BOHAI_YELLOW_SEA,MAINLAND,MAINLAND,UNLABELED_COASTAL,False,False,False,False,False,False,False,False,NONE_PRESENT,0.0,0.0,0.0,121.567092,38.916828,2,1,1,edge:MULTI_WRS_FRAME_CELL,29,39,39,2,1,35,129,145,136,145,33
