product_id,sensor,year,variant,region_province,v2_change,verdict,live,actual_observed_fraction,finite_fraction,valid_fraction,floor_area_fraction,all_nan,all_zero,constant,n_bytes
NP19_R00226-C00080_L5_1990,landsat5,1990,DEFAULT,Guangdong,V1_INHERITED_LANDSAT,WARN,True,1.0,1.0,0.00010258838383838383,,False,False,False,2106851
NP19_R00226-C00080_L5_2000,landsat5,2000,DEFAULT,Guangdong,V1_INHERITED_LANDSAT,WARN,False,1.0,1.0,0.0014046717171717171,,False,False,False,1005975
NP19_R00226-C00080_L8_2015,landsat8,2015,DEFAULT,Guangdong,V1_INHERITED_LANDSAT,WARN,False,0.9995580808080808,0.9995580808080808,0.9659406565656565,,False,False,False,3301793
NP19_R00226-C00080_L8_2021,landsat8,2021,DEFAULT,Guangdong,V1_INHERITED_LANDSAT,WARN,False,0.9999921085858586,0.9999921085858586,0.9857323232323232,,False,False,False,3002702
NP19_R00226-C00080_S1_2020_A,sentinel1,2020,A,Guangdong,KEPT_SAME_EVENT_PASSES_ACTUAL_MASK,WARN,False,1.0,1.0,,0.0,False,False,False,9826863
NP19_R00226-C00080_S1_2021_A,sentinel1,2021,A,Guangdong,KEPT_SAME_EVENT_PASSES_ACTUAL_MASK,WARN,False,1.0,1.0,,0.0,False,False,False,9877508
NP19_R00226-C00080_S2_2020,sentinel2,2020,DEFAULT,Guangdong,KEPT_SAME_EVENT_PASSES_ACTUAL_MASK,WARN,False,1.0,1.0,0.9997339521149045,,False,False,False,11996374
NP19_R00226-C00080_S2_2021,sentinel2,2021,DEFAULT,Guangdong,KEPT_SAME_EVENT_PASSES_ACTUAL_MASK,WARN,False,1.0,1.0,0.653602129792606,,False,False,False,13172419
NP19_R00236-C00083_L5_1990,landsat5,1990,DEFAULT,Guangdong,V1_INHERITED_LANDSAT,WARN,False,1.0,1.0,0.3979341418955708,,False,False,False,2204251
NP19_R00236-C00083_L5_2000,landsat5,2000,DEFAULT,Guangdong,V1_INHERITED_LANDSAT,WARN,False,1.0,1.0,0.5153361162183275,,False,False,False,2365768
NP19_R00236-C00083_L8_2015,landsat8,2015,DEFAULT,Guangdong,V1_INHERITED_LANDSAT,PASS,False,1.0,1.0,0.9925903714283459,,False,False,False,3838705
NP19_R00236-C00083_L8_2021,landsat8,2021,DEFAULT,Guangdong,V1_INHERITED_LANDSAT,WARN,False,0.9999289811957989,0.9999289811957989,0.7573603099576255,,False,False,False,3937813
NP19_R00236-C00083_S1_2015_A,sentinel1,2015,A,Guangdong,KEPT_SAME_EVENT_PASSES_ACTUAL_MASK,PASS,False,1.0,1.0,,0.0,False,False,False,10169388
NP19_R00236-C00083_S1_2020_A,sentinel1,2020,A,Guangdong,KEPT_SAME_EVENT_PASSES_ACTUAL_MASK,PASS,False,1.0,1.0,,0.0,False,False,False,10147398
NP19_R00236-C00083_S1_2021_A,sentinel1,2021,A,Guangdong,KEPT_SAME_EVENT_PASSES_ACTUAL_MASK,PASS,False,1.0,1.0,,0.0,False,False,False,10172098
NP19_R00236-C00083_S2_2020,sentinel2,2020,DEFAULT,Guangdong,KEPT_SAME_EVENT_PASSES_ACTUAL_MASK,WARN,True,1.0,1.0,0.8585500869067787,,False,False,False,14561639
NP19_R00236-C00083_S2_2021,sentinel2,2021,DEFAULT,Guangdong,KEPT_SAME_EVENT_PASSES_ACTUAL_MASK,PASS,False,1.0,1.0,0.9518039207058151,,False,False,False,15065299
NP19_R00260-C00128_L5_1990,landsat5,1990,DEFAULT,Fujian,V1_INHERITED_LANDSAT,WARN,False,1.0,1.0,0.4297894114764259,,False,False,False,3015537
NP19_R00260-C00128_L5_2000,landsat5,2000,DEFAULT,Fujian,V1_INHERITED_LANDSAT,WARN,False,1.0,1.0,0.3081136399671361,,False,False,False,3287947
NP19_R00260-C00128_L8_2015,landsat8,2015,DEFAULT,Fujian,V1_INHERITED_LANDSAT,PASS,False,1.0,1.0,1.0,,False,False,False,4258604
NP19_R00260-C00128_L8_2020,landsat8,2020,DEFAULT,Fujian,V1_INHERITED_LANDSAT,WARN,True,0.9999423440044972,0.9999423440044972,0.9999135160067457,,False,False,False,4292003
NP19_R00260-C00128_L8_2021,landsat8,2021,DEFAULT,Fujian,V1_INHERITED_LANDSAT,PASS,False,1.0,1.0,1.0,,False,False,False,4281998
NP19_R00260-C00128_S1_2015_A,sentinel1,2015,A,Fujian,KEPT_SAME_EVENT_PASSES_ACTUAL_MASK,PASS,True,1.0,1.0,,0.0,False,False,False,11132718
NP19_R00260-C00128_S1_2020_A,sentinel1,2020,A,Fujian,KEPT_SAME_EVENT_PASSES_ACTUAL_MASK,PASS,False,1.0,1.0,,0.0,False,False,False,11094220
NP19_R00260-C00128_S1_2021_A,sentinel1,2021,A,Fujian,KEPT_SAME_EVENT_PASSES_ACTUAL_MASK,PASS,False,1.0,1.0,,0.0,False,False,False,11066808
NP19_R00260-C00128_S2_2020,sentinel2,2020,DEFAULT,Fujian,REPLACED_V1_EVENT_FAILED_ACTUAL_MASK,WARN,True,1.0,1.0,0.6947593982059433,,False,False,False,16938381
NP19_R00260-C00128_S2_2021,sentinel2,2021,DEFAULT,Fujian,REPLACED_V1_EVENT_FAILED_ACTUAL_MASK,PASS,False,1.0,1.0,0.9862196110732165,,False,False,False,16698456
NP19_R00264-C00132_L7_2000,landsat7,2000,DEFAULT,Fujian,V1_INHERITED_LANDSAT,WARN,False,1.0,1.0,0.3762362716347536,,False,False,False,3069677
NP19_R00264-C00132_L8_2015,landsat8,2015,DEFAULT,Fujian,V1_INHERITED_LANDSAT,PASS,False,1.0,1.0,1.0,,False,False,False,4260056
NP19_R00264-C00132_L8_2020,landsat8,2020,DEFAULT,Fujian,V1_INHERITED_LANDSAT,WARN,True,0.9999856247484331,0.9999856247484331,0.9983252831924558,,False,False,False,4266676
NP19_R00264-C00132_L8_2021,landsat8,2021,DEFAULT,Fujian,V1_INHERITED_LANDSAT,PASS,False,1.0,1.0,0.9999568742452993,,False,False,False,4290873
NP19_R00264-C00132_S1_2015_A,sentinel1,2015,A,Fujian,KEPT_SAME_EVENT_PASSES_ACTUAL_MASK,PASS,True,1.0,1.0,,0.0,False,False,False,11382457
NP19_R00264-C00132_S1_2020_A,sentinel1,2020,A,Fujian,REPLACED_V1_EVENT_FAILED_ACTUAL_MASK,PASS,False,1.0,1.0,,0.0,False,False,False,11331738
NP19_R00264-C00132_S1_2021_A,sentinel1,2021,A,Fujian,KEPT_SAME_EVENT_PASSES_ACTUAL_MASK,PASS,True,1.0,1.0,,0.0,False,False,False,11341051
NP19_R00264-C00132_S2_2020,sentinel2,2020,DEFAULT,Fujian,KEPT_SAME_EVENT_PASSES_ACTUAL_MASK,WARN,False,1.0,1.0,0.8923173717725227,,False,False,False,16678365
NP19_R00264-C00132_S2_2021,sentinel2,2021,DEFAULT,Fujian,KEPT_SAME_EVENT_PASSES_ACTUAL_MASK,PASS,True,1.0,1.0,0.9859740238922484,,False,False,False,16413185
NP19_R00274-C00147_L5_1990,landsat5,1990,DEFAULT,Fujian,V1_INHERITED_LANDSAT,WARN,True,1.0,1.0,0.0006417112299465241,,False,False,False,2430293
NP19_R00274-C00147_L5_2000,landsat5,2000,DEFAULT,Fujian,V1_INHERITED_LANDSAT,WARN,True,1.0,1.0,0.0015757575757575758,,False,False,False,1184257
NP19_R00274-C00147_L8_2015,landsat8,2015,DEFAULT,Fujian,V1_INHERITED_LANDSAT,WARN,False,0.9982245989304813,0.9982245989304813,0.6263458110516934,,False,False,False,4200783
NP19_R00274-C00147_L8_2020,landsat8,2020,DEFAULT,Fujian,V1_INHERITED_LANDSAT,WARN,True,0.9999001782531194,0.9999001782531194,0.024798573975044563,,False,False,False,4376110
NP19_R00274-C00147_L8_2021,landsat8,2021,DEFAULT,Fujian,V1_INHERITED_LANDSAT,PASS,False,1.0,1.0,0.9953939393939394,,False,False,False,3576053
NP19_R00274-C00147_S1_2015_A,sentinel1,2015,A,Fujian,REPLACED_V1_EVENT_FAILED_ACTUAL_MASK,PASS,False,1.0,1.0,,0.0,False,False,False,10908790
NP19_R00274-C00147_S1_2020_A,sentinel1,2020,A,Fujian,REPLACED_V1_EVENT_FAILED_ACTUAL_MASK,PASS,False,1.0,1.0,,0.0,False,False,False,10979313
NP19_R00274-C00147_S1_2021_A,sentinel1,2021,A,Fujian,REPLACED_V1_EVENT_FAILED_ACTUAL_MASK,PASS,False,1.0,1.0,,0.0,False,False,False,10947998
NP19_R00274-C00147_S2_2020,sentinel2,2020,DEFAULT,Fujian,REPLACED_V1_EVENT_FAILED_ACTUAL_MASK,PASS,False,1.0,1.0,0.9859848484848485,,False,False,False,14069736
NP19_R00274-C00147_S2_2021,sentinel2,2021,DEFAULT,Fujian,KEPT_SAME_EVENT_PASSES_ACTUAL_MASK,PASS,False,1.0,1.0,0.9995480010185892,,False,False,False,12137448
NP19_R00279-C00143_L7_2000,landsat7,2000,DEFAULT,Fujian,V1_INHERITED_LANDSAT,WARN,True,1.0,1.0,0.17779445933869525,,False,False,False,3233949
NP19_R00279-C00143_L8_2015,landsat8,2015,DEFAULT,Fujian,V1_INHERITED_LANDSAT,PASS,False,0.9999928507596068,0.9999928507596068,0.9810688114387847,,False,False,False,4261626
NP19_R00279-C00143_L8_2020,landsat8,2020,DEFAULT,Fujian,V1_INHERITED_LANDSAT,WARN,False,0.9995710455764075,0.9995710455764075,0.5161966041108133,,False,False,False,4408630
NP19_R00279-C00143_L8_2021,landsat8,2021,DEFAULT,Fujian,V1_INHERITED_LANDSAT,PASS,True,1.0,1.0,1.0,,False,False,False,4281956
NP19_R00279-C00143_S1_2015_A,sentinel1,2015,A,Fujian,KEPT_SAME_EVENT_PASSES_ACTUAL_MASK,PASS,False,1.0,1.0,,0.0,False,False,False,11284414
NP19_R00279-C00143_S2_2020,sentinel2,2020,DEFAULT,Fujian,KEPT_SAME_EVENT_PASSES_ACTUAL_MASK,WARN,True,1.0,1.0,0.8519956529856999,,False,False,False,17234528
NP19_R00279-C00143_S2_2021,sentinel2,2021,DEFAULT,Fujian,REPLACED_V1_EVENT_FAILED_ACTUAL_MASK,PASS,True,1.0,1.0,0.9832215461263858,,False,False,False,16917544
NP19_R00311-C00156_L7_2000,landsat7,2000,DEFAULT,Zhejiang,V1_INHERITED_LANDSAT,WARN,True,1.0,1.0,0.6575613644667353,,False,False,False,3321881
NP19_R00311-C00156_L8_2021,landsat8,2021,DEFAULT,Zhejiang,V1_INHERITED_LANDSAT,WARN,False,0.9999933570266051,0.9999933570266051,0.8749659547613512,,False,False,False,4620402
NP19_R00311-C00156_S1_2015_A,sentinel1,2015,A,Zhejiang,KEPT_SAME_EVENT_PASSES_ACTUAL_MASK,PASS,False,1.0,1.0,,0.0,False,False,False,12155678
NP19_R00311-C00156_S1_2020_A,sentinel1,2020,A,Zhejiang,KEPT_SAME_EVENT_PASSES_ACTUAL_MASK,PASS,False,1.0,1.0,,0.0,False,False,False,11974305
NP19_R00311-C00156_S1_2021_A,sentinel1,2021,A,Zhejiang,KEPT_SAME_EVENT_PASSES_ACTUAL_MASK,PASS,True,1.0,1.0,,0.0,False,False,False,12074243
NP19_R00311-C00156_S2_2020,sentinel2,2020,DEFAULT,Zhejiang,REPLACED_V1_EVENT_FAILED_ACTUAL_MASK,WARN,True,1.0,1.0,0.7726701744406522,,False,False,False,18019337
NP19_R00311-C00156_S2_2021,sentinel2,2021,DEFAULT,Zhejiang,KEPT_SAME_EVENT_PASSES_ACTUAL_MASK,WARN,False,0.9999844461035268,0.9999844461035268,0.9908476429180887,,False,False,False,17786937
NP19_R00331-C00150_L7_2000,landsat7,2000,DEFAULT,Zhejiang,V1_INHERITED_LANDSAT,WARN,False,1.0,1.0,0.8422789440203562,,False,False,False,2832231
NP19_R00331-C00150_L8_2015,landsat8,2015,DEFAULT,Zhejiang,V1_INHERITED_LANDSAT,WARN,False,0.9971241518235793,0.9971241518235793,0.4147251378286684,,False,False,False,4714265
NP19_R00331-C00150_L8_2021,landsat8,2021,DEFAULT,Zhejiang,V1_INHERITED_LANDSAT,PASS,False,1.0,1.0,0.9930953138252756,,False,False,False,4444966
NP19_R00331-C00150_S1_2015_A,sentinel1,2015,A,Zhejiang,KEPT_SAME_EVENT_PASSES_ACTUAL_MASK,PASS,True,1.0,1.0,,0.0,False,False,False,12067402
NP19_R00331-C00150_S1_2020_A,sentinel1,2020,A,Zhejiang,KEPT_SAME_EVENT_PASSES_ACTUAL_MASK,PASS,False,1.0,1.0,,0.0,False,False,False,12053335
NP19_R00331-C00150_S1_2021_A,sentinel1,2021,A,Zhejiang,KEPT_SAME_EVENT_PASSES_ACTUAL_MASK,PASS,False,1.0,1.0,,0.0,False,False,False,12061000
NP19_R00334-C00163_L5_1990,landsat5,1990,DEFAULT,Zhejiang,V1_INHERITED_LANDSAT,WARN,True,1.0,1.0,0.45693210659898476,,False,False,False,2703977
NP19_R00334-C00163_L5_2000,landsat5,2000,DEFAULT,Zhejiang,V1_INHERITED_LANDSAT,WARN,False,1.0,1.0,0.3783510469543147,,False,False,False,2116305
NP19_R00334-C00163_L8_2015,landsat8,2015,DEFAULT,Zhejiang,V1_INHERITED_LANDSAT,WARN,False,0.9473350253807107,0.9473350253807107,0.7629613472927242,,False,False,False,4452047
NP19_R00334-C00163_L8_2020,landsat8,2020,DEFAULT,Zhejiang,V1_INHERITED_LANDSAT,WARN,False,0.9876929991539763,0.9876929991539763,0.2667287965313029,,False,False,False,4875186
NP19_R00334-C00163_L8_2021,landsat8,2021,DEFAULT,Zhejiang,V1_INHERITED_LANDSAT,PASS,True,1.0,1.0,0.996529980964467,,False,False,False,4384060
NP19_R00334-C00163_S1_2015_A,sentinel1,2015,A,Zhejiang,KEPT_SAME_EVENT_PASSES_ACTUAL_MASK,PASS,False,1.0,1.0,,0.0,False,False,False,11964178
NP19_R00334-C00163_S1_2020_A,sentinel1,2020,A,Zhejiang,KEPT_SAME_EVENT_PASSES_ACTUAL_MASK,PASS,False,1.0,1.0,,0.0,False,False,False,11934295
NP19_R00334-C00163_S1_2021_A,sentinel1,2021,A,Zhejiang,KEPT_SAME_EVENT_PASSES_ACTUAL_MASK,PASS,False,1.0,1.0,,0.0,False,False,False,11955905
NP19_R00334-C00163_S2_2020,sentinel2,2020,DEFAULT,Zhejiang,KEPT_SAME_EVENT_PASSES_ACTUAL_MASK,WARN,False,1.0,1.0,0.6270731527275412,,False,False,False,17987983
NP19_R00334-C00163_S2_2021,sentinel2,2021,DEFAULT,Zhejiang,KEPT_SAME_EVENT_PASSES_ACTUAL_MASK,PASS,False,1.0,1.0,0.9931054846091385,,False,False,False,14099002
NP19_R00346-C00154_L7_2000,landsat7,2000,DEFAULT,Shanghai,V1_INHERITED_LANDSAT,WARN,False,1.0,1.0,0.3587493870193901,,False,False,False,2392192
NP19_R00346-C00154_L8_2015,landsat8,2015,DEFAULT,Shanghai,V1_INHERITED_LANDSAT,WARN,False,0.9985288465361626,0.9985288465361626,0.7043312878556944,,False,False,False,4797179
NP19_R00346-C00154_S1_2015_A,sentinel1,2015,A,Shanghai,KEPT_SAME_EVENT_PASSES_ACTUAL_MASK,PASS,False,1.0,1.0,,0.0,False,False,False,11910722
NP19_R00346-C00154_S1_2020_A,sentinel1,2020,A,Shanghai,KEPT_SAME_EVENT_PASSES_ACTUAL_MASK,PASS,True,1.0,1.0,,0.0,False,False,False,11866158
NP19_R00346-C00154_S1_2021_A,sentinel1,2021,A,Shanghai,KEPT_SAME_EVENT_PASSES_ACTUAL_MASK,PASS,True,1.0,1.0,,0.0,False,False,False,11852248
NP19_R00346-C00154_S2_2020,sentinel2,2020,DEFAULT,Shanghai,KEPT_SAME_EVENT_PASSES_ACTUAL_MASK,WARN,False,0.9999830065166314,0.9999830065166314,0.9840165206212227,,False,False,False,14692465
NP19_R00346-C00154_S2_2021,sentinel2,2021,DEFAULT,Shanghai,KEPT_SAME_EVENT_PASSES_ACTUAL_MASK,WARN,True,0.9999490195498943,0.9999490195498943,0.9823526369453105,,False,False,False,14143439
NP19_R00347-C00151_L8_2015,landsat8,2015,DEFAULT,Jiangsu,V1_INHERITED_LANDSAT,WARN,False,0.9982372665703569,0.9982372665703569,0.9081059230493963,,False,False,False,4712806
NP19_R00347-C00151_L8_2020,landsat8,2020,DEFAULT,Jiangsu,V1_INHERITED_LANDSAT,WARN,True,0.9968986494546129,0.9968986494546129,0.701461875919471,,False,False,False,4678379
NP19_R00347-C00151_L8_2021,landsat8,2021,DEFAULT,Jiangsu,V1_INHERITED_LANDSAT,WARN,False,0.9999867463651907,0.9999867463651907,0.6360353076831321,,False,False,False,4496218
NP19_R00347-C00151_S1_2015_A,sentinel1,2015,A,Jiangsu,KEPT_SAME_EVENT_PASSES_ACTUAL_MASK,PASS,False,1.0,1.0,,0.0,False,False,False,12066483
NP19_R00347-C00151_S1_2020_A,sentinel1,2020,A,Jiangsu,KEPT_SAME_EVENT_PASSES_ACTUAL_MASK,PASS,True,1.0,1.0,,0.0,False,False,False,12006659
NP19_R00347-C00151_S1_2021_A,sentinel1,2021,A,Jiangsu,REPLACED_V1_EVENT_FAILED_ACTUAL_MASK,PASS,False,1.0,1.0,,0.0,False,False,False,11994503
NP19_R00347-C00151_S2_2020,sentinel2,2020,DEFAULT,Jiangsu,KEPT_SAME_EVENT_PASSES_ACTUAL_MASK,PASS,False,1.0,1.0,0.9754037799417788,,False,False,False,15207749
NP19_R00347-C00151_S2_2021,sentinel2,2021,DEFAULT,Jiangsu,REPLACED_V1_EVENT_FAILED_ACTUAL_MASK,PASS,False,1.0,1.0,0.9988843408744994,,False,False,False,14592717
NP19_R00349-C00154_L7_2000,landsat7,2000,DEFAULT,Jiangsu,V1_INHERITED_LANDSAT,PASS,True,1.0,1.0,0.972422910400899,,False,False,False,2825581
NP19_R00349-C00154_L8_2015,landsat8,2015,DEFAULT,Jiangsu,V1_INHERITED_LANDSAT,WARN,False,0.9980500380077337,0.9980500380077337,0.4795320091218561,,False,False,False,4779010
NP19_R00349-C00154_L8_2021,landsat8,2021,DEFAULT,Jiangsu,V1_INHERITED_LANDSAT,WARN,False,0.999365436097432,0.999365436097432,0.9232111577486202,,False,False,False,4556693
NP19_R00349-C00154_S1_2015_A,sentinel1,2015,A,Jiangsu,KEPT_SAME_EVENT_PASSES_ACTUAL_MASK,WARN,False,0.9940499347781312,0.9940499347781312,,0.0,False,False,False,11884495
NP19_R00349-C00154_S1_2020_A,sentinel1,2020,A,Jiangsu,KEPT_SAME_EVENT_PASSES_ACTUAL_MASK,PASS,False,1.0,1.0,,0.0,False,False,False,11911099
NP19_R00349-C00154_S1_2021_A,sentinel1,2021,A,Jiangsu,KEPT_SAME_EVENT_PASSES_ACTUAL_MASK,PASS,False,1.0,1.0,,0.0,False,False,False,11949218
NP19_R00349-C00154_S2_2020,sentinel2,2020,DEFAULT,Jiangsu,KEPT_SAME_EVENT_PASSES_ACTUAL_MASK,WARN,False,0.9999948324495592,0.9999948324495592,0.9247050989696642,,False,False,False,17306721
NP19_R00349-C00154_S2_2021,sentinel2,2021,DEFAULT,Jiangsu,KEPT_SAME_EVENT_PASSES_ACTUAL_MASK,WARN,False,0.9999844973486776,0.9999844973486776,0.9858888961890792,,False,False,False,16553233
NP19_R00388-C00129_L5_1990,landsat5,1990,DEFAULT,Shandong,V1_INHERITED_LANDSAT,WARN,True,1.0,1.0,0.6490837262280664,,False,False,False,2485399
NP19_R00388-C00129_L5_2000,landsat5,2000,DEFAULT,Shandong,V1_INHERITED_LANDSAT,WARN,False,1.0,1.0,0.6628458555012472,,False,False,False,2879395
NP19_R00388-C00129_L8_2015,landsat8,2015,DEFAULT,Shandong,V1_INHERITED_LANDSAT,WARN,False,1.0,1.0,0.6935204809896622,,False,False,False,4190839
NP19_R00388-C00129_L8_2020,landsat8,2020,DEFAULT,Shandong,V1_INHERITED_LANDSAT,PASS,False,1.0,1.0,0.9855602174257826,,False,False,False,4079914
NP19_R00388-C00129_S1_2020_A,sentinel1,2020,A,Shandong,KEPT_SAME_EVENT_PASSES_ACTUAL_MASK,PASS,False,1.0,1.0,,0.0,False,False,False,10993641
NP19_R00388-C00129_S1_2020_D,sentinel1,2020,D,Shandong,KEPT_SAME_EVENT_PASSES_ACTUAL_MASK,PASS,True,1.0,1.0,,0.0,False,False,False,10985350
NP19_R00388-C00129_S1_2021_A,sentinel1,2021,A,Shandong,KEPT_SAME_EVENT_PASSES_ACTUAL_MASK,PASS,False,1.0,1.0,,0.0,False,False,False,11007395
NP19_R00388-C00129_S1_2021_D,sentinel1,2021,D,Shandong,KEPT_SAME_EVENT_PASSES_ACTUAL_MASK,PASS,False,1.0,1.0,,0.0,False,False,False,11033123
NP19_R00388-C00129_S2_2020,sentinel2,2020,DEFAULT,Shandong,KEPT_SAME_EVENT_PASSES_ACTUAL_MASK,PASS,False,1.0,1.0,0.9952564649791816,,False,False,False,15263437
NP19_R00388-C00129_S2_2021,sentinel2,2021,DEFAULT,Shandong,KEPT_SAME_EVENT_PASSES_ACTUAL_MASK,PASS,False,1.0,1.0,0.9834097077370358,,False,False,False,14802328
NP19_R00391-C00132_L5_1990,landsat5,1990,DEFAULT,Shandong,V1_INHERITED_LANDSAT,WARN,True,1.0,1.0,0.23385260418549175,,False,False,False,2539166
NP19_R00391-C00132_L5_2000,landsat5,2000,DEFAULT,Shandong,V1_INHERITED_LANDSAT,WARN,False,1.0,1.0,0.2531318899772292,,False,False,False,2379772
NP19_R00391-C00132_L8_2015,landsat8,2015,DEFAULT,Shandong,V1_INHERITED_LANDSAT,WARN,False,0.9999710846857267,0.9999710846857267,0.9507499909639643,,False,False,False,3995322
NP19_R00391-C00132_L8_2020,landsat8,2020,DEFAULT,Shandong,V1_INHERITED_LANDSAT,PASS,False,1.0,1.0,0.9982795388007374,,False,False,False,3847860
NP19_R00391-C00132_S1_2020_A,sentinel1,2020,A,Shandong,KEPT_SAME_EVENT_PASSES_ACTUAL_MASK,PASS,False,1.0,1.0,,0.0,False,False,False,10832158
NP19_R00391-C00132_S1_2020_D,sentinel1,2020,D,Shandong,KEPT_SAME_EVENT_PASSES_ACTUAL_MASK,PASS,False,1.0,1.0,,0.0,False,False,False,10846297
NP19_R00391-C00132_S1_2021_A,sentinel1,2021,A,Shandong,KEPT_SAME_EVENT_PASSES_ACTUAL_MASK,PASS,False,1.0,1.0,,0.0,False,False,False,10842263
NP19_R00391-C00132_S1_2021_D,sentinel1,2021,D,Shandong,KEPT_SAME_EVENT_PASSES_ACTUAL_MASK,PASS,False,1.0,1.0,,0.0,False,False,False,10884108
NP19_R00391-C00132_S2_2020,sentinel2,2020,DEFAULT,Shandong,KEPT_SAME_EVENT_PASSES_ACTUAL_MASK,PASS,False,1.0,1.0,0.9955808731621201,,False,False,False,12934444
NP19_R00391-C00132_S2_2021,sentinel2,2021,DEFAULT,Shandong,REPLACED_V1_EVENT_FAILED_ACTUAL_MASK,PASS,False,1.0,1.0,0.9802117830496244,,False,False,False,12471257
NP19_R00411-C00151_L5_1990,landsat5,1990,DEFAULT,Shandong,V1_INHERITED_LANDSAT,WARN,False,1.0,1.0,0.8621027024168385,,False,False,False,2875097
NP19_R00411-C00151_L5_2000,landsat5,2000,DEFAULT,Shandong,V1_INHERITED_LANDSAT,WARN,False,1.0,1.0,0.8692686022528955,,False,False,False,3305872
NP19_R00411-C00151_L8_2015,landsat8,2015,DEFAULT,Shandong,V1_INHERITED_LANDSAT,WARN,False,0.9999603363477709,0.9999603363477709,0.9974615262573377,,False,False,False,4556303
NP19_R00411-C00151_L8_2020,landsat8,2020,DEFAULT,Shandong,V1_INHERITED_LANDSAT,WARN,False,0.9999735575651806,0.9999735575651806,0.952595324977524,,False,False,False,4522297
NP19_R00411-C00151_L8_2021,landsat8,2021,DEFAULT,Shandong,V1_INHERITED_LANDSAT,PASS,False,1.0,1.0,0.9707414458723359,,False,False,False,4559773
NP19_R00411-C00151_S1_2020_A,sentinel1,2020,A,Shandong,KEPT_SAME_EVENT_PASSES_ACTUAL_MASK,PASS,False,1.0,1.0,,0.0,False,False,False,12088832
NP19_R00411-C00151_S1_2020_D,sentinel1,2020,D,Shandong,KEPT_SAME_EVENT_PASSES_ACTUAL_MASK,PASS,False,1.0,1.0,,0.0,False,False,False,12052460
NP19_R00411-C00151_S1_2021_A,sentinel1,2021,A,Shandong,KEPT_SAME_EVENT_PASSES_ACTUAL_MASK,PASS,False,1.0,1.0,,0.0,False,False,False,12100578
NP19_R00411-C00151_S1_2021_D,sentinel1,2021,D,Shandong,KEPT_SAME_EVENT_PASSES_ACTUAL_MASK,PASS,False,1.0,1.0,,0.0,False,False,False,12060312
NP19_R00411-C00151_S2_2020,sentinel2,2020,DEFAULT,Shandong,REPLACED_V1_EVENT_FAILED_ACTUAL_MASK,WARN,True,0.9999101572395591,0.9999101572395591,0.9978688118957706,,False,False,False,18070928
NP19_R00411-C00151_S2_2021,sentinel2,2021,DEFAULT,Shandong,REPLACED_V1_EVENT_FAILED_ACTUAL_MASK,PASS,False,1.0,1.0,0.9996435746225131,,False,False,False,17415242
NP19_R00413-C00121_L5_1990,landsat5,1990,DEFAULT,Shandong,V1_INHERITED_LANDSAT,WARN,False,1.0,1.0,0.49857230635775474,,False,False,False,2367834
NP19_R00413-C00121_L5_2000,landsat5,2000,DEFAULT,Shandong,V1_INHERITED_LANDSAT,PASS,False,1.0,1.0,0.9805689088083276,,False,False,False,2797480
NP19_R00413-C00121_L8_2015,landsat8,2015,DEFAULT,Shandong,V1_INHERITED_LANDSAT,PASS,False,1.0,1.0,0.99995662702859,,False,False,False,4148016
NP19_R00413-C00121_L8_2020,landsat8,2020,DEFAULT,Shandong,V1_INHERITED_LANDSAT,PASS,False,1.0,1.0,0.9987566414862471,,False,False,False,4168578
NP19_R00413-C00121_L8_2021,landsat8,2021,DEFAULT,Shandong,V1_INHERITED_LANDSAT,PASS,False,1.0,1.0,0.9500560234214046,,False,False,False,4162899
NP19_R00413-C00121_S1_2020_A,sentinel1,2020,A,Shandong,KEPT_SAME_EVENT_PASSES_ACTUAL_MASK,PASS,True,1.0,1.0,,0.0,False,False,False,10894797
NP19_R00413-C00121_S1_2020_D,sentinel1,2020,D,Shandong,KEPT_SAME_EVENT_PASSES_ACTUAL_MASK,PASS,True,1.0,1.0,,0.0,False,False,False,10904031
NP19_R00413-C00121_S1_2021_A,sentinel1,2021,A,Shandong,KEPT_SAME_EVENT_PASSES_ACTUAL_MASK,PASS,False,1.0,1.0,,0.0,False,False,False,10892151
NP19_R00413-C00121_S1_2021_D,sentinel1,2021,D,Shandong,KEPT_SAME_EVENT_PASSES_ACTUAL_MASK,PASS,False,1.0,1.0,,0.0,False,False,False,10907784
NP19_R00413-C00121_S2_2020,sentinel2,2020,DEFAULT,Shandong,KEPT_SAME_EVENT_PASSES_ACTUAL_MASK,PASS,False,1.0,1.0,0.9250174317140312,,False,False,False,14911667
NP19_R00413-C00121_S2_2021,sentinel2,2021,DEFAULT,Shandong,KEPT_SAME_EVENT_PASSES_ACTUAL_MASK,PASS,False,1.0,1.0,0.9873266400925392,,False,False,False,14630814
NP19_R00417-C00135_L5_1990,landsat5,1990,DEFAULT,Shandong,V1_INHERITED_LANDSAT,WARN,True,1.0,1.0,0.14021415196349923,,False,False,False,2147509
NP19_R00417-C00135_L5_2000,landsat5,2000,DEFAULT,Shandong,V1_INHERITED_LANDSAT,WARN,False,1.0,1.0,0.14488224279346995,,False,False,False,2370640
NP19_R00417-C00135_L8_2015,landsat8,2015,DEFAULT,Shandong,V1_INHERITED_LANDSAT,WARN,False,1.0,1.0,0.059162117256112035,,False,False,False,4404582
NP19_R00417-C00135_L8_2020,landsat8,2020,DEFAULT,Shandong,V1_INHERITED_LANDSAT,PASS,False,1.0,1.0,0.9995120922013873,,False,False,False,4007162
NP19_R00417-C00135_S1_2020_A,sentinel1,2020,A,Shandong,KEPT_SAME_EVENT_PASSES_ACTUAL_MASK,PASS,False,1.0,1.0,,0.0,False,False,False,11837096
NP19_R00417-C00135_S1_2020_D,sentinel1,2020,D,Shandong,KEPT_SAME_EVENT_PASSES_ACTUAL_MASK,PASS,False,1.0,1.0,,0.0,False,False,False,11826728
NP19_R00417-C00135_S1_2021_A,sentinel1,2021,A,Shandong,KEPT_SAME_EVENT_PASSES_ACTUAL_MASK,PASS,False,1.0,1.0,,0.0,False,False,False,11851795
NP19_R00417-C00135_S1_2021_D,sentinel1,2021,D,Shandong,REPLACED_V1_EVENT_FAILED_ACTUAL_MASK,PASS,False,1.0,1.0,,0.0,False,False,False,11823930
NP19_R00429-C00140_L5_1990,landsat5,1990,DEFAULT,Liaoning,V1_INHERITED_LANDSAT,WARN,True,1.0,1.0,0.8335838805812696,,False,False,False,3198443
NP19_R00429-C00140_L5_2000,landsat5,2000,DEFAULT,Liaoning,V1_INHERITED_LANDSAT,WARN,False,1.0,1.0,0.8316322493868186,,False,False,False,2838698
NP19_R00429-C00140_L8_2015,landsat8,2015,DEFAULT,Liaoning,V1_INHERITED_LANDSAT,PASS,False,1.0,1.0,0.999795606192473,,False,False,False,4604073
NP19_R00429-C00140_L8_2020,landsat8,2020,DEFAULT,Liaoning,V1_INHERITED_LANDSAT,PASS,False,1.0,1.0,0.999861539678772,,False,False,False,4553900
NP19_R00429-C00140_L8_2021,landsat8,2021,DEFAULT,Liaoning,V1_INHERITED_LANDSAT,WARN,True,0.99999340665137,0.99999340665137,0.9626420866629744,,False,False,False,4582764
NP19_R00429-C00140_S1_2020_A,sentinel1,2020,A,Liaoning,KEPT_SAME_EVENT_PASSES_ACTUAL_MASK,PASS,True,1.0,1.0,,0.0,False,False,False,12401511
NP19_R00429-C00140_S1_2020_D,sentinel1,2020,D,Liaoning,KEPT_SAME_EVENT_PASSES_ACTUAL_MASK,PASS,True,1.0,1.0,,0.0,False,False,False,12466410
NP19_R00429-C00140_S1_2021_A,sentinel1,2021,A,Liaoning,KEPT_SAME_EVENT_PASSES_ACTUAL_MASK,PASS,True,1.0,1.0,,0.0,False,False,False,12408505
NP19_R00429-C00140_S1_2021_D,sentinel1,2021,D,Liaoning,KEPT_SAME_EVENT_PASSES_ACTUAL_MASK,PASS,False,1.0,1.0,,0.0,False,False,False,12379915
NP19_R00429-C00140_S2_2020,sentinel2,2020,DEFAULT,Liaoning,KEPT_SAME_EVENT_PASSES_ACTUAL_MASK,WARN,False,0.9999896994899776,0.9999896994899776,0.9994511299659494,,False,False,False,17972989
NP19_R00429-C00140_S2_2021,sentinel2,2021,DEFAULT,Liaoning,KEPT_SAME_EVENT_PASSES_ACTUAL_MASK,WARN,False,0.9999992642492841,0.9999992642492841,0.9819351126728646,,False,False,False,17837855
NP19_R00434-C00149_L5_1990,landsat5,1990,DEFAULT,Liaoning,V1_INHERITED_LANDSAT,WARN,False,1.0,1.0,0.14703426337066738,,False,False,False,2280610
NP19_R00434-C00149_L5_2000,landsat5,2000,DEFAULT,Liaoning,V1_INHERITED_LANDSAT,WARN,False,1.0,1.0,0.14488700377758632,,False,False,False,2276153
NP19_R00434-C00149_L8_2015,landsat8,2015,DEFAULT,Liaoning,V1_INHERITED_LANDSAT,PASS,False,1.0,1.0,0.9991516999138446,,False,False,False,3811392
NP19_R00434-C00149_L8_2020,landsat8,2020,DEFAULT,Liaoning,V1_INHERITED_LANDSAT,PASS,False,1.0,1.0,0.9998608257671151,,False,False,False,4165848
NP19_R00434-C00149_L8_2021,landsat8,2021,DEFAULT,Liaoning,V1_INHERITED_LANDSAT,PASS,False,1.0,1.0,0.9972960434753794,,False,False,False,3716448
NP19_R00434-C00149_S1_2015_D,sentinel1,2015,D,Liaoning,KEPT_SAME_EVENT_PASSES_ACTUAL_MASK,PASS,False,1.0,1.0,,0.0,False,False,False,11928469
NP19_R00434-C00149_S1_2020_A,sentinel1,2020,A,Liaoning,KEPT_SAME_EVENT_PASSES_ACTUAL_MASK,PASS,False,1.0,1.0,,0.0,False,False,False,11691529
NP19_R00434-C00149_S1_2020_D,sentinel1,2020,D,Liaoning,KEPT_SAME_EVENT_PASSES_ACTUAL_MASK,PASS,True,1.0,1.0,,0.0,False,False,False,11846012
NP19_R00434-C00149_S1_2021_A,sentinel1,2021,A,Liaoning,KEPT_SAME_EVENT_PASSES_ACTUAL_MASK,PASS,False,1.0,1.0,,0.0,False,False,False,11857447
NP19_R00434-C00149_S1_2021_D,sentinel1,2021,D,Liaoning,KEPT_SAME_EVENT_PASSES_ACTUAL_MASK,PASS,False,1.0,1.0,,0.0,False,False,False,11819417
NP19_R00434-C00149_S2_2020,sentinel2,2020,DEFAULT,Liaoning,KEPT_SAME_EVENT_PASSES_ACTUAL_MASK,PASS,False,1.0,1.0,0.9952789826207548,,False,False,False,12693257
NP19_R00434-C00149_S2_2021,sentinel2,2021,DEFAULT,Liaoning,REPLACED_V1_EVENT_FAILED_ACTUAL_MASK,WARN,False,0.9999948363872414,0.9999948363872414,0.9992748812369066,,False,False,False,12313156
NP19_R00445-C00159_L5_2000,landsat5,2000,DEFAULT,Liaoning,V1_INHERITED_LANDSAT,WARN,False,1.0,1.0,0.970660746238982,,False,False,False,3363450
NP19_R00445-C00159_L8_2015,landsat8,2015,DEFAULT,Liaoning,V1_INHERITED_LANDSAT,WARN,False,0.9999337265557691,0.9999337265557691,0.9999337265557691,,False,False,False,4604866
NP19_R00445-C00159_L8_2020,landsat8,2020,DEFAULT,Liaoning,V1_INHERITED_LANDSAT,WARN,False,1.0,1.0,1.0,,False,False,False,4610346
NP19_R00445-C00159_L8_2021,landsat8,2021,DEFAULT,Liaoning,V1_INHERITED_LANDSAT,WARN,False,1.0,1.0,0.9999403539001922,,False,False,False,4613687
NP19_R00445-C00159_S1_2015_D,sentinel1,2015,D,Liaoning,KEPT_SAME_EVENT_PASSES_ACTUAL_MASK,WARN,False,1.0,1.0,,0.0,False,False,False,12068077
NP19_R00445-C00159_S1_2020_A,sentinel1,2020,A,Liaoning,KEPT_SAME_EVENT_PASSES_ACTUAL_MASK,WARN,False,1.0,1.0,,0.0,False,False,False,11960684
NP19_R00445-C00159_S1_2020_D,sentinel1,2020,D,Liaoning,KEPT_SAME_EVENT_PASSES_ACTUAL_MASK,WARN,False,1.0,1.0,,0.0,False,False,False,11976824
NP19_R00445-C00159_S1_2021_A,sentinel1,2021,A,Liaoning,KEPT_SAME_EVENT_PASSES_ACTUAL_MASK,WARN,False,1.0,1.0,,0.0,False,False,False,11945808
NP19_R00445-C00159_S1_2021_D,sentinel1,2021,D,Liaoning,KEPT_SAME_EVENT_PASSES_ACTUAL_MASK,WARN,True,1.0,1.0,,0.0,False,False,False,11944505
NP19_R00445-C00159_S2_2015,sentinel2,2015,DEFAULT,Liaoning,KEPT_SAME_EVENT_PASSES_ACTUAL_MASK,WARN,False,1.0,1.0,0.9999512321997529,,False,False,False,17421290
NP19_R00445-C00159_S2_2020,sentinel2,2020,DEFAULT,Liaoning,REPLACED_V1_EVENT_FAILED_ACTUAL_MASK,WARN,False,1.0,1.0,0.9988443509153568,,False,False,False,17171767
NP19_R00445-C00159_S2_2021,sentinel2,2021,DEFAULT,Liaoning,KEPT_SAME_EVENT_PASSES_ACTUAL_MASK,WARN,True,0.9999822662544556,0.9999822662544556,0.9997487719381211,,False,False,False,17994929
