scenario,scope,sensor,slot,tier,pass,n_products,n_gee_tasks,n_files,resolution,grid_pixels_sum,bytes_base,bytes_low,bytes_high,estimate_tokens
pilot_20_cell,observed_plan,landsat5,anchor_1990,strict,,1,3,3,30m,151296,3949882,3949882,3949882,"['ESTIMATE_FLOAT32_LZW_RATIO_BORROWED_FROM_L8_TODO_MEASURE_AT_PHASE_D', 'MEASURED_M21B_LZW_GEOTIFF']"
pilot_20_cell,observed_plan,landsat5,anchor_2000,strict,,1,3,3,30m,151296,3949882,3949882,3949882,"['ESTIMATE_FLOAT32_LZW_RATIO_BORROWED_FROM_L8_TODO_MEASURE_AT_PHASE_D', 'MEASURED_M21B_LZW_GEOTIFF']"
pilot_20_cell,observed_plan,landsat8,anchor_2015,strict,,1,3,3,30m,151296,4602942,4602942,4602942,['MEASURED_M21B_LZW_GEOTIFF']
pilot_20_cell,observed_plan,sentinel1,anchor_2015_ASC,s1_actual_footprint,ASC,1,1,1,10m,1354700,12074287,12074287,12074287,['MEASURED_M21B_LZW_GEOTIFF']
pilot_20_cell,observed_plan,landsat8,anchor_2020,strict,,1,3,3,30m,151296,4602942,4602942,4602942,['MEASURED_M21B_LZW_GEOTIFF']
pilot_20_cell,observed_plan,sentinel1,anchor_2020_ASC,s1_actual_footprint,ASC,1,1,1,10m,1354700,12074287,12074287,12074287,['MEASURED_M21B_LZW_GEOTIFF']
pilot_20_cell,observed_plan,sentinel2,anchor_2020,strict,,1,2,2,10m,1354700,15112071,10649666,18100150,['MEASURED_M21B_LZW_GEOTIFF']
pilot_20_cell,observed_plan,sentinel1,anchor_2021_ASC,s1_actual_footprint,ASC,1,1,1,10m,1354700,12074287,12074287,12074287,['MEASURED_M21B_LZW_GEOTIFF']
pilot_20_cell,observed_plan,sentinel2,anchor_2021,strict,,1,2,2,10m,1354700,15112071,10649666,18100150,['MEASURED_M21B_LZW_GEOTIFF']
pilot_20_cell,observed_plan,landsat8,anchor_2021,strict,,1,3,3,30m,151296,4602942,4602942,4602942,['MEASURED_M21B_LZW_GEOTIFF']
pilot_20_cell,observed_plan,landsat7,anchor_2000,strict,,1,3,3,30m,150535,3930014,3930014,3930014,"['ESTIMATE_FLOAT32_LZW_RATIO_BORROWED_FROM_L8_TODO_MEASURE_AT_PHASE_D', 'MEASURED_M21B_LZW_GEOTIFF']"
pilot_20_cell,observed_plan,sentinel1,anchor_2015_ASC,s1_actual_footprint,ASC,1,1,1,10m,1350144,12033680,12033680,12033680,['MEASURED_M21B_LZW_GEOTIFF']
pilot_20_cell,observed_plan,sentinel1,anchor_2020_ASC,s1_actual_footprint,ASC,1,1,1,10m,1350144,12033680,12033680,12033680,['MEASURED_M21B_LZW_GEOTIFF']
pilot_20_cell,observed_plan,sentinel2,anchor_2020,strict,,1,2,2,10m,1350144,15061247,10613850,18039277,['MEASURED_M21B_LZW_GEOTIFF']
pilot_20_cell,observed_plan,sentinel1,anchor_2021_ASC,s1_actual_footprint,ASC,1,1,1,10m,1350144,12033680,12033680,12033680,['MEASURED_M21B_LZW_GEOTIFF']
pilot_20_cell,observed_plan,sentinel2,anchor_2021,strict,,1,2,2,10m,1350144,15061247,10613850,18039277,['MEASURED_M21B_LZW_GEOTIFF']
pilot_20_cell,observed_plan,landsat8,anchor_2021,strict,,1,3,3,30m,150535,4579790,4579790,4579790,['MEASURED_M21B_LZW_GEOTIFF']
pilot_20_cell,observed_plan,landsat7,anchor_2000,strict,,1,3,3,30m,151285,3949595,3949595,3949595,"['ESTIMATE_FLOAT32_LZW_RATIO_BORROWED_FROM_L8_TODO_MEASURE_AT_PHASE_D', 'MEASURED_M21B_LZW_GEOTIFF']"
pilot_20_cell,observed_plan,landsat8,anchor_2015,strict,,1,3,3,30m,151285,4602608,4602608,4602608,['MEASURED_M21B_LZW_GEOTIFF']
pilot_20_cell,observed_plan,sentinel1,anchor_2015_ASC,s1_actual_footprint,ASC,1,1,1,10m,1354607,12073458,12073458,12073458,['MEASURED_M21B_LZW_GEOTIFF']
pilot_20_cell,observed_plan,sentinel1,anchor_2020_ASC,s1_actual_footprint,ASC,1,1,1,10m,1354607,12073458,12073458,12073458,['MEASURED_M21B_LZW_GEOTIFF']
pilot_20_cell,observed_plan,sentinel2,anchor_2020,strict,,1,2,2,10m,1354607,15111033,10648934,18098907,['MEASURED_M21B_LZW_GEOTIFF']
pilot_20_cell,observed_plan,sentinel1,anchor_2021_ASC,s1_actual_footprint,ASC,1,1,1,10m,1354607,12073458,12073458,12073458,['MEASURED_M21B_LZW_GEOTIFF']
pilot_20_cell,observed_plan,sentinel2,anchor_2021,strict,,1,2,2,10m,1354607,15111033,10648934,18098907,['MEASURED_M21B_LZW_GEOTIFF']
pilot_20_cell,observed_plan,landsat8,anchor_2021,strict,,1,3,3,30m,151285,4602608,4602608,4602608,['MEASURED_M21B_LZW_GEOTIFF']
pilot_20_cell,observed_plan,landsat5,anchor_1990,strict,,1,3,3,30m,138335,3611509,3611509,3611509,"['ESTIMATE_FLOAT32_LZW_RATIO_BORROWED_FROM_L8_TODO_MEASURE_AT_PHASE_D', 'MEASURED_M21B_LZW_GEOTIFF']"
pilot_20_cell,observed_plan,landsat5,anchor_2000,strict,,1,3,3,30m,138335,3611509,3611509,3611509,"['ESTIMATE_FLOAT32_LZW_RATIO_BORROWED_FROM_L8_TODO_MEASURE_AT_PHASE_D', 'MEASURED_M21B_LZW_GEOTIFF']"
pilot_20_cell,observed_plan,landsat8,anchor_2015,strict,,1,3,3,30m,138335,4208624,4208624,4208624,['MEASURED_M21B_LZW_GEOTIFF']
pilot_20_cell,observed_plan,sentinel2,anchor_2015,strict,,1,2,2,10m,1240555,13838750,9752341,16575058,['MEASURED_M21B_LZW_GEOTIFF']
pilot_20_cell,observed_plan,landsat8,anchor_2020,strict,,1,3,3,30m,138335,4208624,4208624,4208624,['MEASURED_M21B_LZW_GEOTIFF']
pilot_20_cell,observed_plan,sentinel1,anchor_2020_ASC,s1_actual_footprint,ASC,1,1,1,10m,1240555,11056925,11056925,11056925,['MEASURED_M21B_LZW_GEOTIFF']
pilot_20_cell,observed_plan,sentinel1,anchor_2020_DESC,s1_actual_footprint,DESC,1,1,1,10m,1240555,11056925,11056925,11056925,['MEASURED_M21B_LZW_GEOTIFF']
pilot_20_cell,observed_plan,sentinel2,anchor_2020,strict,,1,2,2,10m,1240555,13838750,9752341,16575058,['MEASURED_M21B_LZW_GEOTIFF']
pilot_20_cell,observed_plan,sentinel1,anchor_2021_ASC,s1_actual_footprint,ASC,1,1,1,10m,1240555,11056925,11056925,11056925,['MEASURED_M21B_LZW_GEOTIFF']
pilot_20_cell,observed_plan,sentinel1,anchor_2021_DESC,s1_actual_footprint,DESC,1,1,1,10m,1240555,11056925,11056925,11056925,['MEASURED_M21B_LZW_GEOTIFF']
pilot_20_cell,observed_plan,sentinel2,anchor_2021,strict,,1,2,2,10m,1240555,13838750,9752341,16575058,['MEASURED_M21B_LZW_GEOTIFF']
pilot_20_cell,observed_plan,landsat8,anchor_2021,strict,,1,3,3,30m,138335,4208624,4208624,4208624,['MEASURED_M21B_LZW_GEOTIFF']
pilot_20_cell,observed_plan,landsat5,anchor_1990,strict,,1,3,3,30m,138335,3611509,3611509,3611509,"['ESTIMATE_FLOAT32_LZW_RATIO_BORROWED_FROM_L8_TODO_MEASURE_AT_PHASE_D', 'MEASURED_M21B_LZW_GEOTIFF']"
pilot_20_cell,observed_plan,landsat5,anchor_2000,strict,,1,3,3,30m,138335,3611509,3611509,3611509,"['ESTIMATE_FLOAT32_LZW_RATIO_BORROWED_FROM_L8_TODO_MEASURE_AT_PHASE_D', 'MEASURED_M21B_LZW_GEOTIFF']"
pilot_20_cell,observed_plan,landsat8,anchor_2015,strict,,1,3,3,30m,138335,4208624,4208624,4208624,['MEASURED_M21B_LZW_GEOTIFF']
pilot_20_cell,observed_plan,landsat8,anchor_2020,strict,,1,3,3,30m,138335,4208624,4208624,4208624,['MEASURED_M21B_LZW_GEOTIFF']
pilot_20_cell,observed_plan,sentinel1,anchor_2020_ASC,s1_actual_footprint,ASC,1,1,1,10m,1241648,11066667,11066667,11066667,['MEASURED_M21B_LZW_GEOTIFF']
pilot_20_cell,observed_plan,sentinel1,anchor_2020_DESC,s1_actual_footprint,DESC,1,1,1,10m,1241648,11066667,11066667,11066667,['MEASURED_M21B_LZW_GEOTIFF']
pilot_20_cell,observed_plan,sentinel2,anchor_2020,strict,,1,2,2,10m,1241648,13850943,9760933,16589662,['MEASURED_M21B_LZW_GEOTIFF']
pilot_20_cell,observed_plan,sentinel1,anchor_2021_ASC,s1_actual_footprint,ASC,1,1,1,10m,1241648,11066667,11066667,11066667,['MEASURED_M21B_LZW_GEOTIFF']
pilot_20_cell,observed_plan,sentinel1,anchor_2021_DESC,s1_actual_footprint,DESC,1,1,1,10m,1241648,11066667,11066667,11066667,['MEASURED_M21B_LZW_GEOTIFF']
pilot_20_cell,observed_plan,sentinel2,anchor_2021,strict,,1,2,2,10m,1241648,13850943,9760933,16589662,['MEASURED_M21B_LZW_GEOTIFF']
pilot_20_cell,observed_plan,landsat7,anchor_2000,strict,,1,3,3,30m,150912,3939857,3939857,3939857,"['ESTIMATE_FLOAT32_LZW_RATIO_BORROWED_FROM_L8_TODO_MEASURE_AT_PHASE_D', 'MEASURED_M21B_LZW_GEOTIFF']"
pilot_20_cell,observed_plan,landsat8,anchor_2015,strict,,1,3,3,30m,150912,4591260,4591260,4591260,['MEASURED_M21B_LZW_GEOTIFF']
pilot_20_cell,observed_plan,sentinel1,anchor_2015_ASC,s1_actual_footprint,ASC,1,1,1,10m,1352373,12053546,12053546,12053546,['MEASURED_M21B_LZW_GEOTIFF']
pilot_20_cell,observed_plan,sentinel1,anchor_2020_ASC,s1_actual_footprint,ASC,1,1,1,10m,1352373,12053546,12053546,12053546,['MEASURED_M21B_LZW_GEOTIFF']
pilot_20_cell,observed_plan,sentinel2,anchor_2020,strict,,1,2,2,10m,1352373,15086112,10631372,18069059,['MEASURED_M21B_LZW_GEOTIFF']
pilot_20_cell,observed_plan,sentinel1,anchor_2021_ASC,s1_actual_footprint,ASC,1,1,1,10m,1352373,12053546,12053546,12053546,['MEASURED_M21B_LZW_GEOTIFF']
pilot_20_cell,observed_plan,sentinel2,anchor_2021,strict,,1,2,2,10m,1352373,15086112,10631372,18069059,['MEASURED_M21B_LZW_GEOTIFF']
pilot_20_cell,observed_plan,landsat8,anchor_2021,strict,,1,3,3,30m,150912,4591260,4591260,4591260,['MEASURED_M21B_LZW_GEOTIFF']
pilot_20_cell,observed_plan,landsat5,anchor_1990,near_full,,1,3,3,30m,150902,3939596,3939596,3939596,"['ESTIMATE_FLOAT32_LZW_RATIO_BORROWED_FROM_L8_TODO_MEASURE_AT_PHASE_D', 'MEASURED_M21B_LZW_GEOTIFF']"
pilot_20_cell,observed_plan,landsat5,anchor_2000,near_full,,1,3,3,30m,150902,3939596,3939596,3939596,"['ESTIMATE_FLOAT32_LZW_RATIO_BORROWED_FROM_L8_TODO_MEASURE_AT_PHASE_D', 'MEASURED_M21B_LZW_GEOTIFF']"
pilot_20_cell,observed_plan,landsat8,anchor_2015,strict,,1,3,3,30m,150902,4590956,4590956,4590956,['MEASURED_M21B_LZW_GEOTIFF']
pilot_20_cell,observed_plan,sentinel1,anchor_2015_ASC,s1_actual_footprint,ASC,1,1,1,10m,1353460,12063235,12063235,12063235,['MEASURED_M21B_LZW_GEOTIFF']
pilot_20_cell,observed_plan,landsat8,anchor_2020,near_full,,1,3,3,30m,150902,4590956,4590956,4590956,['MEASURED_M21B_LZW_GEOTIFF']
pilot_20_cell,observed_plan,sentinel1,anchor_2020_ASC,s1_actual_footprint,ASC,1,1,1,10m,1353460,12063235,12063235,12063235,['MEASURED_M21B_LZW_GEOTIFF']
pilot_20_cell,observed_plan,sentinel2,anchor_2020,strict,,1,2,2,10m,1353460,15098238,10639918,18083582,['MEASURED_M21B_LZW_GEOTIFF']
pilot_20_cell,observed_plan,sentinel1,anchor_2021_ASC,s1_actual_footprint,ASC,1,1,1,10m,1353460,12063235,12063235,12063235,['MEASURED_M21B_LZW_GEOTIFF']
pilot_20_cell,observed_plan,sentinel2,anchor_2021,strict,,1,2,2,10m,1353460,15098238,10639918,18083582,['MEASURED_M21B_LZW_GEOTIFF']
pilot_20_cell,observed_plan,landsat8,anchor_2021,strict,,1,3,3,30m,150902,4590956,4590956,4590956,['MEASURED_M21B_LZW_GEOTIFF']
pilot_20_cell,observed_plan,landsat5,anchor_1990,near_full,,1,3,3,30m,126727,3308459,3308459,3308459,"['ESTIMATE_FLOAT32_LZW_RATIO_BORROWED_FROM_L8_TODO_MEASURE_AT_PHASE_D', 'MEASURED_M21B_LZW_GEOTIFF']"
pilot_20_cell,observed_plan,landsat5,anchor_2000,near_full,,1,3,3,30m,126727,3308459,3308459,3308459,"['ESTIMATE_FLOAT32_LZW_RATIO_BORROWED_FROM_L8_TODO_MEASURE_AT_PHASE_D', 'MEASURED_M21B_LZW_GEOTIFF']"
pilot_20_cell,observed_plan,landsat8,anchor_2015,near_full,,1,3,3,30m,126727,3855469,3855469,3855469,['MEASURED_M21B_LZW_GEOTIFF']
pilot_20_cell,observed_plan,sentinel1,anchor_2015_ASC,s1_actual_footprint,ASC,1,1,1,10m,1136275,10127490,10127490,10127490,['MEASURED_M21B_LZW_GEOTIFF']
pilot_20_cell,observed_plan,sentinel1,anchor_2020_ASC,s1_actual_footprint,ASC,1,1,1,10m,1136275,10127490,10127490,10127490,['MEASURED_M21B_LZW_GEOTIFF']
pilot_20_cell,observed_plan,sentinel2,anchor_2020,strict,,1,2,2,10m,1136275,12675477,8932567,15181773,['MEASURED_M21B_LZW_GEOTIFF']
pilot_20_cell,observed_plan,sentinel1,anchor_2021_ASC,s1_actual_footprint,ASC,1,1,1,10m,1136275,10127490,10127490,10127490,['MEASURED_M21B_LZW_GEOTIFF']
pilot_20_cell,observed_plan,sentinel2,anchor_2021,strict,,1,2,2,10m,1136275,12675477,8932567,15181773,['MEASURED_M21B_LZW_GEOTIFF']
pilot_20_cell,observed_plan,landsat8,anchor_2021,near_full,,1,3,3,30m,126727,3855469,3855469,3855469,['MEASURED_M21B_LZW_GEOTIFF']
pilot_20_cell,observed_plan,landsat7,anchor_2000,strict,,1,3,3,30m,150902,3939596,3939596,3939596,"['ESTIMATE_FLOAT32_LZW_RATIO_BORROWED_FROM_L8_TODO_MEASURE_AT_PHASE_D', 'MEASURED_M21B_LZW_GEOTIFF']"
pilot_20_cell,observed_plan,landsat8,anchor_2015,strict,,1,3,3,30m,150902,4590956,4590956,4590956,['MEASURED_M21B_LZW_GEOTIFF']
pilot_20_cell,observed_plan,sentinel1,anchor_2015_ASC,s1_actual_footprint,ASC,1,1,1,10m,1353460,12063235,12063235,12063235,['MEASURED_M21B_LZW_GEOTIFF']
pilot_20_cell,observed_plan,sentinel1,anchor_2020_ASC,s1_actual_footprint,ASC,1,1,1,10m,1353460,12063235,12063235,12063235,['MEASURED_M21B_LZW_GEOTIFF']
pilot_20_cell,observed_plan,sentinel2,anchor_2020,strict,,1,2,2,10m,1353460,15098238,10639918,18083582,['MEASURED_M21B_LZW_GEOTIFF']
pilot_20_cell,observed_plan,sentinel1,anchor_2021_ASC,s1_actual_footprint,ASC,1,1,1,10m,1353460,12063235,12063235,12063235,['MEASURED_M21B_LZW_GEOTIFF']
pilot_20_cell,observed_plan,sentinel2,anchor_2021,strict,,1,2,2,10m,1353460,15098238,10639918,18083582,['MEASURED_M21B_LZW_GEOTIFF']
pilot_20_cell,observed_plan,landsat8,anchor_2021,strict,,1,3,3,30m,150902,4590956,4590956,4590956,['MEASURED_M21B_LZW_GEOTIFF']
pilot_20_cell,observed_plan,landsat7,anchor_2000,strict,,1,3,3,30m,139128,3632212,3632212,3632212,"['ESTIMATE_FLOAT32_LZW_RATIO_BORROWED_FROM_L8_TODO_MEASURE_AT_PHASE_D', 'MEASURED_M21B_LZW_GEOTIFF']"
pilot_20_cell,observed_plan,landsat8,anchor_2015,strict,,1,3,3,30m,139128,4232750,4232750,4232750,['MEASURED_M21B_LZW_GEOTIFF']
pilot_20_cell,observed_plan,sentinel1,anchor_2015_ASC,s1_actual_footprint,ASC,1,1,1,10m,1247685,11120474,11120474,11120474,['MEASURED_M21B_LZW_GEOTIFF']
pilot_20_cell,observed_plan,landsat8,anchor_2020,strict,,1,3,3,30m,139128,4232750,4232750,4232750,['MEASURED_M21B_LZW_GEOTIFF']
pilot_20_cell,observed_plan,sentinel1,anchor_2020_ASC,s1_actual_footprint,ASC,1,1,1,10m,1247685,11120474,11120474,11120474,['MEASURED_M21B_LZW_GEOTIFF']
pilot_20_cell,observed_plan,sentinel2,anchor_2020,strict,,1,2,2,10m,1247685,13918288,9808392,16670322,['MEASURED_M21B_LZW_GEOTIFF']
pilot_20_cell,observed_plan,sentinel1,anchor_2021_ASC,s1_actual_footprint,ASC,1,1,1,10m,1247685,11120474,11120474,11120474,['MEASURED_M21B_LZW_GEOTIFF']
pilot_20_cell,observed_plan,sentinel2,anchor_2021,strict,,1,2,2,10m,1247685,13918288,9808392,16670322,['MEASURED_M21B_LZW_GEOTIFF']
pilot_20_cell,observed_plan,landsat8,anchor_2021,strict,,1,3,3,30m,139128,4232750,4232750,4232750,['MEASURED_M21B_LZW_GEOTIFF']
pilot_20_cell,observed_plan,landsat5,anchor_1990,strict,,1,3,3,30m,138714,3621404,3621404,3621404,"['ESTIMATE_FLOAT32_LZW_RATIO_BORROWED_FROM_L8_TODO_MEASURE_AT_PHASE_D', 'MEASURED_M21B_LZW_GEOTIFF']"
pilot_20_cell,observed_plan,landsat5,anchor_2000,strict,,1,3,3,30m,138714,3621404,3621404,3621404,"['ESTIMATE_FLOAT32_LZW_RATIO_BORROWED_FROM_L8_TODO_MEASURE_AT_PHASE_D', 'MEASURED_M21B_LZW_GEOTIFF']"
pilot_20_cell,observed_plan,landsat8,anchor_2015,strict,,1,3,3,30m,138714,4220155,4220155,4220155,['MEASURED_M21B_LZW_GEOTIFF']
pilot_20_cell,observed_plan,landsat8,anchor_2020,strict,,1,3,3,30m,138714,4220155,4220155,4220155,['MEASURED_M21B_LZW_GEOTIFF']
pilot_20_cell,observed_plan,sentinel1,anchor_2020_ASC,s1_actual_footprint,ASC,1,1,1,10m,1241690,11067041,11067041,11067041,['MEASURED_M21B_LZW_GEOTIFF']
pilot_20_cell,observed_plan,sentinel1,anchor_2020_DESC,s1_actual_footprint,DESC,1,1,1,10m,1241690,11067041,11067041,11067041,['MEASURED_M21B_LZW_GEOTIFF']
pilot_20_cell,observed_plan,sentinel2,anchor_2020,strict,,1,2,2,10m,1241690,13851412,9761263,16590223,['MEASURED_M21B_LZW_GEOTIFF']
pilot_20_cell,observed_plan,sentinel1,anchor_2021_ASC,s1_actual_footprint,ASC,1,1,1,10m,1241690,11067041,11067041,11067041,['MEASURED_M21B_LZW_GEOTIFF']
pilot_20_cell,observed_plan,sentinel1,anchor_2021_DESC,s1_actual_footprint,DESC,1,1,1,10m,1241690,11067041,11067041,11067041,['MEASURED_M21B_LZW_GEOTIFF']
pilot_20_cell,observed_plan,sentinel2,anchor_2021,strict,,1,2,2,10m,1241690,13851412,9761263,16590223,['MEASURED_M21B_LZW_GEOTIFF']
pilot_20_cell,observed_plan,landsat5,anchor_1990,strict,,1,3,3,30m,151272,3949255,3949255,3949255,"['ESTIMATE_FLOAT32_LZW_RATIO_BORROWED_FROM_L8_TODO_MEASURE_AT_PHASE_D', 'MEASURED_M21B_LZW_GEOTIFF']"
pilot_20_cell,observed_plan,landsat5,anchor_2000,strict,,1,3,3,30m,151272,3949255,3949255,3949255,"['ESTIMATE_FLOAT32_LZW_RATIO_BORROWED_FROM_L8_TODO_MEASURE_AT_PHASE_D', 'MEASURED_M21B_LZW_GEOTIFF']"
pilot_20_cell,observed_plan,landsat8,anchor_2015,strict,,1,3,3,30m,151272,4602212,4602212,4602212,['MEASURED_M21B_LZW_GEOTIFF']
pilot_20_cell,observed_plan,landsat8,anchor_2020,strict,,1,3,3,30m,151272,4602212,4602212,4602212,['MEASURED_M21B_LZW_GEOTIFF']
pilot_20_cell,observed_plan,sentinel1,anchor_2020_ASC,s1_actual_footprint,ASC,1,1,1,10m,1357928,12103057,12103057,12103057,['MEASURED_M21B_LZW_GEOTIFF']
pilot_20_cell,observed_plan,sentinel1,anchor_2020_DESC,s1_actual_footprint,DESC,1,1,1,10m,1357928,12103057,12103057,12103057,['MEASURED_M21B_LZW_GEOTIFF']
pilot_20_cell,observed_plan,sentinel2,anchor_2020,strict,,1,2,2,10m,1357928,15148080,10675042,18143279,['MEASURED_M21B_LZW_GEOTIFF']
pilot_20_cell,observed_plan,sentinel1,anchor_2021_ASC,s1_actual_footprint,ASC,1,1,1,10m,1357928,12103057,12103057,12103057,['MEASURED_M21B_LZW_GEOTIFF']
pilot_20_cell,observed_plan,sentinel1,anchor_2021_DESC,s1_actual_footprint,DESC,1,1,1,10m,1357928,12103057,12103057,12103057,['MEASURED_M21B_LZW_GEOTIFF']
pilot_20_cell,observed_plan,sentinel2,anchor_2021,strict,,1,2,2,10m,1357928,15148080,10675042,18143279,['MEASURED_M21B_LZW_GEOTIFF']
pilot_20_cell,observed_plan,landsat8,anchor_2021,strict,,1,3,3,30m,151272,4602212,4602212,4602212,['MEASURED_M21B_LZW_GEOTIFF']
pilot_20_cell,observed_plan,landsat5,anchor_1990,strict,,1,3,3,30m,151668,3959594,3959594,3959594,"['ESTIMATE_FLOAT32_LZW_RATIO_BORROWED_FROM_L8_TODO_MEASURE_AT_PHASE_D', 'MEASURED_M21B_LZW_GEOTIFF']"
pilot_20_cell,observed_plan,landsat5,anchor_2000,strict,,1,3,3,30m,151668,3959594,3959594,3959594,"['ESTIMATE_FLOAT32_LZW_RATIO_BORROWED_FROM_L8_TODO_MEASURE_AT_PHASE_D', 'MEASURED_M21B_LZW_GEOTIFF']"
pilot_20_cell,observed_plan,landsat8,anchor_2015,strict,,1,3,3,30m,151668,4614260,4614260,4614260,['MEASURED_M21B_LZW_GEOTIFF']
pilot_20_cell,observed_plan,landsat8,anchor_2020,strict,,1,3,3,30m,151668,4614260,4614260,4614260,['MEASURED_M21B_LZW_GEOTIFF']
pilot_20_cell,observed_plan,sentinel1,anchor_2020_ASC,s1_actual_footprint,ASC,1,1,1,10m,1360302,12124217,12124217,12124217,['MEASURED_M21B_LZW_GEOTIFF']
pilot_20_cell,observed_plan,sentinel1,anchor_2020_DESC,s1_actual_footprint,DESC,1,1,1,10m,1360302,12124217,12124217,12124217,['MEASURED_M21B_LZW_GEOTIFF']
pilot_20_cell,observed_plan,sentinel2,anchor_2020,strict,,1,2,2,10m,1360302,15174563,10693704,18174998,['MEASURED_M21B_LZW_GEOTIFF']
pilot_20_cell,observed_plan,sentinel1,anchor_2021_ASC,s1_actual_footprint,ASC,1,1,1,10m,1360302,12124217,12124217,12124217,['MEASURED_M21B_LZW_GEOTIFF']
pilot_20_cell,observed_plan,sentinel1,anchor_2021_DESC,s1_actual_footprint,DESC,1,1,1,10m,1360302,12124217,12124217,12124217,['MEASURED_M21B_LZW_GEOTIFF']
pilot_20_cell,observed_plan,sentinel2,anchor_2021,strict,,1,2,2,10m,1360302,15174563,10693704,18174998,['MEASURED_M21B_LZW_GEOTIFF']
pilot_20_cell,observed_plan,landsat5,anchor_1990,strict,,1,3,3,30m,138754,3622448,3622448,3622448,"['ESTIMATE_FLOAT32_LZW_RATIO_BORROWED_FROM_L8_TODO_MEASURE_AT_PHASE_D', 'MEASURED_M21B_LZW_GEOTIFF']"
pilot_20_cell,observed_plan,landsat5,anchor_2000,strict,,1,3,3,30m,138754,3622448,3622448,3622448,"['ESTIMATE_FLOAT32_LZW_RATIO_BORROWED_FROM_L8_TODO_MEASURE_AT_PHASE_D', 'MEASURED_M21B_LZW_GEOTIFF']"
pilot_20_cell,observed_plan,landsat8,anchor_2015,strict,,1,3,3,30m,138754,4221372,4221372,4221372,['MEASURED_M21B_LZW_GEOTIFF']
pilot_20_cell,observed_plan,sentinel1,anchor_2015_ASC,s1_actual_footprint,ASC,1,1,1,10m,1243216,11080642,11080642,11080642,['MEASURED_M21B_LZW_GEOTIFF']
pilot_20_cell,observed_plan,landsat8,anchor_2020,strict,,1,3,3,30m,138754,4221372,4221372,4221372,['MEASURED_M21B_LZW_GEOTIFF']
pilot_20_cell,observed_plan,sentinel1,anchor_2020_ASC,s1_actual_footprint,ASC,1,1,1,10m,1243216,11080642,11080642,11080642,['MEASURED_M21B_LZW_GEOTIFF']
pilot_20_cell,observed_plan,sentinel2,anchor_2020,strict,,1,2,2,10m,1243216,13868435,9773260,16610612,['MEASURED_M21B_LZW_GEOTIFF']
pilot_20_cell,observed_plan,sentinel1,anchor_2021_ASC,s1_actual_footprint,ASC,1,1,1,10m,1243216,11080642,11080642,11080642,['MEASURED_M21B_LZW_GEOTIFF']
pilot_20_cell,observed_plan,sentinel2,anchor_2021,strict,,1,2,2,10m,1243216,13868435,9773260,16610612,['MEASURED_M21B_LZW_GEOTIFF']
pilot_20_cell,observed_plan,landsat8,anchor_2021,strict,,1,3,3,30m,138754,4221372,4221372,4221372,['MEASURED_M21B_LZW_GEOTIFF']
pilot_20_cell,observed_plan,landsat5,anchor_1990,strict,,1,3,3,30m,150890,3939282,3939282,3939282,"['ESTIMATE_FLOAT32_LZW_RATIO_BORROWED_FROM_L8_TODO_MEASURE_AT_PHASE_D', 'MEASURED_M21B_LZW_GEOTIFF']"
pilot_20_cell,observed_plan,landsat5,anchor_2000,strict,,1,3,3,30m,150890,3939282,3939282,3939282,"['ESTIMATE_FLOAT32_LZW_RATIO_BORROWED_FROM_L8_TODO_MEASURE_AT_PHASE_D', 'MEASURED_M21B_LZW_GEOTIFF']"
pilot_20_cell,observed_plan,landsat8,anchor_2015,strict,,1,3,3,30m,150890,4590590,4590590,4590590,['MEASURED_M21B_LZW_GEOTIFF']
pilot_20_cell,observed_plan,sentinel1,anchor_2015_DESC,s1_actual_footprint,DESC,1,1,1,10m,1355640,12082665,12082665,12082665,['MEASURED_M21B_LZW_GEOTIFF']
pilot_20_cell,observed_plan,landsat8,anchor_2020,strict,,1,3,3,30m,150890,4590590,4590590,4590590,['MEASURED_M21B_LZW_GEOTIFF']
pilot_20_cell,observed_plan,sentinel1,anchor_2020_ASC,s1_actual_footprint,ASC,1,1,1,10m,1355640,12082665,12082665,12082665,['MEASURED_M21B_LZW_GEOTIFF']
pilot_20_cell,observed_plan,sentinel1,anchor_2020_DESC,s1_actual_footprint,DESC,1,1,1,10m,1355640,12082665,12082665,12082665,['MEASURED_M21B_LZW_GEOTIFF']
pilot_20_cell,observed_plan,sentinel2,anchor_2020,strict,,1,2,2,10m,1355640,15122557,10657055,18112709,['MEASURED_M21B_LZW_GEOTIFF']
pilot_20_cell,observed_plan,sentinel1,anchor_2021_ASC,s1_actual_footprint,ASC,1,1,1,10m,1355640,12082665,12082665,12082665,['MEASURED_M21B_LZW_GEOTIFF']
pilot_20_cell,observed_plan,sentinel1,anchor_2021_DESC,s1_actual_footprint,DESC,1,1,1,10m,1355640,12082665,12082665,12082665,['MEASURED_M21B_LZW_GEOTIFF']
pilot_20_cell,observed_plan,sentinel2,anchor_2021,strict,,1,2,2,10m,1355640,15122557,10657055,18112709,['MEASURED_M21B_LZW_GEOTIFF']
pilot_20_cell,observed_plan,landsat8,anchor_2021,strict,,1,3,3,30m,150890,4590590,4590590,4590590,['MEASURED_M21B_LZW_GEOTIFF']
pilot_20_cell,observed_plan,landsat5,anchor_1990,strict,,1,3,3,30m,126720,3308277,3308277,3308277,"['ESTIMATE_FLOAT32_LZW_RATIO_BORROWED_FROM_L8_TODO_MEASURE_AT_PHASE_D', 'MEASURED_M21B_LZW_GEOTIFF']"
pilot_20_cell,observed_plan,landsat5,anchor_2000,strict,,1,3,3,30m,126720,3308277,3308277,3308277,"['ESTIMATE_FLOAT32_LZW_RATIO_BORROWED_FROM_L8_TODO_MEASURE_AT_PHASE_D', 'MEASURED_M21B_LZW_GEOTIFF']"
pilot_20_cell,observed_plan,landsat8,anchor_2015,strict,,1,3,3,30m,126720,3855256,3855256,3855256,['MEASURED_M21B_LZW_GEOTIFF']
pilot_20_cell,observed_plan,sentinel1,anchor_2020_ASC,s1_actual_footprint,ASC,1,1,1,10m,1135134,10117320,10117320,10117320,['MEASURED_M21B_LZW_GEOTIFF']
pilot_20_cell,observed_plan,sentinel2,anchor_2020,strict,,1,2,2,10m,1135134,12662749,8923597,15166528,['MEASURED_M21B_LZW_GEOTIFF']
pilot_20_cell,observed_plan,sentinel1,anchor_2021_ASC,s1_actual_footprint,ASC,1,1,1,10m,1135134,10117320,10117320,10117320,['MEASURED_M21B_LZW_GEOTIFF']
pilot_20_cell,observed_plan,sentinel2,anchor_2021,strict,,1,2,2,10m,1135134,12662749,8923597,15166528,['MEASURED_M21B_LZW_GEOTIFF']
pilot_20_cell,observed_plan,landsat8,anchor_2021,strict,,1,3,3,30m,126720,3855256,3855256,3855256,['MEASURED_M21B_LZW_GEOTIFF']
pilot_20_cell,observed_plan,landsat5,anchor_1990,strict,,1,3,3,30m,140250,3661504,3661504,3661504,"['ESTIMATE_FLOAT32_LZW_RATIO_BORROWED_FROM_L8_TODO_MEASURE_AT_PHASE_D', 'MEASURED_M21B_LZW_GEOTIFF']"
pilot_20_cell,observed_plan,landsat5,anchor_2000,strict,,1,3,3,30m,140250,3661504,3661504,3661504,"['ESTIMATE_FLOAT32_LZW_RATIO_BORROWED_FROM_L8_TODO_MEASURE_AT_PHASE_D', 'MEASURED_M21B_LZW_GEOTIFF']"
pilot_20_cell,observed_plan,landsat8,anchor_2015,strict,,1,3,3,30m,140250,4266885,4266885,4266885,['MEASURED_M21B_LZW_GEOTIFF']
pilot_20_cell,observed_plan,sentinel1,anchor_2015_ASC,s1_actual_footprint,ASC,1,1,1,10m,1256640,11200289,11200289,11200289,['MEASURED_M21B_LZW_GEOTIFF']
pilot_20_cell,observed_plan,landsat8,anchor_2020,strict,,1,3,3,30m,140250,4266885,4266885,4266885,['MEASURED_M21B_LZW_GEOTIFF']
pilot_20_cell,observed_plan,sentinel1,anchor_2020_ASC,s1_actual_footprint,ASC,1,1,1,10m,1256640,11200289,11200289,11200289,['MEASURED_M21B_LZW_GEOTIFF']
pilot_20_cell,observed_plan,sentinel2,anchor_2020,strict,,1,2,2,10m,1256640,14018183,9878789,16789970,['MEASURED_M21B_LZW_GEOTIFF']
pilot_20_cell,observed_plan,sentinel1,anchor_2021_ASC,s1_actual_footprint,ASC,1,1,1,10m,1256640,11200289,11200289,11200289,['MEASURED_M21B_LZW_GEOTIFF']
pilot_20_cell,observed_plan,sentinel2,anchor_2021,strict,,1,2,2,10m,1256640,14018183,9878789,16789970,['MEASURED_M21B_LZW_GEOTIFF']
pilot_20_cell,observed_plan,landsat8,anchor_2021,strict,,1,3,3,30m,140250,4266885,4266885,4266885,['MEASURED_M21B_LZW_GEOTIFF']
pilot_20_cell,observed_plan,landsat5,anchor_2000,strict,,1,3,3,30m,150890,3939282,3939282,3939282,"['ESTIMATE_FLOAT32_LZW_RATIO_BORROWED_FROM_L8_TODO_MEASURE_AT_PHASE_D', 'MEASURED_M21B_LZW_GEOTIFF']"
pilot_20_cell,observed_plan,landsat8,anchor_2015,strict,,1,3,3,30m,150890,4590590,4590590,4590590,['MEASURED_M21B_LZW_GEOTIFF']
pilot_20_cell,observed_plan,sentinel1,anchor_2015_DESC,s1_actual_footprint,DESC,1,1,1,10m,1353352,12062272,12062272,12062272,['MEASURED_M21B_LZW_GEOTIFF']
pilot_20_cell,observed_plan,sentinel2,anchor_2015,strict,,1,2,2,10m,1353352,15097033,10639069,18082139,['MEASURED_M21B_LZW_GEOTIFF']
pilot_20_cell,observed_plan,landsat8,anchor_2020,strict,,1,3,3,30m,150890,4590590,4590590,4590590,['MEASURED_M21B_LZW_GEOTIFF']
pilot_20_cell,observed_plan,sentinel1,anchor_2020_ASC,s1_actual_footprint,ASC,1,1,1,10m,1353352,12062272,12062272,12062272,['MEASURED_M21B_LZW_GEOTIFF']
pilot_20_cell,observed_plan,sentinel1,anchor_2020_DESC,s1_actual_footprint,DESC,1,1,1,10m,1353352,12062272,12062272,12062272,['MEASURED_M21B_LZW_GEOTIFF']
pilot_20_cell,observed_plan,sentinel2,anchor_2020,strict,,1,2,2,10m,1353352,15097033,10639069,18082139,['MEASURED_M21B_LZW_GEOTIFF']
pilot_20_cell,observed_plan,sentinel1,anchor_2021_ASC,s1_actual_footprint,ASC,1,1,1,10m,1353352,12062272,12062272,12062272,['MEASURED_M21B_LZW_GEOTIFF']
pilot_20_cell,observed_plan,sentinel1,anchor_2021_DESC,s1_actual_footprint,DESC,1,1,1,10m,1353352,12062272,12062272,12062272,['MEASURED_M21B_LZW_GEOTIFF']
pilot_20_cell,observed_plan,sentinel2,anchor_2021,strict,,1,2,2,10m,1353352,15097033,10639069,18082139,['MEASURED_M21B_LZW_GEOTIFF']
pilot_20_cell,observed_plan,landsat8,anchor_2021,strict,,1,3,3,30m,150890,4590590,4590590,4590590,['MEASURED_M21B_LZW_GEOTIFF']
pilot_20_cell,observed_plan,landsat7,anchor_2000,strict,,1,3,3,30m,139875,3651714,3651714,3651714,"['ESTIMATE_FLOAT32_LZW_RATIO_BORROWED_FROM_L8_TODO_MEASURE_AT_PHASE_D', 'MEASURED_M21B_LZW_GEOTIFF']"
pilot_20_cell,observed_plan,landsat8,anchor_2015,strict,,1,3,3,30m,139875,4255476,4255476,4255476,['MEASURED_M21B_LZW_GEOTIFF']
pilot_20_cell,observed_plan,sentinel1,anchor_2015_ASC,s1_actual_footprint,ASC,1,1,1,10m,1253274,11170288,11170288,11170288,['MEASURED_M21B_LZW_GEOTIFF']
pilot_20_cell,observed_plan,landsat8,anchor_2020,strict,,1,3,3,30m,139875,4255476,4255476,4255476,['MEASURED_M21B_LZW_GEOTIFF']
pilot_20_cell,observed_plan,sentinel1,anchor_2020_ASC,s1_actual_footprint,ASC,1,1,1,10m,1253274,11170288,11170288,11170288,['MEASURED_M21B_LZW_GEOTIFF']
pilot_20_cell,observed_plan,sentinel2,anchor_2020,strict,,1,2,2,10m,1253274,13980634,9852328,16744997,['MEASURED_M21B_LZW_GEOTIFF']
pilot_20_cell,observed_plan,sentinel1,anchor_2021_ASC,s1_actual_footprint,ASC,1,1,1,10m,1253274,11170288,11170288,11170288,['MEASURED_M21B_LZW_GEOTIFF']
pilot_20_cell,observed_plan,sentinel2,anchor_2021,strict,,1,2,2,10m,1253274,13980634,9852328,16744997,['MEASURED_M21B_LZW_GEOTIFF']
pilot_20_cell,observed_plan,landsat8,anchor_2021,strict,,1,3,3,30m,139875,4255476,4255476,4255476,['MEASURED_M21B_LZW_GEOTIFF']
pilot_20_cell,observed_plan,landsat5,anchor_1990,strict,,1,3,3,30m,151668,3959594,3959594,3959594,"['ESTIMATE_FLOAT32_LZW_RATIO_BORROWED_FROM_L8_TODO_MEASURE_AT_PHASE_D', 'MEASURED_M21B_LZW_GEOTIFF']"
pilot_20_cell,observed_plan,landsat5,anchor_2000,strict,,1,3,3,30m,151668,3959594,3959594,3959594,"['ESTIMATE_FLOAT32_LZW_RATIO_BORROWED_FROM_L8_TODO_MEASURE_AT_PHASE_D', 'MEASURED_M21B_LZW_GEOTIFF']"
pilot_20_cell,observed_plan,landsat8,anchor_2015,strict,,1,3,3,30m,151668,4614260,4614260,4614260,['MEASURED_M21B_LZW_GEOTIFF']
pilot_20_cell,observed_plan,landsat8,anchor_2020,strict,,1,3,3,30m,151668,4614260,4614260,4614260,['MEASURED_M21B_LZW_GEOTIFF']
pilot_20_cell,observed_plan,sentinel1,anchor_2020_ASC,s1_actual_footprint,ASC,1,1,1,10m,1359156,12114002,12114002,12114002,['MEASURED_M21B_LZW_GEOTIFF']
pilot_20_cell,observed_plan,sentinel1,anchor_2020_DESC,s1_actual_footprint,DESC,1,1,1,10m,1359156,12114002,12114002,12114002,['MEASURED_M21B_LZW_GEOTIFF']
pilot_20_cell,observed_plan,sentinel2,anchor_2020,strict,,1,2,2,10m,1359156,15161779,10684695,18159686,['MEASURED_M21B_LZW_GEOTIFF']
pilot_20_cell,observed_plan,sentinel1,anchor_2021_ASC,s1_actual_footprint,ASC,1,1,1,10m,1359156,12114002,12114002,12114002,['MEASURED_M21B_LZW_GEOTIFF']
pilot_20_cell,observed_plan,sentinel1,anchor_2021_DESC,s1_actual_footprint,DESC,1,1,1,10m,1359156,12114002,12114002,12114002,['MEASURED_M21B_LZW_GEOTIFF']
pilot_20_cell,observed_plan,sentinel2,anchor_2021,strict,,1,2,2,10m,1359156,15161779,10684695,18159686,['MEASURED_M21B_LZW_GEOTIFF']
pilot_20_cell,observed_plan,landsat8,anchor_2021,strict,,1,3,3,30m,151668,4614260,4614260,4614260,['MEASURED_M21B_LZW_GEOTIFF']
national_minimal_anchors,national_3016,landsat5,anchor_1990_L5,strict,,2203,6609,6609,30m,309068428,8068843733,8068843733,8068843733,"['ESTIMATE_FLOAT32_LZW_RATIO_BORROWED_FROM_L8_TODO_MEASURE_AT_PHASE_D', 'MEASURED_M21B_LZW_GEOTIFF']"
national_minimal_anchors,national_3016,landsat5,anchor_1990_L5,near_full_only,,26,78,78,30m,3545827,92570840,92570840,92570840,"['ESTIMATE_FLOAT32_LZW_RATIO_BORROWED_FROM_L8_TODO_MEASURE_AT_PHASE_D', 'MEASURED_M21B_LZW_GEOTIFF']"
national_minimal_anchors,national_3016,landsat5,anchor_2000_L5_preferred,strict,,2157,6471,6471,30m,301376002,7868017710,7868017710,7868017710,"['ESTIMATE_FLOAT32_LZW_RATIO_BORROWED_FROM_L8_TODO_MEASURE_AT_PHASE_D', 'MEASURED_M21B_LZW_GEOTIFF']"
national_minimal_anchors,national_3016,landsat5,anchor_2000_L5_preferred,near_full_only,,19,57,57,30m,2602092,67932768,67932768,67932768,"['ESTIMATE_FLOAT32_LZW_RATIO_BORROWED_FROM_L8_TODO_MEASURE_AT_PHASE_D', 'MEASURED_M21B_LZW_GEOTIFF']"
national_minimal_anchors,national_3016,landsat7,anchor_2000_L7_fallback_fill,strict,,834,2502,2502,30m,118428150,3091801522,3091801522,3091801522,"['ESTIMATE_FLOAT32_LZW_RATIO_BORROWED_FROM_L8_TODO_MEASURE_AT_PHASE_D', 'MEASURED_M21B_LZW_GEOTIFF']"
national_minimal_anchors,national_3016,landsat7,anchor_2000_L7_fallback_fill,near_full_only,,2,6,6,30m,275148,7183284,7183284,7183284,"['ESTIMATE_FLOAT32_LZW_RATIO_BORROWED_FROM_L8_TODO_MEASURE_AT_PHASE_D', 'MEASURED_M21B_LZW_GEOTIFF']"
national_minimal_anchors,national_3016,landsat8,anchor_2015_t8,strict,,2644,7932,7932,30m,369415412,11238881752,11238881752,11238881752,['MEASURED_M21B_LZW_GEOTIFF']
national_minimal_anchors,national_3016,landsat8,anchor_2015_t8,near_full_only,,19,57,57,30m,2553967,77700421,77700421,77700421,['MEASURED_M21B_LZW_GEOTIFF']
national_minimal_anchors,national_3016,landsat8,anchor_2020_t8,strict,,1624,4872,4872,30m,237010492,7210670717,7210670717,7210670717,['MEASURED_M21B_LZW_GEOTIFF']
national_minimal_anchors,national_3016,landsat8,anchor_2020_t8,near_full_only,,11,33,33,30m,1622879,49373536,49373536,49373536,['MEASURED_M21B_LZW_GEOTIFF']
national_minimal_anchors,national_3016,landsat8,anchor_2021_t8,strict,,2795,8385,8385,30m,392675714,11946539785,11946539785,11946539785,['MEASURED_M21B_LZW_GEOTIFF']
national_minimal_anchors,national_3016,landsat8,anchor_2021_t8,near_full_only,,16,48,48,30m,2160109,65717912,65717912,65717912,['MEASURED_M21B_LZW_GEOTIFF']
national_minimal_anchors,national_3016,sentinel2,anchor_2015_S2,strict_datatake_union,,287,574,574,10m,364927366,4070870451,2868793394,4875795376,['MEASURED_M21B_LZW_GEOTIFF']
national_minimal_anchors,national_3016,sentinel1,anchor_2015_S1,actual_footprint,ASC,2038,2038,2038,10m,2516254227,22427087072,22427087072,22427087072,['MEASURED_M21B_LZW_GEOTIFF']
national_minimal_anchors,national_3016,sentinel1,anchor_2015_S1,actual_footprint,DESC,414,414,414,10m,540598320,4818291198,4818291198,4818291198,['MEASURED_M21B_LZW_GEOTIFF']
national_minimal_anchors,national_3016,sentinel2,anchor_2020_S2,strict_datatake_union,,2959,5918,5918,10m,3725343175,41557281977,29285937110,49774318729,['MEASURED_M21B_LZW_GEOTIFF']
national_minimal_anchors,national_3016,sentinel1,anchor_2020_S1,actual_footprint,ASC,2977,2977,2977,10m,3751600933,33437591433,33437591433,33437591433,['MEASURED_M21B_LZW_GEOTIFF']
national_minimal_anchors,national_3016,sentinel1,anchor_2020_S1,actual_footprint,DESC,1508,1508,1508,10m,1874042426,16703126502,16703126502,16703126502,['MEASURED_M21B_LZW_GEOTIFF']
national_minimal_anchors,national_3016,sentinel2,anchor_2021_S2,strict_datatake_union,,2991,5982,5982,10m,3765800934,42008599995,29603986570,50314874941,['MEASURED_M21B_LZW_GEOTIFF']
national_minimal_anchors,national_3016,sentinel1,anchor_2021_S1,actual_footprint,ASC,2977,2977,2977,10m,3751600933,33437591433,33437591433,33437591433,['MEASURED_M21B_LZW_GEOTIFF']
national_minimal_anchors,national_3016,sentinel1,anchor_2021_S1,actual_footprint,DESC,959,959,959,10m,1263575187,11262101594,11262101594,11262101594,['MEASURED_M21B_LZW_GEOTIFF']
national_standard_annual,core_series,landsat5,annual_1984,strict,,1318,3954,3954,30m,195943908,5115503982,5115503982,5115503982,"['ESTIMATE_FLOAT32_LZW_RATIO_BORROWED_FROM_L8_TODO_MEASURE_AT_PHASE_D', 'MEASURED_M21B_LZW_GEOTIFF']"
national_standard_annual,core_series,landsat5,annual_1984,near_full_only,,9,27,27,30m,1321571,34502230,34502230,34502230,"['ESTIMATE_FLOAT32_LZW_RATIO_BORROWED_FROM_L8_TODO_MEASURE_AT_PHASE_D', 'MEASURED_M21B_LZW_GEOTIFF']"
national_standard_annual,core_series,landsat5,annual_1985,strict,,780,2340,2340,30m,115277283,3009541895,3009541895,3009541895,"['ESTIMATE_FLOAT32_LZW_RATIO_BORROWED_FROM_L8_TODO_MEASURE_AT_PHASE_D', 'MEASURED_M21B_LZW_GEOTIFF']"
national_standard_annual,core_series,landsat5,annual_1985,near_full_only,,5,15,15,30m,730517,19071594,19071594,19071594,"['ESTIMATE_FLOAT32_LZW_RATIO_BORROWED_FROM_L8_TODO_MEASURE_AT_PHASE_D', 'MEASURED_M21B_LZW_GEOTIFF']"
national_standard_annual,core_series,landsat5,annual_1986,strict,,1450,4350,4350,30m,209964706,5481544696,5481544696,5481544696,"['ESTIMATE_FLOAT32_LZW_RATIO_BORROWED_FROM_L8_TODO_MEASURE_AT_PHASE_D', 'MEASURED_M21B_LZW_GEOTIFF']"
national_standard_annual,core_series,landsat5,annual_1986,near_full_only,,22,66,66,30m,3059988,79887050,79887050,79887050,"['ESTIMATE_FLOAT32_LZW_RATIO_BORROWED_FROM_L8_TODO_MEASURE_AT_PHASE_D', 'MEASURED_M21B_LZW_GEOTIFF']"
national_standard_annual,core_series,landsat5,annual_1987,strict,,2308,6924,6924,30m,330055549,8616754113,8616754113,8616754113,"['ESTIMATE_FLOAT32_LZW_RATIO_BORROWED_FROM_L8_TODO_MEASURE_AT_PHASE_D', 'MEASURED_M21B_LZW_GEOTIFF']"
national_standard_annual,core_series,landsat5,annual_1987,near_full_only,,20,60,60,30m,2677155,69892436,69892436,69892436,"['ESTIMATE_FLOAT32_LZW_RATIO_BORROWED_FROM_L8_TODO_MEASURE_AT_PHASE_D', 'MEASURED_M21B_LZW_GEOTIFF']"
national_standard_annual,core_series,landsat5,annual_1988,strict,,2428,7284,7284,30m,345417224,9017801078,9017801078,9017801078,"['ESTIMATE_FLOAT32_LZW_RATIO_BORROWED_FROM_L8_TODO_MEASURE_AT_PHASE_D', 'MEASURED_M21B_LZW_GEOTIFF']"
national_standard_annual,core_series,landsat5,annual_1988,near_full_only,,24,72,72,30m,3166125,82657967,82657967,82657967,"['ESTIMATE_FLOAT32_LZW_RATIO_BORROWED_FROM_L8_TODO_MEASURE_AT_PHASE_D', 'MEASURED_M21B_LZW_GEOTIFF']"
national_standard_annual,core_series,landsat5,annual_1989,strict,,2571,7713,7713,30m,362967389,9475982911,9475982911,9475982911,"['ESTIMATE_FLOAT32_LZW_RATIO_BORROWED_FROM_L8_TODO_MEASURE_AT_PHASE_D', 'MEASURED_M21B_LZW_GEOTIFF']"
national_standard_annual,core_series,landsat5,annual_1989,near_full_only,,23,69,69,30m,3063492,79978529,79978529,79978529,"['ESTIMATE_FLOAT32_LZW_RATIO_BORROWED_FROM_L8_TODO_MEASURE_AT_PHASE_D', 'MEASURED_M21B_LZW_GEOTIFF']"
national_standard_annual,core_series,landsat5,annual_1990,strict,,2203,6609,6609,30m,309068428,8068843733,8068843733,8068843733,"['ESTIMATE_FLOAT32_LZW_RATIO_BORROWED_FROM_L8_TODO_MEASURE_AT_PHASE_D', 'MEASURED_M21B_LZW_GEOTIFF']"
national_standard_annual,core_series,landsat5,annual_1990,near_full_only,,26,78,78,30m,3545827,92570840,92570840,92570840,"['ESTIMATE_FLOAT32_LZW_RATIO_BORROWED_FROM_L8_TODO_MEASURE_AT_PHASE_D', 'MEASURED_M21B_LZW_GEOTIFF']"
national_standard_annual,core_series,landsat5,annual_1991,strict,,2706,8118,8118,30m,379224097,9900396486,9900396486,9900396486,"['ESTIMATE_FLOAT32_LZW_RATIO_BORROWED_FROM_L8_TODO_MEASURE_AT_PHASE_D', 'MEASURED_M21B_LZW_GEOTIFF']"
national_standard_annual,core_series,landsat5,annual_1991,near_full_only,,20,60,60,30m,2683449,70056753,70056753,70056753,"['ESTIMATE_FLOAT32_LZW_RATIO_BORROWED_FROM_L8_TODO_MEASURE_AT_PHASE_D', 'MEASURED_M21B_LZW_GEOTIFF']"
national_standard_annual,core_series,landsat5,annual_1992,strict,,2852,8556,8556,30m,400327809,10451350705,10451350705,10451350705,"['ESTIMATE_FLOAT32_LZW_RATIO_BORROWED_FROM_L8_TODO_MEASURE_AT_PHASE_D', 'MEASURED_M21B_LZW_GEOTIFF']"
national_standard_annual,core_series,landsat5,annual_1992,near_full_only,,22,66,66,30m,2973181,77620781,77620781,77620781,"['ESTIMATE_FLOAT32_LZW_RATIO_BORROWED_FROM_L8_TODO_MEASURE_AT_PHASE_D', 'MEASURED_M21B_LZW_GEOTIFF']"
national_standard_annual,core_series,landsat5,annual_1993,strict,,1510,4530,4530,30m,213498467,5573800529,5573800529,5573800529,"['ESTIMATE_FLOAT32_LZW_RATIO_BORROWED_FROM_L8_TODO_MEASURE_AT_PHASE_D', 'MEASURED_M21B_LZW_GEOTIFF']"
national_standard_annual,core_series,landsat5,annual_1993,near_full_only,,20,60,60,30m,2739391,71517230,71517230,71517230,"['ESTIMATE_FLOAT32_LZW_RATIO_BORROWED_FROM_L8_TODO_MEASURE_AT_PHASE_D', 'MEASURED_M21B_LZW_GEOTIFF']"
national_standard_annual,core_series,landsat5,annual_1994,strict,,2731,8193,8193,30m,381123813,9949992336,9949992336,9949992336,"['ESTIMATE_FLOAT32_LZW_RATIO_BORROWED_FROM_L8_TODO_MEASURE_AT_PHASE_D', 'MEASURED_M21B_LZW_GEOTIFF']"
national_standard_annual,core_series,landsat5,annual_1994,near_full_only,,25,75,75,30m,3510985,91661220,91661220,91661220,"['ESTIMATE_FLOAT32_LZW_RATIO_BORROWED_FROM_L8_TODO_MEASURE_AT_PHASE_D', 'MEASURED_M21B_LZW_GEOTIFF']"
national_standard_annual,core_series,landsat5,annual_1995,strict,,2216,6648,6648,30m,310747099,8112668766,8112668766,8112668766,"['ESTIMATE_FLOAT32_LZW_RATIO_BORROWED_FROM_L8_TODO_MEASURE_AT_PHASE_D', 'MEASURED_M21B_LZW_GEOTIFF']"
national_standard_annual,core_series,landsat5,annual_1995,near_full_only,,24,72,72,30m,3216816,83981356,83981356,83981356,"['ESTIMATE_FLOAT32_LZW_RATIO_BORROWED_FROM_L8_TODO_MEASURE_AT_PHASE_D', 'MEASURED_M21B_LZW_GEOTIFF']"
national_standard_annual,core_series,landsat5,annual_1996,strict,,2691,8073,8073,30m,379276884,9901774595,9901774595,9901774595,"['ESTIMATE_FLOAT32_LZW_RATIO_BORROWED_FROM_L8_TODO_MEASURE_AT_PHASE_D', 'MEASURED_M21B_LZW_GEOTIFF']"
national_standard_annual,core_series,landsat5,annual_1996,near_full_only,,18,54,54,30m,2483536,64837628,64837628,64837628,"['ESTIMATE_FLOAT32_LZW_RATIO_BORROWED_FROM_L8_TODO_MEASURE_AT_PHASE_D', 'MEASURED_M21B_LZW_GEOTIFF']"
national_standard_annual,core_series,landsat5,annual_1997,strict,,2715,8145,8145,30m,381269314,9953790928,9953790928,9953790928,"['ESTIMATE_FLOAT32_LZW_RATIO_BORROWED_FROM_L8_TODO_MEASURE_AT_PHASE_D', 'MEASURED_M21B_LZW_GEOTIFF']"
national_standard_annual,core_series,landsat5,annual_1997,near_full_only,,23,69,69,30m,3193141,83363273,83363273,83363273,"['ESTIMATE_FLOAT32_LZW_RATIO_BORROWED_FROM_L8_TODO_MEASURE_AT_PHASE_D', 'MEASURED_M21B_LZW_GEOTIFF']"
national_standard_annual,core_series,landsat5,annual_1998,strict,,2802,8406,8406,30m,393505487,10273240471,10273240471,10273240471,"['ESTIMATE_FLOAT32_LZW_RATIO_BORROWED_FROM_L8_TODO_MEASURE_AT_PHASE_D', 'MEASURED_M21B_LZW_GEOTIFF']"
national_standard_annual,core_series,landsat5,annual_1998,near_full_only,,19,57,57,30m,2576343,67260539,67260539,67260539,"['ESTIMATE_FLOAT32_LZW_RATIO_BORROWED_FROM_L8_TODO_MEASURE_AT_PHASE_D', 'MEASURED_M21B_LZW_GEOTIFF']"
national_standard_annual,core_series,landsat5,annual_1999,strict,,2536,7608,7608,30m,360317660,9406806485,9406806485,9406806485,"['ESTIMATE_FLOAT32_LZW_RATIO_BORROWED_FROM_L8_TODO_MEASURE_AT_PHASE_D', 'MEASURED_M21B_LZW_GEOTIFF']"
national_standard_annual,core_series,landsat5,annual_1999,near_full_only,,18,54,54,30m,2393949,62498782,62498782,62498782,"['ESTIMATE_FLOAT32_LZW_RATIO_BORROWED_FROM_L8_TODO_MEASURE_AT_PHASE_D', 'MEASURED_M21B_LZW_GEOTIFF']"
national_standard_annual,core_series,landsat5,annual_2000,strict,,2157,6471,6471,30m,301376002,7868017710,7868017710,7868017710,"['ESTIMATE_FLOAT32_LZW_RATIO_BORROWED_FROM_L8_TODO_MEASURE_AT_PHASE_D', 'MEASURED_M21B_LZW_GEOTIFF']"
national_standard_annual,core_series,landsat5,annual_2000,near_full_only,,19,57,57,30m,2602092,67932768,67932768,67932768,"['ESTIMATE_FLOAT32_LZW_RATIO_BORROWED_FROM_L8_TODO_MEASURE_AT_PHASE_D', 'MEASURED_M21B_LZW_GEOTIFF']"
national_standard_annual,core_series,landsat5,annual_2001,strict,,2938,8814,8814,30m,412654189,10773155279,10773155279,10773155279,"['ESTIMATE_FLOAT32_LZW_RATIO_BORROWED_FROM_L8_TODO_MEASURE_AT_PHASE_D', 'MEASURED_M21B_LZW_GEOTIFF']"
national_standard_annual,core_series,landsat5,annual_2001,near_full_only,,18,54,54,30m,2405653,62804338,62804338,62804338,"['ESTIMATE_FLOAT32_LZW_RATIO_BORROWED_FROM_L8_TODO_MEASURE_AT_PHASE_D', 'MEASURED_M21B_LZW_GEOTIFF']"
national_standard_annual,core_series,landsat5,annual_2002,strict,,2569,7707,7707,30m,365380103,9538971591,9538971591,9538971591,"['ESTIMATE_FLOAT32_LZW_RATIO_BORROWED_FROM_L8_TODO_MEASURE_AT_PHASE_D', 'MEASURED_M21B_LZW_GEOTIFF']"
national_standard_annual,core_series,landsat5,annual_2002,near_full_only,,16,48,48,30m,2113749,55183606,55183606,55183606,"['ESTIMATE_FLOAT32_LZW_RATIO_BORROWED_FROM_L8_TODO_MEASURE_AT_PHASE_D', 'MEASURED_M21B_LZW_GEOTIFF']"
national_standard_annual,core_series,landsat5,annual_2003,strict,,2557,7671,7671,30m,365263818,9535935740,9535935740,9535935740,"['ESTIMATE_FLOAT32_LZW_RATIO_BORROWED_FROM_L8_TODO_MEASURE_AT_PHASE_D', 'MEASURED_M21B_LZW_GEOTIFF']"
national_standard_annual,core_series,landsat5,annual_2003,near_full_only,,20,60,60,30m,2632327,68722112,68722112,68722112,"['ESTIMATE_FLOAT32_LZW_RATIO_BORROWED_FROM_L8_TODO_MEASURE_AT_PHASE_D', 'MEASURED_M21B_LZW_GEOTIFF']"
national_standard_annual,core_series,landsat5,annual_2004,strict,,2708,8124,8124,30m,377060966,9843923665,9843923665,9843923665,"['ESTIMATE_FLOAT32_LZW_RATIO_BORROWED_FROM_L8_TODO_MEASURE_AT_PHASE_D', 'MEASURED_M21B_LZW_GEOTIFF']"
national_standard_annual,core_series,landsat5,annual_2004,near_full_only,,20,60,60,30m,2762959,72132520,72132520,72132520,"['ESTIMATE_FLOAT32_LZW_RATIO_BORROWED_FROM_L8_TODO_MEASURE_AT_PHASE_D', 'MEASURED_M21B_LZW_GEOTIFF']"
national_standard_annual,core_series,landsat5,annual_2005,strict,,2872,8616,8616,30m,402770319,10515117268,10515117268,10515117268,"['ESTIMATE_FLOAT32_LZW_RATIO_BORROWED_FROM_L8_TODO_MEASURE_AT_PHASE_D', 'MEASURED_M21B_LZW_GEOTIFF']"
national_standard_annual,core_series,landsat5,annual_2005,near_full_only,,19,57,57,30m,2564531,66952163,66952163,66952163,"['ESTIMATE_FLOAT32_LZW_RATIO_BORROWED_FROM_L8_TODO_MEASURE_AT_PHASE_D', 'MEASURED_M21B_LZW_GEOTIFF']"
national_standard_annual,core_series,landsat5,annual_2006,strict,,2846,8538,8538,30m,400946865,10467512388,10467512388,10467512388,"['ESTIMATE_FLOAT32_LZW_RATIO_BORROWED_FROM_L8_TODO_MEASURE_AT_PHASE_D', 'MEASURED_M21B_LZW_GEOTIFF']"
national_standard_annual,core_series,landsat5,annual_2006,near_full_only,,19,57,57,30m,2524829,65915664,65915664,65915664,"['ESTIMATE_FLOAT32_LZW_RATIO_BORROWED_FROM_L8_TODO_MEASURE_AT_PHASE_D', 'MEASURED_M21B_LZW_GEOTIFF']"
national_standard_annual,core_series,landsat5,annual_2007,strict,,1141,3423,3423,30m,169203887,4417402748,4417402748,4417402748,"['ESTIMATE_FLOAT32_LZW_RATIO_BORROWED_FROM_L8_TODO_MEASURE_AT_PHASE_D', 'MEASURED_M21B_LZW_GEOTIFF']"
national_standard_annual,core_series,landsat5,annual_2007,near_full_only,,13,39,39,30m,1868374,48777605,48777605,48777605,"['ESTIMATE_FLOAT32_LZW_RATIO_BORROWED_FROM_L8_TODO_MEASURE_AT_PHASE_D', 'MEASURED_M21B_LZW_GEOTIFF']"
national_standard_annual,core_series,landsat5,annual_2008,strict,,2499,7497,7497,30m,349619924,9127520889,9127520889,9127520889,"['ESTIMATE_FLOAT32_LZW_RATIO_BORROWED_FROM_L8_TODO_MEASURE_AT_PHASE_D', 'MEASURED_M21B_LZW_GEOTIFF']"
national_standard_annual,core_series,landsat5,annual_2008,near_full_only,,24,72,72,30m,3264975,85238642,85238642,85238642,"['ESTIMATE_FLOAT32_LZW_RATIO_BORROWED_FROM_L8_TODO_MEASURE_AT_PHASE_D', 'MEASURED_M21B_LZW_GEOTIFF']"
national_standard_annual,core_series,landsat5,annual_2009,strict,,2693,8079,8079,30m,375276340,9797332467,9797332467,9797332467,"['ESTIMATE_FLOAT32_LZW_RATIO_BORROWED_FROM_L8_TODO_MEASURE_AT_PHASE_D', 'MEASURED_M21B_LZW_GEOTIFF']"
national_standard_annual,core_series,landsat5,annual_2009,near_full_only,,24,72,72,30m,3371110,88009506,88009506,88009506,"['ESTIMATE_FLOAT32_LZW_RATIO_BORROWED_FROM_L8_TODO_MEASURE_AT_PHASE_D', 'MEASURED_M21B_LZW_GEOTIFF']"
national_standard_annual,core_series,landsat5,annual_2010,strict,,2274,6822,6822,30m,324946884,8483382290,8483382290,8483382290,"['ESTIMATE_FLOAT32_LZW_RATIO_BORROWED_FROM_L8_TODO_MEASURE_AT_PHASE_D', 'MEASURED_M21B_LZW_GEOTIFF']"
national_standard_annual,core_series,landsat5,annual_2010,near_full_only,,24,72,72,30m,3262784,85181442,85181442,85181442,"['ESTIMATE_FLOAT32_LZW_RATIO_BORROWED_FROM_L8_TODO_MEASURE_AT_PHASE_D', 'MEASURED_M21B_LZW_GEOTIFF']"
national_standard_annual,core_series,landsat5,annual_2011,strict,,1963,5889,5889,30m,272266552,7108057837,7108057837,7108057837,"['ESTIMATE_FLOAT32_LZW_RATIO_BORROWED_FROM_L8_TODO_MEASURE_AT_PHASE_D', 'MEASURED_M21B_LZW_GEOTIFF']"
national_standard_annual,core_series,landsat5,annual_2011,near_full_only,,23,69,69,30m,3193835,83381391,83381391,83381391,"['ESTIMATE_FLOAT32_LZW_RATIO_BORROWED_FROM_L8_TODO_MEASURE_AT_PHASE_D', 'MEASURED_M21B_LZW_GEOTIFF']"
national_standard_annual,core_series,landsat7,annual_1999,strict,,2147,6441,6441,30m,304670825,7954035593,7954035593,7954035593,"['ESTIMATE_FLOAT32_LZW_RATIO_BORROWED_FROM_L8_TODO_MEASURE_AT_PHASE_D', 'MEASURED_M21B_LZW_GEOTIFF']"
national_standard_annual,core_series,landsat7,annual_1999,near_full_only,,27,81,81,30m,3653524,95382483,95382483,95382483,"['ESTIMATE_FLOAT32_LZW_RATIO_BORROWED_FROM_L8_TODO_MEASURE_AT_PHASE_D', 'MEASURED_M21B_LZW_GEOTIFF']"
national_standard_annual,core_series,landsat7,annual_2000,strict,,2775,8325,8325,30m,392132578,10237397961,10237397961,10237397961,"['ESTIMATE_FLOAT32_LZW_RATIO_BORROWED_FROM_L8_TODO_MEASURE_AT_PHASE_D', 'MEASURED_M21B_LZW_GEOTIFF']"
national_standard_annual,core_series,landsat7,annual_2000,near_full_only,,24,72,72,30m,3185041,83151806,83151806,83151806,"['ESTIMATE_FLOAT32_LZW_RATIO_BORROWED_FROM_L8_TODO_MEASURE_AT_PHASE_D', 'MEASURED_M21B_LZW_GEOTIFF']"
national_standard_annual,core_series,landsat7,annual_2001,strict,,2659,7977,7977,30m,371044592,9686854300,9686854300,9686854300,"['ESTIMATE_FLOAT32_LZW_RATIO_BORROWED_FROM_L8_TODO_MEASURE_AT_PHASE_D', 'MEASURED_M21B_LZW_GEOTIFF']"
national_standard_annual,core_series,landsat7,annual_2001,near_full_only,,20,60,60,30m,2664444,69560590,69560590,69560590,"['ESTIMATE_FLOAT32_LZW_RATIO_BORROWED_FROM_L8_TODO_MEASURE_AT_PHASE_D', 'MEASURED_M21B_LZW_GEOTIFF']"
national_standard_annual,core_series,landsat7,annual_2002,strict,,2736,8208,8208,30m,386250718,10083840350,10083840350,10083840350,"['ESTIMATE_FLOAT32_LZW_RATIO_BORROWED_FROM_L8_TODO_MEASURE_AT_PHASE_D', 'MEASURED_M21B_LZW_GEOTIFF']"
national_standard_annual,core_series,landsat7,annual_2002,near_full_only,,23,69,69,30m,3049405,79610760,79610760,79610760,"['ESTIMATE_FLOAT32_LZW_RATIO_BORROWED_FROM_L8_TODO_MEASURE_AT_PHASE_D', 'MEASURED_M21B_LZW_GEOTIFF']"
national_standard_annual,core_series,landsat7,annual_2003,strict,,2780,8340,8340,30m,390998599,10207793192,10207793192,10207793192,"['ESTIMATE_FLOAT32_LZW_RATIO_BORROWED_FROM_L8_TODO_MEASURE_AT_PHASE_D', 'MEASURED_M21B_LZW_GEOTIFF']"
national_standard_annual,core_series,landsat7,annual_2003,near_full_only,,20,60,60,30m,2680468,69978928,69978928,69978928,"['ESTIMATE_FLOAT32_LZW_RATIO_BORROWED_FROM_L8_TODO_MEASURE_AT_PHASE_D', 'MEASURED_M21B_LZW_GEOTIFF']"
national_standard_annual,core_series,landsat7,annual_2004,strict,,2957,8871,8871,30m,415596589,10849972462,10849972462,10849972462,"['ESTIMATE_FLOAT32_LZW_RATIO_BORROWED_FROM_L8_TODO_MEASURE_AT_PHASE_D', 'MEASURED_M21B_LZW_GEOTIFF']"
national_standard_annual,core_series,landsat7,annual_2004,near_full_only,,16,48,48,30m,2159707,56383431,56383431,56383431,"['ESTIMATE_FLOAT32_LZW_RATIO_BORROWED_FROM_L8_TODO_MEASURE_AT_PHASE_D', 'MEASURED_M21B_LZW_GEOTIFF']"
national_standard_annual,core_series,landsat7,annual_2005,strict,,2715,8145,8145,30m,381416946,9957645154,9957645154,9957645154,"['ESTIMATE_FLOAT32_LZW_RATIO_BORROWED_FROM_L8_TODO_MEASURE_AT_PHASE_D', 'MEASURED_M21B_LZW_GEOTIFF']"
national_standard_annual,core_series,landsat7,annual_2005,near_full_only,,24,72,72,30m,3264351,85222351,85222351,85222351,"['ESTIMATE_FLOAT32_LZW_RATIO_BORROWED_FROM_L8_TODO_MEASURE_AT_PHASE_D', 'MEASURED_M21B_LZW_GEOTIFF']"
national_standard_annual,core_series,landsat7,annual_2006,strict,,2683,8049,8049,30m,378189845,9873395288,9873395288,9873395288,"['ESTIMATE_FLOAT32_LZW_RATIO_BORROWED_FROM_L8_TODO_MEASURE_AT_PHASE_D', 'MEASURED_M21B_LZW_GEOTIFF']"
national_standard_annual,core_series,landsat7,annual_2006,near_full_only,,16,48,48,30m,2184955,57042580,57042580,57042580,"['ESTIMATE_FLOAT32_LZW_RATIO_BORROWED_FROM_L8_TODO_MEASURE_AT_PHASE_D', 'MEASURED_M21B_LZW_GEOTIFF']"
national_standard_annual,core_series,landsat7,annual_2007,strict,,2512,7536,7536,30m,353203318,9221072490,9221072490,9221072490,"['ESTIMATE_FLOAT32_LZW_RATIO_BORROWED_FROM_L8_TODO_MEASURE_AT_PHASE_D', 'MEASURED_M21B_LZW_GEOTIFF']"
national_standard_annual,core_series,landsat7,annual_2007,near_full_only,,24,72,72,30m,3261505,85148051,85148051,85148051,"['ESTIMATE_FLOAT32_LZW_RATIO_BORROWED_FROM_L8_TODO_MEASURE_AT_PHASE_D', 'MEASURED_M21B_LZW_GEOTIFF']"
national_standard_annual,core_series,landsat7,annual_2008,strict,,2323,6969,6969,30m,326036404,8511826369,8511826369,8511826369,"['ESTIMATE_FLOAT32_LZW_RATIO_BORROWED_FROM_L8_TODO_MEASURE_AT_PHASE_D', 'MEASURED_M21B_LZW_GEOTIFF']"
national_standard_annual,core_series,landsat7,annual_2008,near_full_only,,19,57,57,30m,2572584,67162403,67162403,67162403,"['ESTIMATE_FLOAT32_LZW_RATIO_BORROWED_FROM_L8_TODO_MEASURE_AT_PHASE_D', 'MEASURED_M21B_LZW_GEOTIFF']"
national_standard_annual,core_series,landsat7,annual_2009,strict,,2745,8235,8235,30m,387307236,10111422846,10111422846,10111422846,"['ESTIMATE_FLOAT32_LZW_RATIO_BORROWED_FROM_L8_TODO_MEASURE_AT_PHASE_D', 'MEASURED_M21B_LZW_GEOTIFF']"
national_standard_annual,core_series,landsat7,annual_2009,near_full_only,,19,57,57,30m,2532597,66118463,66118463,66118463,"['ESTIMATE_FLOAT32_LZW_RATIO_BORROWED_FROM_L8_TODO_MEASURE_AT_PHASE_D', 'MEASURED_M21B_LZW_GEOTIFF']"
national_standard_annual,core_series,landsat7,annual_2010,strict,,2618,7854,7854,30m,372234661,9717923410,9717923410,9717923410,"['ESTIMATE_FLOAT32_LZW_RATIO_BORROWED_FROM_L8_TODO_MEASURE_AT_PHASE_D', 'MEASURED_M21B_LZW_GEOTIFF']"
national_standard_annual,core_series,landsat7,annual_2010,near_full_only,,19,57,57,30m,2559833,66829513,66829513,66829513,"['ESTIMATE_FLOAT32_LZW_RATIO_BORROWED_FROM_L8_TODO_MEASURE_AT_PHASE_D', 'MEASURED_M21B_LZW_GEOTIFF']"
national_standard_annual,core_series,landsat7,annual_2011,strict,,2549,7647,7647,30m,360121305,9401680249,9401680249,9401680249,"['ESTIMATE_FLOAT32_LZW_RATIO_BORROWED_FROM_L8_TODO_MEASURE_AT_PHASE_D', 'MEASURED_M21B_LZW_GEOTIFF']"
national_standard_annual,core_series,landsat7,annual_2011,near_full_only,,22,66,66,30m,2983142,77880833,77880833,77880833,"['ESTIMATE_FLOAT32_LZW_RATIO_BORROWED_FROM_L8_TODO_MEASURE_AT_PHASE_D', 'MEASURED_M21B_LZW_GEOTIFF']"
national_standard_annual,core_series,landsat7,annual_2012,strict,,2876,8628,8628,30m,405413314,10584117890,10584117890,10584117890,"['ESTIMATE_FLOAT32_LZW_RATIO_BORROWED_FROM_L8_TODO_MEASURE_AT_PHASE_D', 'MEASURED_M21B_LZW_GEOTIFF']"
national_standard_annual,core_series,landsat7,annual_2012,near_full_only,,20,60,60,30m,2662541,69510909,69510909,69510909,"['ESTIMATE_FLOAT32_LZW_RATIO_BORROWED_FROM_L8_TODO_MEASURE_AT_PHASE_D', 'MEASURED_M21B_LZW_GEOTIFF']"
national_standard_annual,core_series,landsat7,annual_2013,strict,,2558,7674,7674,30m,362341737,9459649026,9459649026,9459649026,"['ESTIMATE_FLOAT32_LZW_RATIO_BORROWED_FROM_L8_TODO_MEASURE_AT_PHASE_D', 'MEASURED_M21B_LZW_GEOTIFF']"
national_standard_annual,core_series,landsat7,annual_2013,near_full_only,,20,60,60,30m,2694246,70338630,70338630,70338630,"['ESTIMATE_FLOAT32_LZW_RATIO_BORROWED_FROM_L8_TODO_MEASURE_AT_PHASE_D', 'MEASURED_M21B_LZW_GEOTIFF']"
national_standard_annual,core_series,landsat7,annual_2014,strict,,2761,8283,8283,30m,387460076,10115413037,10115413037,10115413037,"['ESTIMATE_FLOAT32_LZW_RATIO_BORROWED_FROM_L8_TODO_MEASURE_AT_PHASE_D', 'MEASURED_M21B_LZW_GEOTIFF']"
national_standard_annual,core_series,landsat7,annual_2014,near_full_only,,18,54,54,30m,2424410,63294027,63294027,63294027,"['ESTIMATE_FLOAT32_LZW_RATIO_BORROWED_FROM_L8_TODO_MEASURE_AT_PHASE_D', 'MEASURED_M21B_LZW_GEOTIFF']"
national_standard_annual,core_series,landsat7,annual_2015,strict,,2226,6678,6678,30m,309515726,8080521334,8080521334,8080521334,"['ESTIMATE_FLOAT32_LZW_RATIO_BORROWED_FROM_L8_TODO_MEASURE_AT_PHASE_D', 'MEASURED_M21B_LZW_GEOTIFF']"
national_standard_annual,core_series,landsat7,annual_2015,near_full_only,,19,57,57,30m,2585946,67511244,67511244,67511244,"['ESTIMATE_FLOAT32_LZW_RATIO_BORROWED_FROM_L8_TODO_MEASURE_AT_PHASE_D', 'MEASURED_M21B_LZW_GEOTIFF']"
national_standard_annual,core_series,landsat7,annual_2016,strict,,2214,6642,6642,30m,305513324,7976030699,7976030699,7976030699,"['ESTIMATE_FLOAT32_LZW_RATIO_BORROWED_FROM_L8_TODO_MEASURE_AT_PHASE_D', 'MEASURED_M21B_LZW_GEOTIFF']"
national_standard_annual,core_series,landsat7,annual_2016,near_full_only,,22,66,66,30m,2999004,78294942,78294942,78294942,"['ESTIMATE_FLOAT32_LZW_RATIO_BORROWED_FROM_L8_TODO_MEASURE_AT_PHASE_D', 'MEASURED_M21B_LZW_GEOTIFF']"
national_standard_annual,core_series,landsat7,annual_2017,strict,,2605,7815,7815,30m,368093193,9609802181,9609802181,9609802181,"['ESTIMATE_FLOAT32_LZW_RATIO_BORROWED_FROM_L8_TODO_MEASURE_AT_PHASE_D', 'MEASURED_M21B_LZW_GEOTIFF']"
national_standard_annual,core_series,landsat7,annual_2017,near_full_only,,16,48,48,30m,2120801,55367712,55367712,55367712,"['ESTIMATE_FLOAT32_LZW_RATIO_BORROWED_FROM_L8_TODO_MEASURE_AT_PHASE_D', 'MEASURED_M21B_LZW_GEOTIFF']"
national_standard_annual,core_series,landsat7,annual_2018,strict,,2845,8535,8535,30m,399879862,10439656161,10439656161,10439656161,"['ESTIMATE_FLOAT32_LZW_RATIO_BORROWED_FROM_L8_TODO_MEASURE_AT_PHASE_D', 'MEASURED_M21B_LZW_GEOTIFF']"
national_standard_annual,core_series,landsat7,annual_2018,near_full_only,,19,57,57,30m,2559410,66818470,66818470,66818470,"['ESTIMATE_FLOAT32_LZW_RATIO_BORROWED_FROM_L8_TODO_MEASURE_AT_PHASE_D', 'MEASURED_M21B_LZW_GEOTIFF']"
national_standard_annual,core_series,landsat7,annual_2019,strict,,2837,8511,8511,30m,398357687,10399916766,10399916766,10399916766,"['ESTIMATE_FLOAT32_LZW_RATIO_BORROWED_FROM_L8_TODO_MEASURE_AT_PHASE_D', 'MEASURED_M21B_LZW_GEOTIFF']"
national_standard_annual,core_series,landsat7,annual_2019,near_full_only,,19,57,57,30m,2576343,67260539,67260539,67260539,"['ESTIMATE_FLOAT32_LZW_RATIO_BORROWED_FROM_L8_TODO_MEASURE_AT_PHASE_D', 'MEASURED_M21B_LZW_GEOTIFF']"
national_standard_annual,core_series,landsat7,annual_2020,strict,,2641,7923,7923,30m,375065865,9791837600,9791837600,9791837600,"['ESTIMATE_FLOAT32_LZW_RATIO_BORROWED_FROM_L8_TODO_MEASURE_AT_PHASE_D', 'MEASURED_M21B_LZW_GEOTIFF']"
national_standard_annual,core_series,landsat7,annual_2020,near_full_only,,18,54,54,30m,2393599,62489645,62489645,62489645,"['ESTIMATE_FLOAT32_LZW_RATIO_BORROWED_FROM_L8_TODO_MEASURE_AT_PHASE_D', 'MEASURED_M21B_LZW_GEOTIFF']"
national_standard_annual,core_series,landsat7,annual_2021,strict,,2549,7647,7647,30m,362666761,9468134421,9468134421,9468134421,"['ESTIMATE_FLOAT32_LZW_RATIO_BORROWED_FROM_L8_TODO_MEASURE_AT_PHASE_D', 'MEASURED_M21B_LZW_GEOTIFF']"
national_standard_annual,core_series,landsat7,annual_2021,near_full_only,,19,57,57,30m,2536796,66228086,66228086,66228086,"['ESTIMATE_FLOAT32_LZW_RATIO_BORROWED_FROM_L8_TODO_MEASURE_AT_PHASE_D', 'MEASURED_M21B_LZW_GEOTIFF']"
national_standard_annual,core_series,landsat7,annual_2022,strict,,0,0,0,30m,0,0,0,0,"['ESTIMATE_FLOAT32_LZW_RATIO_BORROWED_FROM_L8_TODO_MEASURE_AT_PHASE_D', 'MEASURED_M21B_LZW_GEOTIFF']"
national_standard_annual,core_series,landsat7,annual_2022,near_full_only,,0,0,0,30m,0,0,0,0,"['ESTIMATE_FLOAT32_LZW_RATIO_BORROWED_FROM_L8_TODO_MEASURE_AT_PHASE_D', 'MEASURED_M21B_LZW_GEOTIFF']"
national_standard_annual,core_series,landsat7,annual_2023,strict,,0,0,0,30m,0,0,0,0,"['ESTIMATE_FLOAT32_LZW_RATIO_BORROWED_FROM_L8_TODO_MEASURE_AT_PHASE_D', 'MEASURED_M21B_LZW_GEOTIFF']"
national_standard_annual,core_series,landsat7,annual_2023,near_full_only,,0,0,0,30m,0,0,0,0,"['ESTIMATE_FLOAT32_LZW_RATIO_BORROWED_FROM_L8_TODO_MEASURE_AT_PHASE_D', 'MEASURED_M21B_LZW_GEOTIFF']"
national_standard_annual,core_series,landsat8,annual_2013,strict,,2772,8316,8316,30m,389413613,11847295502,11847295502,11847295502,['MEASURED_M21B_LZW_GEOTIFF']
national_standard_annual,core_series,landsat8,annual_2013,near_full_only,,18,54,54,30m,2405277,73176762,73176762,73176762,['MEASURED_M21B_LZW_GEOTIFF']
national_standard_annual,core_series,landsat8,annual_2014,strict,,2896,8688,8688,30m,406627382,12370997297,12370997297,12370997297,['MEASURED_M21B_LZW_GEOTIFF']
national_standard_annual,core_series,landsat8,annual_2014,near_full_only,,15,45,45,30m,2008795,61114422,61114422,61114422,['MEASURED_M21B_LZW_GEOTIFF']
national_standard_annual,core_series,landsat8,annual_2015,strict,,2644,7932,7932,30m,369415412,11238881752,11238881752,11238881752,['MEASURED_M21B_LZW_GEOTIFF']
national_standard_annual,core_series,landsat8,annual_2015,near_full_only,,19,57,57,30m,2553967,77700421,77700421,77700421,['MEASURED_M21B_LZW_GEOTIFF']
national_standard_annual,core_series,landsat8,annual_2016,strict,,2171,6513,6513,30m,301939082,9186020747,9186020747,9186020747,['MEASURED_M21B_LZW_GEOTIFF']
national_standard_annual,core_series,landsat8,annual_2016,near_full_only,,27,81,81,30m,3677476,111881412,111881412,111881412,['MEASURED_M21B_LZW_GEOTIFF']
national_standard_annual,core_series,landsat8,annual_2017,strict,,2854,8562,8562,30m,401189665,12205563327,12205563327,12205563327,['MEASURED_M21B_LZW_GEOTIFF']
national_standard_annual,core_series,landsat8,annual_2017,near_full_only,,15,45,45,30m,2008441,61103652,61103652,61103652,['MEASURED_M21B_LZW_GEOTIFF']
national_standard_annual,core_series,landsat8,annual_2018,strict,,2761,8283,8283,30m,388769151,11827688762,11827688762,11827688762,['MEASURED_M21B_LZW_GEOTIFF']
national_standard_annual,core_series,landsat8,annual_2018,near_full_only,,16,48,48,30m,2208086,67177537,67177537,67177537,['MEASURED_M21B_LZW_GEOTIFF']
national_standard_annual,core_series,landsat8,annual_2019,strict,,2991,8973,8973,30m,419854309,12773405707,12773405707,12773405707,['MEASURED_M21B_LZW_GEOTIFF']
national_standard_annual,core_series,landsat8,annual_2019,near_full_only,,15,45,45,30m,2008795,61114422,61114422,61114422,['MEASURED_M21B_LZW_GEOTIFF']
national_standard_annual,core_series,landsat8,annual_2020,strict,,1624,4872,4872,30m,237010492,7210670717,7210670717,7210670717,['MEASURED_M21B_LZW_GEOTIFF']
national_standard_annual,core_series,landsat8,annual_2020,near_full_only,,11,33,33,30m,1622879,49373536,49373536,49373536,['MEASURED_M21B_LZW_GEOTIFF']
national_standard_annual,core_series,landsat8,annual_2021,strict,,2795,8385,8385,30m,392675714,11946539785,11946539785,11946539785,['MEASURED_M21B_LZW_GEOTIFF']
national_standard_annual,core_series,landsat8,annual_2021,near_full_only,,16,48,48,30m,2160109,65717912,65717912,65717912,['MEASURED_M21B_LZW_GEOTIFF']
national_standard_annual,core_series,landsat8,annual_2022,strict,,2739,8217,8217,30m,382607342,11640225433,11640225433,11640225433,['MEASURED_M21B_LZW_GEOTIFF']
national_standard_annual,core_series,landsat8,annual_2022,near_full_only,,21,63,63,30m,2814980,85641330,85641330,85641330,['MEASURED_M21B_LZW_GEOTIFF']
national_standard_annual,core_series,landsat8,annual_2023,strict,,2747,8241,8241,30m,387302890,11783080081,11783080081,11783080081,['MEASURED_M21B_LZW_GEOTIFF']
national_standard_annual,core_series,landsat8,annual_2023,near_full_only,,19,57,57,30m,2497199,75973344,75973344,75973344,['MEASURED_M21B_LZW_GEOTIFF']
national_standard_annual,core_series,landsat8,annual_2024,strict,,2831,8493,8493,30m,396310141,12057111499,12057111499,12057111499,['MEASURED_M21B_LZW_GEOTIFF']
national_standard_annual,core_series,landsat8,annual_2024,near_full_only,,19,57,57,30m,2576343,78381176,78381176,78381176,['MEASURED_M21B_LZW_GEOTIFF']
national_standard_annual,core_series,landsat8,annual_2025,strict,,2507,7521,7521,30m,354293874,10778832788,10778832788,10778832788,['MEASURED_M21B_LZW_GEOTIFF']
national_standard_annual,core_series,landsat8,annual_2025,near_full_only,,19,57,57,30m,2607692,79334920,79334920,79334920,['MEASURED_M21B_LZW_GEOTIFF']
national_standard_annual,add_on_not_in_pilot_contract,landsat9,annual_2022,strict,,2851,8553,8553,30m,400835120,12194776854,12194776854,12194776854,['MEASURED_M21B_LZW_GEOTIFF']
national_standard_annual,add_on_not_in_pilot_contract,landsat9,annual_2022,near_full_only,,15,45,45,30m,2005813,61023700,61023700,61023700,['MEASURED_M21B_LZW_GEOTIFF']
national_standard_annual,add_on_not_in_pilot_contract,landsat9,annual_2023,strict,,2562,7686,7686,30m,364311845,11083613769,11083613769,11083613769,['MEASURED_M21B_LZW_GEOTIFF']
national_standard_annual,add_on_not_in_pilot_contract,landsat9,annual_2023,near_full_only,,22,66,66,30m,2932153,89206134,89206134,89206134,['MEASURED_M21B_LZW_GEOTIFF']
national_standard_annual,add_on_not_in_pilot_contract,landsat9,annual_2024,strict,,2590,7770,7770,30m,359885402,10948946216,10948946216,10948946216,['MEASURED_M21B_LZW_GEOTIFF']
national_standard_annual,add_on_not_in_pilot_contract,landsat9,annual_2024,near_full_only,,20,60,60,30m,2751922,83722890,83722890,83722890,['MEASURED_M21B_LZW_GEOTIFF']
national_standard_annual,add_on_not_in_pilot_contract,landsat9,annual_2025,strict,,2204,6612,6612,30m,309494601,9415885506,9415885506,9415885506,['MEASURED_M21B_LZW_GEOTIFF']
national_standard_annual,add_on_not_in_pilot_contract,landsat9,annual_2025,near_full_only,,18,54,54,30m,2442686,74314872,74314872,74314872,['MEASURED_M21B_LZW_GEOTIFF']
national_standard_annual,core_series,sentinel1,annual_2015,actual_footprint,ASC,2038,2038,2038,10m,2516254227,22427087072,22427087072,22427087072,['MEASURED_M21B_LZW_GEOTIFF']
national_standard_annual,core_series,sentinel1,annual_2015,actual_footprint,DESC,414,414,414,10m,540598320,4818291198,4818291198,4818291198,['MEASURED_M21B_LZW_GEOTIFF']
national_standard_annual,core_series,sentinel1,annual_2016,actual_footprint,ASC,2463,2463,2463,10m,3059842362,27272026150,27272026150,27272026150,['MEASURED_M21B_LZW_GEOTIFF']
national_standard_annual,core_series,sentinel1,annual_2016,actual_footprint,DESC,1617,1617,1617,10m,2126035126,18949108710,18949108710,18949108710,['MEASURED_M21B_LZW_GEOTIFF']
national_standard_annual,core_series,sentinel1,annual_2017,actual_footprint,ASC,2975,2975,2975,10m,3749381586,33417810647,33417810647,33417810647,['MEASURED_M21B_LZW_GEOTIFF']
national_standard_annual,core_series,sentinel1,annual_2017,actual_footprint,DESC,955,955,955,10m,1258459680,11216507663,11216507663,11216507663,['MEASURED_M21B_LZW_GEOTIFF']
national_standard_annual,core_series,sentinel1,annual_2018,actual_footprint,ASC,2975,2975,2975,10m,3749381586,33417810647,33417810647,33417810647,['MEASURED_M21B_LZW_GEOTIFF']
national_standard_annual,core_series,sentinel1,annual_2018,actual_footprint,DESC,1162,1162,1162,10m,1515227878,13505053341,13505053341,13505053341,['MEASURED_M21B_LZW_GEOTIFF']
national_standard_annual,core_series,sentinel1,annual_2019,actual_footprint,ASC,2977,2977,2977,10m,3751600933,33437591433,33437591433,33437591433,['MEASURED_M21B_LZW_GEOTIFF']
national_standard_annual,core_series,sentinel1,annual_2019,actual_footprint,DESC,687,687,687,10m,894269122,7970518738,7970518738,7970518738,['MEASURED_M21B_LZW_GEOTIFF']
national_standard_annual,core_series,sentinel1,annual_2020,actual_footprint,ASC,2977,2977,2977,10m,3751600933,33437591433,33437591433,33437591433,['MEASURED_M21B_LZW_GEOTIFF']
national_standard_annual,core_series,sentinel1,annual_2020,actual_footprint,DESC,1508,1508,1508,10m,1874042426,16703126502,16703126502,16703126502,['MEASURED_M21B_LZW_GEOTIFF']
national_standard_annual,core_series,sentinel1,annual_2021,actual_footprint,ASC,2977,2977,2977,10m,3751600933,33437591433,33437591433,33437591433,['MEASURED_M21B_LZW_GEOTIFF']
national_standard_annual,core_series,sentinel1,annual_2021,actual_footprint,DESC,959,959,959,10m,1263575187,11262101594,11262101594,11262101594,['MEASURED_M21B_LZW_GEOTIFF']
national_standard_annual,core_series,sentinel1,annual_2022,actual_footprint,ASC,2975,2975,2975,10m,3749381586,33417810647,33417810647,33417810647,['MEASURED_M21B_LZW_GEOTIFF']
national_standard_annual,core_series,sentinel1,annual_2022,actual_footprint,DESC,11,11,11,10m,13918709,124055867,124055867,124055867,['MEASURED_M21B_LZW_GEOTIFF']
national_standard_annual,core_series,sentinel1,annual_2023,actual_footprint,ASC,2975,2975,2975,10m,3749381586,33417810647,33417810647,33417810647,['MEASURED_M21B_LZW_GEOTIFF']
national_standard_annual,core_series,sentinel1,annual_2023,actual_footprint,DESC,11,11,11,10m,13918709,124055867,124055867,124055867,['MEASURED_M21B_LZW_GEOTIFF']
national_standard_annual,core_series,sentinel1,annual_2024,actual_footprint,ASC,2975,2975,2975,10m,3749381586,33417810647,33417810647,33417810647,['MEASURED_M21B_LZW_GEOTIFF']
national_standard_annual,core_series,sentinel1,annual_2024,actual_footprint,DESC,261,261,261,10m,321512631,2865605428,2865605428,2865605428,['MEASURED_M21B_LZW_GEOTIFF']
national_standard_annual,core_series,sentinel1,annual_2025,actual_footprint,ASC,2977,2977,2977,10m,3751600933,33437591433,33437591433,33437591433,['MEASURED_M21B_LZW_GEOTIFF']
national_standard_annual,core_series,sentinel1,annual_2025,actual_footprint,DESC,979,979,979,10m,1290703986,11503897487,11503897487,11503897487,['MEASURED_M21B_LZW_GEOTIFF']
national_standard_annual,core_series,sentinel2,annual_2015,strict_datatake_union,,287,574,574,10m,364927366,4070870451,2868793394,4875795376,['MEASURED_M21B_LZW_GEOTIFF']
national_standard_annual,core_series,sentinel2,annual_2016,strict_datatake_union,,1755,3510,3510,10m,2200676248,24549180862,17300115230,29403240411,['MEASURED_M21B_LZW_GEOTIFF']
national_standard_annual,core_series,sentinel2,annual_2017,strict_datatake_union,,2724,5448,5448,10m,3449243413,38477309173,27115441699,46085349174,['MEASURED_M21B_LZW_GEOTIFF']
national_standard_annual,core_series,sentinel2,annual_2018,strict_datatake_union,,2589,5178,5178,10m,3248970415,36243205881,25541041127,43409501187,['MEASURED_M21B_LZW_GEOTIFF']
national_standard_annual,core_series,sentinel2,annual_2019,strict_datatake_union,,3014,6028,6028,10m,3793405892,42316541296,29820996661,50683704848,['MEASURED_M21B_LZW_GEOTIFF']
national_standard_annual,core_series,sentinel2,annual_2020,strict_datatake_union,,2959,5918,5918,10m,3725343175,41557281977,29285937110,49774318729,['MEASURED_M21B_LZW_GEOTIFF']
national_standard_annual,core_series,sentinel2,annual_2021,strict_datatake_union,,2991,5982,5982,10m,3765800934,42008599995,29603986570,50314874941,['MEASURED_M21B_LZW_GEOTIFF']
national_standard_annual,core_series,sentinel2,annual_2022,strict_datatake_union,,2892,5784,5784,10m,3657166152,40796747541,28749978967,48863405368,['MEASURED_M21B_LZW_GEOTIFF']
national_standard_annual,core_series,sentinel2,annual_2023,strict_datatake_union,,2897,5794,5794,10m,3662647164,40857889817,28793066695,48936637182,['MEASURED_M21B_LZW_GEOTIFF']
national_standard_annual,core_series,sentinel2,annual_2024,strict_datatake_union,,2971,5942,5942,10m,3744156348,41767148370,29433832585,50025681577,['MEASURED_M21B_LZW_GEOTIFF']
national_standard_annual,core_series,sentinel2,annual_2025,strict_datatake_union,,2834,5668,5668,10m,3589232312,40038925882,28215932553,47955741176,['MEASURED_M21B_LZW_GEOTIFF']
