cell_id,cell_idx,utm_zone,category_2020,pilot_n_pixels_30m,issue18_n_pixels_30m,pilot_n_pixels_10m_cmssm,issue18_n_pixels_10m,pilot_geodata_km2_30m,issue18_geodata_km2_30m,pilot_cmsa_km2_30m,issue18_cmsa_km2_30m,pilot_cmssm_km2_30m,issue18_cmssm_km2_30m,pilot_cmssm_km2_10m,issue18_cmssm_km2_10m,diff_geodata_km2_30m,diff_cmsa_km2_30m,diff_cmssm_km2_30m,diff_cmssm_km2_10m,rel_geodata_vs_floor_30m,rel_cmsa_vs_floor_30m,rel_cmssm_vs_floor_30m,rel_cmssm_vs_floor_10m,pilot_gridcode0_pixels_30m,pilot_gridcode0_token,issue18_gc_30m,issue18_gm_30m,issue18_cm_30m,issue18_dgc_30m,issue18_dgm_30m,issue18_dcm_30m,issue18_g0mix_c_30m,issue18_g0mix_m_30m,issue18_dcm_10m
CNA10K-R00334-C00163,1755,51,ALL_THREE_PRESENT,111036,111222,999314,1000000,0.036,0.0369,0.029244,0.030764,0.237028,0.239263,0.237425,0.237642,-0.0009,-0.00152,-0.002235,-0.000216,-0.018,-0.030398,-0.009341,-0.000909,0,UNKNOWN_GRIDCODE_ZERO_TODO_VERIFY,9,12,33,57,272,221,36,308,2105
CNA10K-R00311-C00156,1493,51,ALL_THREE_PRESENT,111111,111222,999989,1000000,1.2483,1.2357,4.371101,4.35012,5.895277,5.880438,5.894417,5.894362,0.0126,0.020981,0.014839,5.5e-05,0.010197,0.004823,0.002523,9e-06,0,UNKNOWN_GRIDCODE_ZERO_TODO_VERIFY,1110,1111,3970,3976,5130,2814,3355,8681,32321
CNA10K-R00349-C00154,1916,51,ALL_THREE_PRESENT,111068,111222,999621,1000000,3.6135,3.618,2.778866,2.784948,5.709186,5.716028,5.708968,5.711269,-0.0045,-0.006082,-0.006842,-0.002301,-0.001244,-0.002184,-0.001197,-0.000403,0,UNKNOWN_GRIDCODE_ZERO_TODO_VERIFY,2215,3310,3024,2698,3790,3402,448,793,30676
CNA10K-R00413-C00121,2396,50,GEODATA_CMSA_ONLY,111116,111222,1000037,1000000,1.1187,1.1178,1.234902,1.238339,0.0,0.0,0.0,0.0,0.0009,-0.003437,0.0,0.0,0.000805,-0.002776,0.0,0.0,0,UNKNOWN_GRIDCODE_ZERO_TODO_VERIFY,1102,0,0,408,1242,1370,367,0,12337
CNA10K-R00391-C00132,2165,50,NONE_PRESENT,111222,10688,1000979,284292,0.0,0.0,0.0,0.0,0.0,0.0,0.0,0.0,0.0,0.0,0.0,0.0,0.0,0.0,0.0,0.0,0,UNKNOWN_GRIDCODE_ZERO_TODO_VERIFY,0,0,0,0,0,0,0,0,0
CNA10K-R00331-C00150,1681,51,GEODATA_ONLY,111127,111556,1000210,250000,0.2574,0.2574,0.0,0.0,0.0,0.0,0.0,0.0,0.0,0.0,0.0,0.0,0.0,0.0,0.0,0.0,0,UNKNOWN_GRIDCODE_ZERO_TODO_VERIFY,0,0,0,286,286,0,0,0,0
CNA10K-R00347-C00151,1874,51,CMSSM_ONLY,111098,110889,999865,1000000,0.0,0.0,0.0,0.0,1.116698,1.115847,1.117547,1.117836,0.0,0.0,0.000851,-0.000289,0.0,0.0,0.000763,-0.000259,0,UNKNOWN_GRIDCODE_ZERO_TODO_VERIFY,0,0,0,0,1263,1263,0,214,11203
CNA10K-R00236-C00083,794,49,CMSA_CMSSM_PRESENT,111144,110889,1000301,959164,0.0,0.0,0.220432,0.220376,0.090421,0.090397,0.090421,0.090394,0.0,5.6e-05,2.3e-05,2.6e-05,0.0,0.000252,0.000258,0.000292,0,UNKNOWN_GRIDCODE_ZERO_TODO_VERIFY,0,0,87,250,97,175,192,147,1580
CNA10K-R00346-C00154,1864,51,CMSSM_ONLY,111074,111222,999656,1000000,0.0,0.0,0.0,0.0,0.012645,0.012557,0.012859,0.012895,0.0,0.0,8.8e-05,-3.6e-05,0.0,0.0,0.001755,-0.000729,0,UNKNOWN_GRIDCODE_ZERO_TODO_VERIFY,0,0,0,0,10,10,0,36,126
CNA10K-R00264-C00132,1126,50,GEODATA_ONLY,111069,111222,999504,347848,0.0891,0.09,0.0,0.0,0.0,0.0,0.0,0.0,-0.0009,0.0,0.0,0.0,-0.01,0.0,0.0,0.0,0,UNKNOWN_GRIDCODE_ZERO_TODO_VERIFY,0,0,0,100,100,0,0,0,0
CNA10K-R00388-C00129,2148,50,NONE_PRESENT,111172,111222,1000562,1000000,0.0,0.0,0.0,0.0,0.0,0.0,0.0,0.0,0.0,0.0,0.0,0.0,0.0,0.0,0.0,0.0,0,UNKNOWN_GRIDCODE_ZERO_TODO_VERIFY,0,0,0,0,0,0,0,0,0
CNA10K-R00411-C00151,2369,51,NONE_PRESENT,111028,0,999255,0,0.0,0.0,0.0,0.0,0.0,0.0,0.0,0.0,0.0,0.0,0.0,0.0,0.0,0.0,0.0,0.0,0,UNKNOWN_GRIDCODE_ZERO_TODO_VERIFY,0,0,0,0,0,0,0,0,0
CNA10K-R00417-C00135,2517,51,NONE_PRESENT,111129,0,1000150,0,0.0,0.0,0.0,0.0,0.0,0.0,0.0,0.0,0.0,0.0,0.0,0.0,0.0,0.0,0.0,0.0,0,UNKNOWN_GRIDCODE_ZERO_TODO_VERIFY,0,0,0,0,0,0,0,0,0
CNA10K-R00260-C00128,1098,50,NONE_PRESENT,111037,111222,999309,639516,0.0,0.0,0.0,0.0,0.0,0.0,0.0,0.0,0.0,0.0,0.0,0.0,0.0,0.0,0.0,0.0,0,UNKNOWN_GRIDCODE_ZERO_TODO_VERIFY,0,0,0,0,0,0,0,0,0
CNA10K-R00434-C00149,2747,51,NONE_PRESENT,111026,6180,999212,0,0.0,0.0,0.0,0.0,0.0,0.0,0.0,0.0,0.0,0.0,0.0,0.0,0.0,0.0,0.0,0.0,0,UNKNOWN_GRIDCODE_ZERO_TODO_VERIFY,0,0,0,0,0,0,0,0,0
CNA10K-R00226-C00080,617,49,NONE_PRESENT,111109,108891,999959,0,0.0,0.0,0.0,0.0,0.0,0.0,0.0,0.0,0.0,0.0,0.0,0.0,0.0,0.0,0.0,0.0,0,UNKNOWN_GRIDCODE_ZERO_TODO_VERIFY,0,0,0,0,0,0,0,0,0
CNA10K-R00274-C00147,1221,50,NONE_PRESENT,111226,0,1001025,0,0.0,0.0,0.0,0.0,0.0,0.0,0.0,0.0,0.0,0.0,0.0,0.0,0.0,0.0,0.0,0.0,0,UNKNOWN_GRIDCODE_ZERO_TODO_VERIFY,0,0,0,0,0,0,0,0,0
CNA10K-R00445-C00159,2936,51,NONE_PRESENT,111046,111222,999422,142000,0.0,0.0,0.0,0.0,0.0,0.0,0.0,0.0,0.0,0.0,0.0,0.0,0.0,0.0,0.0,0.0,0,UNKNOWN_GRIDCODE_ZERO_TODO_VERIFY,0,0,0,0,0,0,0,0,0
CNA10K-R00279-C00143,1262,50,NONE_PRESENT,111176,110889,1000609,1000000,0.0,0.0,0.0,0.0,0.0,0.0,0.0,0.0,0.0,0.0,0.0,0.0,0.0,0.0,0.0,0.0,0,UNKNOWN_GRIDCODE_ZERO_TODO_VERIFY,0,0,0,0,0,0,0,0,0
CNA10K-R00429-C00140,2657,51,NONE_PRESENT,111065,0,999579,0,0.0,0.0,0.0,0.0,0.0,0.0,0.0,0.0,0.0,0.0,0.0,0.0,0.0,0.0,0.0,0.0,0,UNKNOWN_GRIDCODE_ZERO_TODO_VERIFY,0,0,0,0,0,0,0,0,0
