asset_id,relative_path,filename,extension,size_bytes,mtime_utc,transfer_status,sha256,asset_type,source,provider,author_or_owner,project_origin,year,acquisition_start,acquisition_end,sensor,product,modality,region_name,bbox,crs,pixel_size_x,pixel_size_y,width,height,band_count,band_names,dtype,nodata,feature_count,geometry_type,label_role,label_quality,license,permission_status,citation,provenance_status,candidate_use,known_issues,notes
old-3ad3031f5503,30mSpartinaChina/2020/CM-SSM/CM-SSM.CPG,CM-SSM.CPG,.cpg,5.0,2026-09-26T22:24:11+00:00,STABLE_CANDIDATE,3ad3031f5503a4404af825262ee8232cc04d4ea6683d42c5dd0a2f2a27ac9824,shapefile_sidecar_cpg,UNKNOWN,UNKNOWN,UNKNOWN,UNKNOWN,UNKNOWN,UNKNOWN,UNKNOWN,UNKNOWN,UNKNOWN,UNKNOWN,UNKNOWN,UNKNOWN,UNKNOWN,,,,,,UNKNOWN,UNKNOWN,,,UNKNOWN,UNKNOWN,UNKNOWN,UNKNOWN,UNKNOWN,UNKNOWN,UNKNOWN,UNKNOWN,UNKNOWN,
old-8a74dcd9f103,30mSpartinaChina/2020/CM-SSM/CM-SSM.dbf,CM-SSM.dbf,.dbf,10365170.0,2026-09-26T22:24:13+00:00,STABLE_CANDIDATE,8a74dcd9f1039c06fcf7a3a1102a0e8568ad600c6f1f1ef25af885ea07aced4a,shapefile_sidecar_dbf,UNKNOWN,UNKNOWN,UNKNOWN,UNKNOWN,UNKNOWN,UNKNOWN,UNKNOWN,UNKNOWN,UNKNOWN,UNKNOWN,UNKNOWN,UNKNOWN,UNKNOWN,,,,,,UNKNOWN,UNKNOWN,,,UNKNOWN,UNKNOWN,UNKNOWN,UNKNOWN,UNKNOWN,UNKNOWN,UNKNOWN,UNKNOWN,UNKNOWN,
old-0cb13e6fc960,30mSpartinaChina/2020/CM-SSM/CM-SSM.prj,CM-SSM.prj,.prj,402.0,2026-09-26T22:24:11+00:00,STABLE_CANDIDATE,0cb13e6fc96091963305c3afcbb024fb464f80e014bf154433c6c5b343fdc1ef,shapefile_sidecar_prj,UNKNOWN,UNKNOWN,UNKNOWN,UNKNOWN,UNKNOWN,UNKNOWN,UNKNOWN,UNKNOWN,UNKNOWN,UNKNOWN,UNKNOWN,UNKNOWN,UNKNOWN,,,,,,UNKNOWN,UNKNOWN,,,UNKNOWN,UNKNOWN,UNKNOWN,UNKNOWN,UNKNOWN,UNKNOWN,UNKNOWN,UNKNOWN,UNKNOWN,
old-e9cd8c5da2d1,30mSpartinaChina/2020/CM-SSM/CM-SSM.sbn,CM-SSM.sbn,.sbn,1460596.0,2026-09-26T22:24:12+00:00,STABLE_CANDIDATE,e9cd8c5da2d1b56e03846212ea36c402693edef4becfbe35ce102be46f760594,shapefile_sidecar_sbn,UNKNOWN,UNKNOWN,UNKNOWN,UNKNOWN,UNKNOWN,UNKNOWN,UNKNOWN,UNKNOWN,UNKNOWN,UNKNOWN,UNKNOWN,UNKNOWN,UNKNOWN,,,,,,UNKNOWN,UNKNOWN,,,UNKNOWN,UNKNOWN,UNKNOWN,UNKNOWN,UNKNOWN,UNKNOWN,UNKNOWN,UNKNOWN,UNKNOWN,
old-5c88db52bea6,30mSpartinaChina/2020/CM-SSM/CM-SSM.sbx,CM-SSM.sbx,.sbx,14004.0,2026-09-26T22:24:11+00:00,STABLE_CANDIDATE,5c88db52bea6badbce90af7ea837b303748a8abe92cefc50075f32431d5b70b1,shapefile_sidecar_sbx,UNKNOWN,UNKNOWN,UNKNOWN,UNKNOWN,UNKNOWN,UNKNOWN,UNKNOWN,UNKNOWN,UNKNOWN,UNKNOWN,UNKNOWN,UNKNOWN,UNKNOWN,,,,,,UNKNOWN,UNKNOWN,,,UNKNOWN,UNKNOWN,UNKNOWN,UNKNOWN,UNKNOWN,UNKNOWN,UNKNOWN,UNKNOWN,UNKNOWN,
old-8f28c0f20f1d,30mSpartinaChina/2020/CM-SSM/CM-SSM.shp,CM-SSM.shp,.shp,357998720.0,2026-09-26T22:24:48+00:00,STABLE_CANDIDATE,8f28c0f20f1dc8c5872a06db57621808dc737d602f8521387075dc39302cea54,shapefile,UNKNOWN,UNKNOWN,UNKNOWN,UNKNOWN,UNKNOWN,UNKNOWN,UNKNOWN,UNKNOWN,UNKNOWN,UNKNOWN,UNKNOWN,"[-346085.78461071, 2335243.38814221, 1017464.95648264, 4341555.0]",EPSG:32650,,,,,,UNKNOWN,UNKNOWN,,148072.0,Polygon,UNKNOWN,UNKNOWN,UNKNOWN,UNKNOWN,UNKNOWN,UNKNOWN,UNKNOWN,UNKNOWN,
old-e540f30706bb,30mSpartinaChina/2020/CM-SSM/CM-SSM.shp.xml,CM-SSM.shp.xml,.shp.xml,41474.0,2026-09-26T22:24:11+00:00,STABLE_CANDIDATE,e540f30706bb50cd259ccd26abd4c2fbbcfe3d47489db0ebe3c91d039c243fed,shapefile_metadata_xml,UNKNOWN,UNKNOWN,UNKNOWN,UNKNOWN,UNKNOWN,UNKNOWN,UNKNOWN,UNKNOWN,UNKNOWN,UNKNOWN,UNKNOWN,UNKNOWN,UNKNOWN,,,,,,UNKNOWN,UNKNOWN,,,UNKNOWN,UNKNOWN,UNKNOWN,UNKNOWN,UNKNOWN,UNKNOWN,UNKNOWN,UNKNOWN,UNKNOWN,
old-ce7c01f77f94,30mSpartinaChina/2020/CM-SSM/CM-SSM.shx,CM-SSM.shx,.shx,1184676.0,2026-09-26T22:24:12+00:00,STABLE_CANDIDATE,ce7c01f77f946647f426da4da9198b15250ffef050bc60c2861bd070dcbc42f2,shapefile_sidecar_shx,UNKNOWN,UNKNOWN,UNKNOWN,UNKNOWN,UNKNOWN,UNKNOWN,UNKNOWN,UNKNOWN,UNKNOWN,UNKNOWN,UNKNOWN,UNKNOWN,UNKNOWN,,,,,,UNKNOWN,UNKNOWN,,,UNKNOWN,UNKNOWN,UNKNOWN,UNKNOWN,UNKNOWN,UNKNOWN,UNKNOWN,UNKNOWN,UNKNOWN,
old-db122a7c78be,30mSpartinaChina/30m分辨率中国互花米草空间分布数据集(2015年)-数据实体/30m中国互花米草空间分布数据集(2015年)-数据实体.tfw,30m中国互花米草空间分布数据集(2015年)-数据实体.tfw,.tfw,93.0,2026-09-26T22:24:11+00:00,STABLE_CANDIDATE,db122a7c78be5ebfb43d376094a13243ac5df0ed146be130f28e94cd783b6180,worldfile,UNKNOWN,UNKNOWN,UNKNOWN,UNKNOWN,UNKNOWN,UNKNOWN,UNKNOWN,UNKNOWN,UNKNOWN,UNKNOWN,UNKNOWN,UNKNOWN,UNKNOWN,,,,,,UNKNOWN,UNKNOWN,,,UNKNOWN,UNKNOWN,UNKNOWN,UNKNOWN,UNKNOWN,UNKNOWN,UNKNOWN,UNKNOWN,UNKNOWN,
old-39a2d5352de8,30mSpartinaChina/30m分辨率中国互花米草空间分布数据集(2015年)-数据实体/30m中国互花米草空间分布数据集(2015年)-数据实体.tif,30m中国互花米草空间分布数据集(2015年)-数据实体.tif,.tif,6095881341.0,2026-09-26T22:31:59+00:00,STABLE_CANDIDATE,39a2d5352de8cb558f11df64c348574e9e2abf06446c3dc89035cdb3bb9c521d,geotiff,UNKNOWN,UNKNOWN,UNKNOWN,UNKNOWN,UNKNOWN,UNKNOWN,UNKNOWN,UNKNOWN,UNKNOWN,UNKNOWN,UNKNOWN,"[-345246.4962637, 2329203.44448331, 1013213.5037363, 4341513.44448331]",EPSG:32650,30.0,30.0,45282.0,67077.0,1.0,"[""UNKNOWN""]",int16,255.0,,UNKNOWN,UNKNOWN,UNKNOWN,UNKNOWN,UNKNOWN,UNKNOWN,UNKNOWN,UNKNOWN,UNKNOWN,
old-50c5609bd3e8,30mSpartinaChina/30m分辨率中国互花米草空间分布数据集(2015年)-数据实体/30m中国互花米草空间分布数据集(2015年)-数据实体.tif.aux.xml,30m中国互花米草空间分布数据集(2015年)-数据实体.tif.aux.xml,.aux.xml,1488.0,2026-09-26T22:24:11+00:00,STABLE_CANDIDATE,50c5609bd3e8d81ca628338a2bceb2604846108c57fdee20d7e094eee42dd6dc,gdal_aux_xml,UNKNOWN,UNKNOWN,UNKNOWN,UNKNOWN,UNKNOWN,UNKNOWN,UNKNOWN,UNKNOWN,UNKNOWN,UNKNOWN,UNKNOWN,UNKNOWN,UNKNOWN,,,,,,UNKNOWN,UNKNOWN,,,UNKNOWN,UNKNOWN,UNKNOWN,UNKNOWN,UNKNOWN,UNKNOWN,UNKNOWN,UNKNOWN,UNKNOWN,
old-3827236bbd1c,30mSpartinaChina/30m分辨率中国互花米草空间分布数据集(2015年)-数据实体/30m中国互花米草空间分布数据集(2015年)-数据实体.tif.ovr,30m中国互花米草空间分布数据集(2015年)-数据实体.tif.ovr,.ovr,4607266.0,2026-09-26T22:24:12+00:00,STABLE_CANDIDATE,3827236bbd1c0ab09c5a34f24cd252f709ef6429dd56b661aa48b4ab8dd2f39f,raster_overview,UNKNOWN,UNKNOWN,UNKNOWN,UNKNOWN,UNKNOWN,UNKNOWN,UNKNOWN,UNKNOWN,UNKNOWN,UNKNOWN,UNKNOWN,UNKNOWN,UNKNOWN,,,,,,UNKNOWN,UNKNOWN,,,UNKNOWN,UNKNOWN,UNKNOWN,UNKNOWN,UNKNOWN,UNKNOWN,UNKNOWN,UNKNOWN,UNKNOWN,
old-3ad3031f5503,30mSpartinaChina/30m分辨率中国互花米草空间分布数据集(2015年)-数据实体/30m中国互花米草空间分布数据集(2015年)-数据实体.tif.vat.cpg,30m中国互花米草空间分布数据集(2015年)-数据实体.tif.vat.cpg,.cpg,5.0,2026-09-26T22:24:11+00:00,STABLE_CANDIDATE,3ad3031f5503a4404af825262ee8232cc04d4ea6683d42c5dd0a2f2a27ac9824,shapefile_sidecar_cpg,UNKNOWN,UNKNOWN,UNKNOWN,UNKNOWN,UNKNOWN,UNKNOWN,UNKNOWN,UNKNOWN,UNKNOWN,UNKNOWN,UNKNOWN,UNKNOWN,UNKNOWN,,,,,,UNKNOWN,UNKNOWN,,,UNKNOWN,UNKNOWN,UNKNOWN,UNKNOWN,UNKNOWN,UNKNOWN,UNKNOWN,UNKNOWN,byte-identical duplicate of 30mSpartinaChina/2020/CM-SSM/CM-SSM.CPG,
old-69b5369e7420,30mSpartinaChina/30m分辨率中国互花米草空间分布数据集(2015年)-数据实体/30m中国互花米草空间分布数据集(2015年)-数据实体.tif.vat.dbf,30m中国互花米草空间分布数据集(2015年)-数据实体.tif.vat.dbf,.vat.dbf,127.0,2026-09-26T22:24:11+00:00,STABLE_CANDIDATE,69b5369e7420f411fa35df099a617ece1ecda6884ad4b560af601370b3de9d68,raster_vat_dbf,UNKNOWN,UNKNOWN,UNKNOWN,UNKNOWN,UNKNOWN,UNKNOWN,UNKNOWN,UNKNOWN,UNKNOWN,UNKNOWN,UNKNOWN,UNKNOWN,UNKNOWN,,,,,,UNKNOWN,UNKNOWN,,,UNKNOWN,UNKNOWN,UNKNOWN,UNKNOWN,UNKNOWN,UNKNOWN,UNKNOWN,UNKNOWN,UNKNOWN,
old-e3b0c44298fc,30mSpartinaChina/30m分辨率中国互花米草空间分布数据集(2015年)-数据实体/30m中国互花米草空间分布数据集(2015年)-数据实体.tif.vat.dbf.DEAN.51244.55944.sr.lock,30m中国互花米草空间分布数据集(2015年)-数据实体.tif.vat.dbf.DEAN.51244.55944.sr.lock,.lock,0.0,2026-09-26T22:24:11+00:00,STABLE_CANDIDATE,e3b0c44298fc1c149afbf4c8996fb92427ae41e4649b934ca495991b7852b855,lock_file,UNKNOWN,UNKNOWN,UNKNOWN,UNKNOWN,UNKNOWN,UNKNOWN,UNKNOWN,UNKNOWN,UNKNOWN,UNKNOWN,UNKNOWN,UNKNOWN,UNKNOWN,,,,,,UNKNOWN,UNKNOWN,,,UNKNOWN,UNKNOWN,UNKNOWN,UNKNOWN,UNKNOWN,UNKNOWN,UNKNOWN,UNKNOWN,UNKNOWN,
old-e3b0c44298fc,30mSpartinaChina/30m分辨率中国互花米草空间分布数据集(2015年)-数据实体/30m中国互花米草空间分布数据集(2015年)-数据实体.tif.vat.dbf.DEAN.57448.55944.sr.lock,30m中国互花米草空间分布数据集(2015年)-数据实体.tif.vat.dbf.DEAN.57448.55944.sr.lock,.lock,0.0,2026-09-26T22:24:11+00:00,STABLE_CANDIDATE,e3b0c44298fc1c149afbf4c8996fb92427ae41e4649b934ca495991b7852b855,lock_file,UNKNOWN,UNKNOWN,UNKNOWN,UNKNOWN,UNKNOWN,UNKNOWN,UNKNOWN,UNKNOWN,UNKNOWN,UNKNOWN,UNKNOWN,UNKNOWN,UNKNOWN,,,,,,UNKNOWN,UNKNOWN,,,UNKNOWN,UNKNOWN,UNKNOWN,UNKNOWN,UNKNOWN,UNKNOWN,UNKNOWN,UNKNOWN,byte-identical duplicate of 30mSpartinaChina/30m分辨率中国互花米草空间分布数据集(2015年)-数据实体/30m中国互花米草空间分布数据集(2015年)-数据实体.tif.vat.dbf.DEAN.51244.55944.sr.lock,
old-e3b0c44298fc,30mSpartinaChina/30m分辨率中国互花米草空间分布数据集(2015年)-数据实体/30m中国互花米草空间分布数据集(2015年)-数据实体.tif.vat.dbf.DEAN.6060.55944.sr.lock,30m中国互花米草空间分布数据集(2015年)-数据实体.tif.vat.dbf.DEAN.6060.55944.sr.lock,.lock,0.0,2026-09-26T22:24:11+00:00,STABLE_CANDIDATE,e3b0c44298fc1c149afbf4c8996fb92427ae41e4649b934ca495991b7852b855,lock_file,UNKNOWN,UNKNOWN,UNKNOWN,UNKNOWN,UNKNOWN,UNKNOWN,UNKNOWN,UNKNOWN,UNKNOWN,UNKNOWN,UNKNOWN,UNKNOWN,UNKNOWN,,,,,,UNKNOWN,UNKNOWN,,,UNKNOWN,UNKNOWN,UNKNOWN,UNKNOWN,UNKNOWN,UNKNOWN,UNKNOWN,UNKNOWN,byte-identical duplicate of 30mSpartinaChina/30m分辨率中国互花米草空间分布数据集(2015年)-数据实体/30m中国互花米草空间分布数据集(2015年)-数据实体.tif.vat.dbf.DEAN.51244.55944.sr.lock,
old-e3b0c44298fc,30mSpartinaChina/30m分辨率中国互花米草空间分布数据集(2015年)-数据实体/30m中国互花米草空间分布数据集(2015年)-数据实体.tif.vat.dbf.DEAN.6148.55944.sr.lock,30m中国互花米草空间分布数据集(2015年)-数据实体.tif.vat.dbf.DEAN.6148.55944.sr.lock,.lock,0.0,2026-09-26T22:24:11+00:00,STABLE_CANDIDATE,e3b0c44298fc1c149afbf4c8996fb92427ae41e4649b934ca495991b7852b855,lock_file,UNKNOWN,UNKNOWN,UNKNOWN,UNKNOWN,UNKNOWN,UNKNOWN,UNKNOWN,UNKNOWN,UNKNOWN,UNKNOWN,UNKNOWN,UNKNOWN,UNKNOWN,,,,,,UNKNOWN,UNKNOWN,,,UNKNOWN,UNKNOWN,UNKNOWN,UNKNOWN,UNKNOWN,UNKNOWN,UNKNOWN,UNKNOWN,byte-identical duplicate of 30mSpartinaChina/30m分辨率中国互花米草空间分布数据集(2015年)-数据实体/30m中国互花米草空间分布数据集(2015年)-数据实体.tif.vat.dbf.DEAN.51244.55944.sr.lock,
old-470aa0275ada,30m分辨率中国互花米草空间分布数据集(2015年)-数据实体.rar,30m分辨率中国互花米草空间分布数据集(2015年)-数据实体.rar,.rar,681048.0,2026-09-26T22:24:11+00:00,STABLE_CANDIDATE,470aa0275adaa2641b97cbd4d729bb849557a0041861643f83dfe866c746f5fc,archive_rar,UNKNOWN,UNKNOWN,UNKNOWN,UNKNOWN,UNKNOWN,UNKNOWN,UNKNOWN,UNKNOWN,UNKNOWN,UNKNOWN,UNKNOWN,UNKNOWN,UNKNOWN,,,,,,UNKNOWN,UNKNOWN,,,UNKNOWN,UNKNOWN,UNKNOWN,UNKNOWN,UNKNOWN,UNKNOWN,UNKNOWN,UNKNOWN,UNKNOWN,
old-b90bf51ae243,Spartina/HangZhouBay/L8_AllBands_2015.tif,L8_AllBands_2015.tif,.tif,4105999.0,2026-09-26T22:23:00+00:00,STABLE_CANDIDATE,b90bf51ae24345bc7d8ec7aa7d0808a373309587944fff88b4f5521003b2ed92,geotiff,UNKNOWN,UNKNOWN,UNKNOWN,UNKNOWN,UNKNOWN,UNKNOWN,UNKNOWN,UNKNOWN,UNKNOWN,UNKNOWN,UNKNOWN,"[121.01762148, 30.26639788, 121.41809043, 30.39629427]",EPSG:4326,0.00026949458523585647,0.00026949458523585647,1486.0,482.0,7.0,"[""SR_B1"", ""SR_B2"", ""SR_B3"", ""SR_B4"", ""SR_B5"", ""SR_B6"", ""SR_B7""]",uint16,,,UNKNOWN,UNKNOWN,UNKNOWN,UNKNOWN,UNKNOWN,UNKNOWN,UNKNOWN,UNKNOWN,UNKNOWN,
old-64bdf51982a3,Spartina/HangZhouBay/L8_AllBands_2015.tif.aux.xml,L8_AllBands_2015.tif.aux.xml,.aux.xml,12155.0,2026-09-26T22:22:57+00:00,STABLE_CANDIDATE,64bdf51982a3268aa187b4ead8f46cbffdf47cabc83943039281f6196759ea8a,gdal_aux_xml,UNKNOWN,UNKNOWN,UNKNOWN,UNKNOWN,UNKNOWN,UNKNOWN,UNKNOWN,UNKNOWN,UNKNOWN,UNKNOWN,UNKNOWN,UNKNOWN,UNKNOWN,,,,,,UNKNOWN,UNKNOWN,,,UNKNOWN,UNKNOWN,UNKNOWN,UNKNOWN,UNKNOWN,UNKNOWN,UNKNOWN,UNKNOWN,UNKNOWN,
old-b14d3a6eac04,Spartina/HangZhouBay/NDVI_2015.tif,NDVI_2015.tif,.tif,1194835.0,2026-09-26T22:22:58+00:00,STABLE_CANDIDATE,b14d3a6eac04a4471c9d960c5ddba2ba7bb5a2a5dfdb5aa1e88507393b694ac9,geotiff,UNKNOWN,UNKNOWN,UNKNOWN,UNKNOWN,UNKNOWN,UNKNOWN,UNKNOWN,UNKNOWN,UNKNOWN,UNKNOWN,UNKNOWN,"[121.01762148, 30.26639788, 121.41809043, 30.39629427]",EPSG:4326,0.00026949458523585647,0.00026949458523585647,1486.0,482.0,1.0,"[""NDVI""]",float32,,,UNKNOWN,UNKNOWN,UNKNOWN,UNKNOWN,UNKNOWN,UNKNOWN,UNKNOWN,UNKNOWN,UNKNOWN,
old-5c4beb039dcf,Spartina/HangZhouBay/NDVI_2015.tif.aux.xml,NDVI_2015.tif.aux.xml,.aux.xml,2016.0,2026-09-26T22:22:58+00:00,STABLE_CANDIDATE,5c4beb039dcffe4802f1dc2ca91ccb76288965e8bf1c62ced8c09a1eae7a3919,gdal_aux_xml,UNKNOWN,UNKNOWN,UNKNOWN,UNKNOWN,UNKNOWN,UNKNOWN,UNKNOWN,UNKNOWN,UNKNOWN,UNKNOWN,UNKNOWN,UNKNOWN,UNKNOWN,,,,,,UNKNOWN,UNKNOWN,,,UNKNOWN,UNKNOWN,UNKNOWN,UNKNOWN,UNKNOWN,UNKNOWN,UNKNOWN,UNKNOWN,UNKNOWN,
old-c2ceed8ac0fa,Spartina/HangZhouBay/S1_VH_2015.tif,S1_VH_2015.tif,.tif,22483337.0,2026-09-26T22:23:05+00:00,STABLE_CANDIDATE,c2ceed8ac0faf710763aa08f546db46d6bcc64c297e67eac158d7cdf05ecdec3,geotiff,UNKNOWN,UNKNOWN,UNKNOWN,UNKNOWN,UNKNOWN,UNKNOWN,UNKNOWN,UNKNOWN,UNKNOWN,UNKNOWN,UNKNOWN,"[121.01780114, 30.26639788, 121.41809043, 30.39620444]",EPSG:4326,8.983152841195215e-05,8.983152841195215e-05,4456.0,1445.0,1.0,"[""VH""]",float64,,,UNKNOWN,UNKNOWN,UNKNOWN,UNKNOWN,UNKNOWN,UNKNOWN,UNKNOWN,UNKNOWN,UNKNOWN,
old-8bb3fc25c2f3,Spartina/HangZhouBay/S1_VH_2015.tif.aux.xml,S1_VH_2015.tif.aux.xml,.aux.xml,2089.0,2026-09-26T22:22:58+00:00,STABLE_CANDIDATE,8bb3fc25c2f32a27c47b77f87463ae8c5315affa2a65dbac8c23bd2b4fe1c5b4,gdal_aux_xml,UNKNOWN,UNKNOWN,UNKNOWN,UNKNOWN,UNKNOWN,UNKNOWN,UNKNOWN,UNKNOWN,UNKNOWN,UNKNOWN,UNKNOWN,UNKNOWN,UNKNOWN,,,,,,UNKNOWN,UNKNOWN,,,UNKNOWN,UNKNOWN,UNKNOWN,UNKNOWN,UNKNOWN,UNKNOWN,UNKNOWN,UNKNOWN,UNKNOWN,
old-4877bc5ee9be,Spartina/HangZhouBay/S1_VH_2015.tif.ovr,S1_VH_2015.tif.ovr,.ovr,3124854.0,2026-09-26T22:22:59+00:00,STABLE_CANDIDATE,4877bc5ee9be7134f2e225e973dc9de057c57711b135541db748e0293463a5a5,raster_overview,UNKNOWN,UNKNOWN,UNKNOWN,UNKNOWN,UNKNOWN,UNKNOWN,UNKNOWN,UNKNOWN,UNKNOWN,UNKNOWN,UNKNOWN,UNKNOWN,UNKNOWN,,,,,,UNKNOWN,UNKNOWN,,,UNKNOWN,UNKNOWN,UNKNOWN,UNKNOWN,UNKNOWN,UNKNOWN,UNKNOWN,UNKNOWN,UNKNOWN,
old-dda5871e1299,Spartina/HangZhouBay/S1_VV_2015.tif,S1_VV_2015.tif,.tif,22617785.0,2026-09-26T22:23:05+00:00,STABLE_CANDIDATE,dda5871e1299c4f17ea849f0ba5738f3dfb67e937a5d88b576279362afa6ed28,geotiff,UNKNOWN,UNKNOWN,UNKNOWN,UNKNOWN,UNKNOWN,UNKNOWN,UNKNOWN,UNKNOWN,UNKNOWN,UNKNOWN,UNKNOWN,"[121.01780114, 30.26639788, 121.41809043, 30.39620444]",EPSG:4326,8.983152841195215e-05,8.983152841195215e-05,4456.0,1445.0,1.0,"[""VV""]",float64,,,UNKNOWN,UNKNOWN,UNKNOWN,UNKNOWN,UNKNOWN,UNKNOWN,UNKNOWN,UNKNOWN,UNKNOWN,
old-ad66418d47b3,Spartina/HangZhouBay/S1_VV_2015.tif.aux.xml,S1_VV_2015.tif.aux.xml,.aux.xml,2057.0,2026-09-26T22:22:58+00:00,STABLE_CANDIDATE,ad66418d47b3d0e7978ef0bae17182a3e40f69acc41229dc7a60721a1231b719,gdal_aux_xml,UNKNOWN,UNKNOWN,UNKNOWN,UNKNOWN,UNKNOWN,UNKNOWN,UNKNOWN,UNKNOWN,UNKNOWN,UNKNOWN,UNKNOWN,UNKNOWN,UNKNOWN,,,,,,UNKNOWN,UNKNOWN,,,UNKNOWN,UNKNOWN,UNKNOWN,UNKNOWN,UNKNOWN,UNKNOWN,UNKNOWN,UNKNOWN,UNKNOWN,
old-d631966f60a0,Spartina/HangZhouBay/S1_VV_2015.tif.ovr,S1_VV_2015.tif.ovr,.ovr,3171199.0,2026-09-26T22:23:00+00:00,STABLE_CANDIDATE,d631966f60a056fe6dd4c8b552675c5540cd6bc9d371f8e553b3b267c242060d,raster_overview,UNKNOWN,UNKNOWN,UNKNOWN,UNKNOWN,UNKNOWN,UNKNOWN,UNKNOWN,UNKNOWN,UNKNOWN,UNKNOWN,UNKNOWN,UNKNOWN,UNKNOWN,,,,,,UNKNOWN,UNKNOWN,,,UNKNOWN,UNKNOWN,UNKNOWN,UNKNOWN,UNKNOWN,UNKNOWN,UNKNOWN,UNKNOWN,UNKNOWN,
old-e7527b537c5d,Spartina/HangZhouBay/SAI_2015.tif,SAI_2015.tif,.tif,2477774.0,2026-09-26T22:22:59+00:00,STABLE_CANDIDATE,e7527b537c5de1281ff16a42e3f22a838c0502e2b7a5d817e8d366b1e8db5371,geotiff,UNKNOWN,UNKNOWN,UNKNOWN,UNKNOWN,UNKNOWN,UNKNOWN,UNKNOWN,UNKNOWN,UNKNOWN,UNKNOWN,UNKNOWN,"[121.01762148, 30.26639788, 121.41809043, 30.39629427]",EPSG:4326,0.00026949458523585647,0.00026949458523585647,1486.0,482.0,1.0,"[""SAI""]",float64,,,UNKNOWN,UNKNOWN,UNKNOWN,UNKNOWN,UNKNOWN,UNKNOWN,UNKNOWN,UNKNOWN,UNKNOWN,
old-415e1624e73a,Spartina/HangZhouBay/SAI_2015.tif.aux.xml,SAI_2015.tif.aux.xml,.aux.xml,2028.0,2026-09-26T22:22:58+00:00,STABLE_CANDIDATE,415e1624e73a4fb34a3e552623dc27ce268e8c30bd83d532dd5bfa7ebfcd137e,gdal_aux_xml,UNKNOWN,UNKNOWN,UNKNOWN,UNKNOWN,UNKNOWN,UNKNOWN,UNKNOWN,UNKNOWN,UNKNOWN,UNKNOWN,UNKNOWN,UNKNOWN,UNKNOWN,,,,,,UNKNOWN,UNKNOWN,,,UNKNOWN,UNKNOWN,UNKNOWN,UNKNOWN,UNKNOWN,UNKNOWN,UNKNOWN,UNKNOWN,UNKNOWN,
old-cba9bf174250,Spartina/HangZhouBay/c201511839DTSP_2.tfw,c201511839DTSP_2.tfw,.tfw,92.0,2026-09-26T22:22:57+00:00,STABLE_CANDIDATE,cba9bf1742509661dc59a7f22c2ecc33bf5535a242dcce27180b20cdff0290d4,worldfile,UNKNOWN,UNKNOWN,UNKNOWN,UNKNOWN,UNKNOWN,UNKNOWN,UNKNOWN,UNKNOWN,UNKNOWN,UNKNOWN,UNKNOWN,UNKNOWN,UNKNOWN,,,,,,UNKNOWN,UNKNOWN,,,UNKNOWN,UNKNOWN,UNKNOWN,UNKNOWN,UNKNOWN,UNKNOWN,UNKNOWN,UNKNOWN,UNKNOWN,
old-7c4f5236ee52,Spartina/HangZhouBay/c201511839DTSP_2.tif,c201511839DTSP_2.tif,.tif,726499.0,2026-09-26T22:22:58+00:00,STABLE_CANDIDATE,7c4f5236ee528d2ba497284d438d302edd286bdaef4b2c4c25602de179ebd317,geotiff,UNKNOWN,UNKNOWN,UNKNOWN,UNKNOWN,UNKNOWN,UNKNOWN,UNKNOWN,UNKNOWN,UNKNOWN,UNKNOWN,UNKNOWN,"[309298.05305139, 3349363.9603261, 348028.83868631, 3364366.75713886]",EPSG:32651,29.97738826232437,29.94570222108099,1292.0,501.0,1.0,"[""UNKNOWN""]",uint8,,,UNKNOWN,UNKNOWN,UNKNOWN,UNKNOWN,UNKNOWN,UNKNOWN,UNKNOWN,UNKNOWN,UNKNOWN,
old-a2f3f033d304,Spartina/HangZhouBay/c201511839DTSP_2.tif.aux.xml,c201511839DTSP_2.tif.aux.xml,.aux.xml,988.0,2026-09-26T22:22:57+00:00,STABLE_CANDIDATE,a2f3f033d304371060c6c9ad56d6c3e9a5365ceb714372f89240be3184c33d9e,gdal_aux_xml,UNKNOWN,UNKNOWN,UNKNOWN,UNKNOWN,UNKNOWN,UNKNOWN,UNKNOWN,UNKNOWN,UNKNOWN,UNKNOWN,UNKNOWN,UNKNOWN,UNKNOWN,,,,,,UNKNOWN,UNKNOWN,,,UNKNOWN,UNKNOWN,UNKNOWN,UNKNOWN,UNKNOWN,UNKNOWN,UNKNOWN,UNKNOWN,UNKNOWN,
old-3ad3031f5503,Spartina/HangZhouBay/c201511839DTSP_2.tif.vat.cpg,c201511839DTSP_2.tif.vat.cpg,.cpg,5.0,2026-09-26T22:22:57+00:00,STABLE_CANDIDATE,3ad3031f5503a4404af825262ee8232cc04d4ea6683d42c5dd0a2f2a27ac9824,shapefile_sidecar_cpg,UNKNOWN,UNKNOWN,UNKNOWN,UNKNOWN,UNKNOWN,UNKNOWN,UNKNOWN,UNKNOWN,UNKNOWN,UNKNOWN,UNKNOWN,UNKNOWN,UNKNOWN,,,,,,UNKNOWN,UNKNOWN,,,UNKNOWN,UNKNOWN,UNKNOWN,UNKNOWN,UNKNOWN,UNKNOWN,UNKNOWN,UNKNOWN,byte-identical duplicate of 30mSpartinaChina/2020/CM-SSM/CM-SSM.CPG,
old-9f0694fc5268,Spartina/HangZhouBay/c201511839DTSP_2.tif.vat.dbf,c201511839DTSP_2.tif.vat.dbf,.vat.dbf,158.0,2026-09-26T22:22:57+00:00,STABLE_CANDIDATE,9f0694fc526856314d11ff1b228da4c0197656963ee193cc40c6400598c312ff,raster_vat_dbf,UNKNOWN,UNKNOWN,UNKNOWN,UNKNOWN,UNKNOWN,UNKNOWN,UNKNOWN,UNKNOWN,UNKNOWN,UNKNOWN,UNKNOWN,UNKNOWN,UNKNOWN,,,,,,UNKNOWN,UNKNOWN,,,UNKNOWN,UNKNOWN,UNKNOWN,UNKNOWN,UNKNOWN,UNKNOWN,UNKNOWN,UNKNOWN,UNKNOWN,
old-e3b0c44298fc,Spartina/HangZhouBay/c201511839DTSP_2.tif.vat.dbf.DEAN.26256.25680.sr.lock,c201511839DTSP_2.tif.vat.dbf.DEAN.26256.25680.sr.lock,.lock,0.0,2026-09-26T22:22:57+00:00,STABLE_CANDIDATE,e3b0c44298fc1c149afbf4c8996fb92427ae41e4649b934ca495991b7852b855,lock_file,UNKNOWN,UNKNOWN,UNKNOWN,UNKNOWN,UNKNOWN,UNKNOWN,UNKNOWN,UNKNOWN,UNKNOWN,UNKNOWN,UNKNOWN,UNKNOWN,UNKNOWN,,,,,,UNKNOWN,UNKNOWN,,,UNKNOWN,UNKNOWN,UNKNOWN,UNKNOWN,UNKNOWN,UNKNOWN,UNKNOWN,UNKNOWN,byte-identical duplicate of 30mSpartinaChina/30m分辨率中国互花米草空间分布数据集(2015年)-数据实体/30m中国互花米草空间分布数据集(2015年)-数据实体.tif.vat.dbf.DEAN.51244.55944.sr.lock,
old-e3b0c44298fc,Spartina/HangZhouBay/c201511839DTSP_2.tif.vat.dbf.DEAN.27248.25680.sr.lock,c201511839DTSP_2.tif.vat.dbf.DEAN.27248.25680.sr.lock,.lock,0.0,2026-09-26T22:22:57+00:00,STABLE_CANDIDATE,e3b0c44298fc1c149afbf4c8996fb92427ae41e4649b934ca495991b7852b855,lock_file,UNKNOWN,UNKNOWN,UNKNOWN,UNKNOWN,UNKNOWN,UNKNOWN,UNKNOWN,UNKNOWN,UNKNOWN,UNKNOWN,UNKNOWN,UNKNOWN,UNKNOWN,,,,,,UNKNOWN,UNKNOWN,,,UNKNOWN,UNKNOWN,UNKNOWN,UNKNOWN,UNKNOWN,UNKNOWN,UNKNOWN,UNKNOWN,byte-identical duplicate of 30mSpartinaChina/30m分辨率中国互花米草空间分布数据集(2015年)-数据实体/30m中国互花米草空间分布数据集(2015年)-数据实体.tif.vat.dbf.DEAN.51244.55944.sr.lock,
old-e3b0c44298fc,Spartina/HangZhouBay/c201511839DTSP_2.tif.vat.dbf.DEAN.41288.25680.sr.lock,c201511839DTSP_2.tif.vat.dbf.DEAN.41288.25680.sr.lock,.lock,0.0,2026-09-26T22:22:57+00:00,STABLE_CANDIDATE,e3b0c44298fc1c149afbf4c8996fb92427ae41e4649b934ca495991b7852b855,lock_file,UNKNOWN,UNKNOWN,UNKNOWN,UNKNOWN,UNKNOWN,UNKNOWN,UNKNOWN,UNKNOWN,UNKNOWN,UNKNOWN,UNKNOWN,UNKNOWN,UNKNOWN,,,,,,UNKNOWN,UNKNOWN,,,UNKNOWN,UNKNOWN,UNKNOWN,UNKNOWN,UNKNOWN,UNKNOWN,UNKNOWN,UNKNOWN,byte-identical duplicate of 30mSpartinaChina/30m分辨率中国互花米草空间分布数据集(2015年)-数据实体/30m中国互花米草空间分布数据集(2015年)-数据实体.tif.vat.dbf.DEAN.51244.55944.sr.lock,
old-e3b0c44298fc,Spartina/HangZhouBay/c201511839DTSP_2.tif.vat.dbf.DEAN.4920.25680.sr.lock,c201511839DTSP_2.tif.vat.dbf.DEAN.4920.25680.sr.lock,.lock,0.0,2026-09-26T22:22:57+00:00,STABLE_CANDIDATE,e3b0c44298fc1c149afbf4c8996fb92427ae41e4649b934ca495991b7852b855,lock_file,UNKNOWN,UNKNOWN,UNKNOWN,UNKNOWN,UNKNOWN,UNKNOWN,UNKNOWN,UNKNOWN,UNKNOWN,UNKNOWN,UNKNOWN,UNKNOWN,UNKNOWN,,,,,,UNKNOWN,UNKNOWN,,,UNKNOWN,UNKNOWN,UNKNOWN,UNKNOWN,UNKNOWN,UNKNOWN,UNKNOWN,UNKNOWN,byte-identical duplicate of 30mSpartinaChina/30m分辨率中国互花米草空间分布数据集(2015年)-数据实体/30m中国互花米草空间分布数据集(2015年)-数据实体.tif.vat.dbf.DEAN.51244.55944.sr.lock,
old-c94cefaed67b,Spartina/zhejiang/978-3-319-46448-0_7.pdf,978-3-319-46448-0_7.pdf,.pdf,2028598.0,2026-09-26T22:22:59+00:00,STABLE_CANDIDATE,c94cefaed67b860bfdda50996f62edcc730451d0c675b9b4eaf01a350aa22615,pdf,UNKNOWN,UNKNOWN,UNKNOWN,UNKNOWN,UNKNOWN,UNKNOWN,UNKNOWN,UNKNOWN,UNKNOWN,UNKNOWN,UNKNOWN,UNKNOWN,UNKNOWN,,,,,,UNKNOWN,UNKNOWN,,,UNKNOWN,UNKNOWN,UNKNOWN,UNKNOWN,UNKNOWN,UNKNOWN,UNKNOWN,UNKNOWN,UNKNOWN,
old-e2ea5f2ffcf5,Spartina/zhejiang/CursorSetup-x64-1.6.35.exe,CursorSetup-x64-1.6.35.exe,.exe,119750840.0,2026-09-26T22:23:20+00:00,STABLE_CANDIDATE,e2ea5f2ffcf53dea2ed86103e32b55e71b7eae5dbba73ef926ff77bb99b8421c,windows_executable,UNKNOWN,UNKNOWN,UNKNOWN,UNKNOWN,UNKNOWN,UNKNOWN,UNKNOWN,UNKNOWN,UNKNOWN,UNKNOWN,UNKNOWN,UNKNOWN,UNKNOWN,,,,,,UNKNOWN,UNKNOWN,,,UNKNOWN,UNKNOWN,UNKNOWN,UNKNOWN,UNKNOWN,UNKNOWN,UNKNOWN,UNKNOWN,UNKNOWN,
old-bf1deaa66b24,Spartina/zhejiang/Journal_of_Remote_Sensing.pdf,Journal_of_Remote_Sensing.pdf,.pdf,812341.0,2026-09-26T22:22:58+00:00,STABLE_CANDIDATE,bf1deaa66b24d21f3a0425cb4af1339ec31e27f43ce4a8cb6529872162a4bc98,pdf,UNKNOWN,UNKNOWN,UNKNOWN,UNKNOWN,UNKNOWN,UNKNOWN,UNKNOWN,UNKNOWN,UNKNOWN,UNKNOWN,UNKNOWN,UNKNOWN,UNKNOWN,,,,,,UNKNOWN,UNKNOWN,,,UNKNOWN,UNKNOWN,UNKNOWN,UNKNOWN,UNKNOWN,UNKNOWN,UNKNOWN,UNKNOWN,UNKNOWN,
old-03f0d0ea1287,Spartina/zhejiang/LiCSBAS_sample_CF (1).pdf,LiCSBAS_sample_CF (1).pdf,.pdf,1355003.0,2026-09-26T22:22:59+00:00,STABLE_CANDIDATE,03f0d0ea1287de69f402689f635a61101490f5e4a4b133158ed4cef9ca96f00c,pdf,UNKNOWN,UNKNOWN,UNKNOWN,UNKNOWN,UNKNOWN,UNKNOWN,UNKNOWN,UNKNOWN,UNKNOWN,UNKNOWN,UNKNOWN,UNKNOWN,UNKNOWN,,,,,,UNKNOWN,UNKNOWN,,,UNKNOWN,UNKNOWN,UNKNOWN,UNKNOWN,UNKNOWN,UNKNOWN,UNKNOWN,UNKNOWN,UNKNOWN,
old-03f0d0ea1287,Spartina/zhejiang/LiCSBAS_sample_CF.pdf,LiCSBAS_sample_CF.pdf,.pdf,1355003.0,2026-09-26T22:22:59+00:00,STABLE_CANDIDATE,03f0d0ea1287de69f402689f635a61101490f5e4a4b133158ed4cef9ca96f00c,pdf,UNKNOWN,UNKNOWN,UNKNOWN,UNKNOWN,UNKNOWN,UNKNOWN,UNKNOWN,UNKNOWN,UNKNOWN,UNKNOWN,UNKNOWN,UNKNOWN,UNKNOWN,,,,,,UNKNOWN,UNKNOWN,,,UNKNOWN,UNKNOWN,UNKNOWN,UNKNOWN,UNKNOWN,UNKNOWN,UNKNOWN,UNKNOWN,byte-identical duplicate of Spartina/zhejiang/LiCSBAS_sample_CF (1).pdf,
old-aa41a26ef4f8,Spartina/zhejiang/LiCSBAS_sample_CF.tar.gz,LiCSBAS_sample_CF.tar.gz,.tar.gz,66043262.0,2026-09-26T22:23:14+00:00,STABLE_CANDIDATE,aa41a26ef4f846ef7ca3bc656f57042d605f24c591131552e009636898511fd6,archive_tar_gz,UNKNOWN,UNKNOWN,UNKNOWN,UNKNOWN,UNKNOWN,UNKNOWN,UNKNOWN,UNKNOWN,UNKNOWN,UNKNOWN,UNKNOWN,UNKNOWN,UNKNOWN,,,,,,UNKNOWN,UNKNOWN,,,UNKNOWN,UNKNOWN,UNKNOWN,UNKNOWN,UNKNOWN,UNKNOWN,UNKNOWN,UNKNOWN,UNKNOWN,
old-18c0c756520e,Spartina/zhejiang/QuizInstruction.docx,QuizInstruction.docx,.docx,818501.0,2026-09-26T22:22:58+00:00,STABLE_CANDIDATE,18c0c756520ef629aea237f9074700f014cfa6eac814ae57dc3b9dd8437e0023,docx,UNKNOWN,UNKNOWN,UNKNOWN,UNKNOWN,UNKNOWN,UNKNOWN,UNKNOWN,UNKNOWN,UNKNOWN,UNKNOWN,UNKNOWN,UNKNOWN,UNKNOWN,,,,,,UNKNOWN,UNKNOWN,,,UNKNOWN,UNKNOWN,UNKNOWN,UNKNOWN,UNKNOWN,UNKNOWN,UNKNOWN,UNKNOWN,UNKNOWN,
old-e2eb25f2b33f,Spartina/zhejiang/Spartina_2015-0000000000-0000000000.tif,Spartina_2015-0000000000-0000000000.tif,.tif,700361158.0,2026-09-26T22:24:04+00:00,STABLE_CANDIDATE,e2eb25f2b33ffc38128df4a7db08e099a21290dd77ea1ee6ca8aa3eb1cf99692,geotiff,UNKNOWN,UNKNOWN,UNKNOWN,UNKNOWN,UNKNOWN,UNKNOWN,UNKNOWN,UNKNOWN,UNKNOWN,UNKNOWN,UNKNOWN,"[120.53657364, 28.03120979, 122.59066137, 30.72184373]",EPSG:4326,0.00026949458523585647,0.00026949458523585647,7622.0,9984.0,11.0,"[""SR_B1"", ""SR_B2"", ""SR_B3"", ""SR_B4"", ""SR_B5"", ""SR_B6"", ""SR_B7"", ""VV"", ""VH"", ""NDVI"", ""SAI""]",float32,,,UNKNOWN,UNKNOWN,UNKNOWN,UNKNOWN,UNKNOWN,UNKNOWN,UNKNOWN,UNKNOWN,UNKNOWN,
old-47c94973059c,Spartina/zhejiang/Spartina_2015-0000009984-0000000000.tif,Spartina_2015-0000009984-0000000000.tif,.tif,55431237.0,2026-09-26T22:23:12+00:00,STABLE_CANDIDATE,47c94973059c358c112a136ac30475d3a4dd5c5aaca639b0baf59562f83af4e4,geotiff,UNKNOWN,UNKNOWN,UNKNOWN,UNKNOWN,UNKNOWN,UNKNOWN,UNKNOWN,UNKNOWN,UNKNOWN,UNKNOWN,UNKNOWN,"[120.53657364, 27.45961177, 122.59066137, 28.03120979]",EPSG:4326,0.00026949458523585647,0.00026949458523585647,7622.0,2121.0,11.0,"[""SR_B1"", ""SR_B2"", ""SR_B3"", ""SR_B4"", ""SR_B5"", ""SR_B6"", ""SR_B7"", ""VV"", ""VH"", ""NDVI"", ""SAI""]",float32,,,UNKNOWN,UNKNOWN,UNKNOWN,UNKNOWN,UNKNOWN,UNKNOWN,UNKNOWN,UNKNOWN,UNKNOWN,
old-7dbc54bd54f3,Spartina/zhejiang/Spartina_Detection.pdf,Spartina_Detection.pdf,.pdf,1640462.0,2026-09-26T22:22:59+00:00,STABLE_CANDIDATE,7dbc54bd54f34d6d04149abcace7d43e5f9ce109ca90cc339c40f3114d37c03d,pdf,UNKNOWN,UNKNOWN,UNKNOWN,UNKNOWN,UNKNOWN,UNKNOWN,UNKNOWN,UNKNOWN,UNKNOWN,UNKNOWN,UNKNOWN,UNKNOWN,UNKNOWN,,,,,,UNKNOWN,UNKNOWN,,,UNKNOWN,UNKNOWN,UNKNOWN,UNKNOWN,UNKNOWN,UNKNOWN,UNKNOWN,UNKNOWN,UNKNOWN,
old-f5ee5409c2a4,Spartina/zhejiang/Witch-hunt.pdf,Witch-hunt.pdf,.pdf,6913645.0,2026-09-26T22:23:01+00:00,STABLE_CANDIDATE,f5ee5409c2a47cf87b1fa7b6a0a24db55a0eb4e22327edfb961dfcbca4ec16b0,pdf,UNKNOWN,UNKNOWN,UNKNOWN,UNKNOWN,UNKNOWN,UNKNOWN,UNKNOWN,UNKNOWN,UNKNOWN,UNKNOWN,UNKNOWN,UNKNOWN,UNKNOWN,,,,,,UNKNOWN,UNKNOWN,,,UNKNOWN,UNKNOWN,UNKNOWN,UNKNOWN,UNKNOWN,UNKNOWN,UNKNOWN,UNKNOWN,UNKNOWN,
old-9fa05300efc8,Spartina/zhejiang/WordResearchPaper.zip,WordResearchPaper.zip,.zip,288073.0,2026-09-26T22:22:58+00:00,STABLE_CANDIDATE,9fa05300efc89ead966290e6d93e83347f3bbd1def17a71fbf7d59913f42ec4f,archive_zip,UNKNOWN,UNKNOWN,UNKNOWN,UNKNOWN,UNKNOWN,UNKNOWN,UNKNOWN,UNKNOWN,UNKNOWN,UNKNOWN,UNKNOWN,UNKNOWN,UNKNOWN,,,,,,UNKNOWN,UNKNOWN,,,UNKNOWN,UNKNOWN,UNKNOWN,UNKNOWN,UNKNOWN,UNKNOWN,UNKNOWN,UNKNOWN,UNKNOWN,
old-07571007c2ae,Spartina/zhejiang/Yingda Yu  - Geospatial Analysis.png,Yingda Yu  - Geospatial Analysis.png,.png,625112.0,2026-09-26T22:22:58+00:00,STABLE_CANDIDATE,07571007c2aea7e8f320ff642f9d5804a86b0cfa0293d4912b2912cc202bbfa6,image_png,UNKNOWN,UNKNOWN,UNKNOWN,UNKNOWN,UNKNOWN,UNKNOWN,UNKNOWN,UNKNOWN,UNKNOWN,UNKNOWN,UNKNOWN,UNKNOWN,UNKNOWN,,,,,,UNKNOWN,UNKNOWN,,,UNKNOWN,UNKNOWN,UNKNOWN,UNKNOWN,UNKNOWN,UNKNOWN,UNKNOWN,UNKNOWN,UNKNOWN,
old-1acefa74f9dd,Spartina/zhejiang/channels_visualization.png,channels_visualization.png,.png,6554924.0,2026-09-26T22:23:01+00:00,STABLE_CANDIDATE,1acefa74f9ddaba0536a15052a107ed29300e630f12979ff2a02dcdf0a6bb131,image_png,UNKNOWN,UNKNOWN,UNKNOWN,UNKNOWN,UNKNOWN,UNKNOWN,UNKNOWN,UNKNOWN,UNKNOWN,UNKNOWN,UNKNOWN,UNKNOWN,UNKNOWN,,,,,,UNKNOWN,UNKNOWN,,,UNKNOWN,UNKNOWN,UNKNOWN,UNKNOWN,UNKNOWN,UNKNOWN,UNKNOWN,UNKNOWN,UNKNOWN,
old-5473dcaeb7ca,Spartina/zhejiang/kepler.gl.png,kepler.gl.png,.png,250239.0,2026-09-26T22:22:58+00:00,STABLE_CANDIDATE,5473dcaeb7ca27d6ee9678670896cac5db7888fc0914f92a9774a1a1de8c6ee7,image_png,UNKNOWN,UNKNOWN,UNKNOWN,UNKNOWN,UNKNOWN,UNKNOWN,UNKNOWN,UNKNOWN,UNKNOWN,UNKNOWN,UNKNOWN,UNKNOWN,UNKNOWN,,,,,,UNKNOWN,UNKNOWN,,,UNKNOWN,UNKNOWN,UNKNOWN,UNKNOWN,UNKNOWN,UNKNOWN,UNKNOWN,UNKNOWN,UNKNOWN,
old-27e8c94bb225,Spartina/zhejiang/nature20584.pdf,nature20584.pdf,.pdf,8934930.0,2026-09-26T22:23:01+00:00,STABLE_CANDIDATE,27e8c94bb225a1ba4ab523141651243449e6a85d64667084857667902327f169,pdf,UNKNOWN,UNKNOWN,UNKNOWN,UNKNOWN,UNKNOWN,UNKNOWN,UNKNOWN,UNKNOWN,UNKNOWN,UNKNOWN,UNKNOWN,UNKNOWN,UNKNOWN,,,,,,UNKNOWN,UNKNOWN,,,UNKNOWN,UNKNOWN,UNKNOWN,UNKNOWN,UNKNOWN,UNKNOWN,UNKNOWN,UNKNOWN,UNKNOWN,
old-3ad3031f5503,spartinatest/CMSA_2019.cpg,CMSA_2019.cpg,.cpg,5.0,2026-09-26T22:24:04+00:00,STABLE_CANDIDATE,3ad3031f5503a4404af825262ee8232cc04d4ea6683d42c5dd0a2f2a27ac9824,shapefile_sidecar_cpg,UNKNOWN,UNKNOWN,UNKNOWN,UNKNOWN,UNKNOWN,UNKNOWN,UNKNOWN,UNKNOWN,UNKNOWN,UNKNOWN,UNKNOWN,UNKNOWN,UNKNOWN,,,,,,UNKNOWN,UNKNOWN,,,UNKNOWN,UNKNOWN,UNKNOWN,UNKNOWN,UNKNOWN,UNKNOWN,UNKNOWN,UNKNOWN,byte-identical duplicate of 30mSpartinaChina/2020/CM-SSM/CM-SSM.CPG,
old-86aa65f90cf7,spartinatest/CMSA_2019.dbf,CMSA_2019.dbf,.dbf,1065.0,2026-09-26T22:24:04+00:00,STABLE_CANDIDATE,86aa65f90cf734a20b1070cb744f025a7153aaa6a19c666be20b49cd0d1ece7a,shapefile_sidecar_dbf,UNKNOWN,UNKNOWN,UNKNOWN,UNKNOWN,UNKNOWN,UNKNOWN,UNKNOWN,UNKNOWN,UNKNOWN,UNKNOWN,UNKNOWN,UNKNOWN,UNKNOWN,,,,,,UNKNOWN,UNKNOWN,,,UNKNOWN,UNKNOWN,UNKNOWN,UNKNOWN,UNKNOWN,UNKNOWN,UNKNOWN,UNKNOWN,UNKNOWN,
old-49bad27ce415,spartinatest/CMSA_2019.fix,CMSA_2019.fix,.fix,949.0,2026-09-26T22:24:04+00:00,STABLE_CANDIDATE,49bad27ce41557b2ea925d712e65a2b2a783cd01d12636d86384301c56dbb469,shapefile_sidecar_fix,UNKNOWN,UNKNOWN,UNKNOWN,UNKNOWN,UNKNOWN,UNKNOWN,UNKNOWN,UNKNOWN,UNKNOWN,UNKNOWN,UNKNOWN,UNKNOWN,UNKNOWN,,,,,,UNKNOWN,UNKNOWN,,,UNKNOWN,UNKNOWN,UNKNOWN,UNKNOWN,UNKNOWN,UNKNOWN,UNKNOWN,UNKNOWN,UNKNOWN,
old-de5c1395a1ff,spartinatest/CMSA_2019.prj,CMSA_2019.prj,.prj,335.0,2026-09-26T22:24:04+00:00,STABLE_CANDIDATE,de5c1395a1ffc517ee2112b217c89595d01a7944eb65374c06547d4771b29167,shapefile_sidecar_prj,UNKNOWN,UNKNOWN,UNKNOWN,UNKNOWN,UNKNOWN,UNKNOWN,UNKNOWN,UNKNOWN,UNKNOWN,UNKNOWN,UNKNOWN,UNKNOWN,UNKNOWN,,,,,,UNKNOWN,UNKNOWN,,,UNKNOWN,UNKNOWN,UNKNOWN,UNKNOWN,UNKNOWN,UNKNOWN,UNKNOWN,UNKNOWN,UNKNOWN,
old-f66c2cab0e59,spartinatest/CMSA_2019.shp,CMSA_2019.shp,.shp,178880.0,2026-09-26T22:24:04+00:00,STABLE_CANDIDATE,f66c2cab0e5997ef0f87741742d6284aa5cf2dc37eab3d269322163c8bd31b24,shapefile,UNKNOWN,UNKNOWN,UNKNOWN,UNKNOWN,UNKNOWN,UNKNOWN,UNKNOWN,UNKNOWN,UNKNOWN,UNKNOWN,UNKNOWN,"[121.14966212, 28.26874177, 121.21935658, 28.37567891]",EPSG:4326,,,,,,UNKNOWN,UNKNOWN,,78.0,Polygon,UNKNOWN,UNKNOWN,UNKNOWN,UNKNOWN,UNKNOWN,UNKNOWN,UNKNOWN,UNKNOWN,
old-341299809b46,spartinatest/CMSA_2019.shx,CMSA_2019.shx,.shx,724.0,2026-09-26T22:24:04+00:00,STABLE_CANDIDATE,341299809b46b3b0e97ab37aaddd7651f2f38a29ee208d4569e034d869e09917,shapefile_sidecar_shx,UNKNOWN,UNKNOWN,UNKNOWN,UNKNOWN,UNKNOWN,UNKNOWN,UNKNOWN,UNKNOWN,UNKNOWN,UNKNOWN,UNKNOWN,UNKNOWN,UNKNOWN,,,,,,UNKNOWN,UNKNOWN,,,UNKNOWN,UNKNOWN,UNKNOWN,UNKNOWN,UNKNOWN,UNKNOWN,UNKNOWN,UNKNOWN,UNKNOWN,
old-3ad3031f5503,spartinatest/CMSA_2020.cpg,CMSA_2020.cpg,.cpg,5.0,2026-09-26T22:24:04+00:00,STABLE_CANDIDATE,3ad3031f5503a4404af825262ee8232cc04d4ea6683d42c5dd0a2f2a27ac9824,shapefile_sidecar_cpg,UNKNOWN,UNKNOWN,UNKNOWN,UNKNOWN,UNKNOWN,UNKNOWN,UNKNOWN,UNKNOWN,UNKNOWN,UNKNOWN,UNKNOWN,UNKNOWN,UNKNOWN,,,,,,UNKNOWN,UNKNOWN,,,UNKNOWN,UNKNOWN,UNKNOWN,UNKNOWN,UNKNOWN,UNKNOWN,UNKNOWN,UNKNOWN,byte-identical duplicate of 30mSpartinaChina/2020/CM-SSM/CM-SSM.CPG,
old-acaf675e0a3b,spartinatest/CMSA_2020.dbf,CMSA_2020.dbf,.dbf,3949.0,2026-09-26T22:24:04+00:00,STABLE_CANDIDATE,acaf675e0a3bcdc37561517de329a5bee3b769e0d6eb586c87fdda5c19a59579,shapefile_sidecar_dbf,UNKNOWN,UNKNOWN,UNKNOWN,UNKNOWN,UNKNOWN,UNKNOWN,UNKNOWN,UNKNOWN,UNKNOWN,UNKNOWN,UNKNOWN,UNKNOWN,UNKNOWN,,,,,,UNKNOWN,UNKNOWN,,,UNKNOWN,UNKNOWN,UNKNOWN,UNKNOWN,UNKNOWN,UNKNOWN,UNKNOWN,UNKNOWN,UNKNOWN,
old-3fe6f107b3ed,spartinatest/CMSA_2020.fix,CMSA_2020.fix,.fix,2305.0,2026-09-26T22:24:04+00:00,STABLE_CANDIDATE,3fe6f107b3ed62701c470ec273afdfe9867cb9fdf932ac51e2c8afcbfa8bb997,shapefile_sidecar_fix,UNKNOWN,UNKNOWN,UNKNOWN,UNKNOWN,UNKNOWN,UNKNOWN,UNKNOWN,UNKNOWN,UNKNOWN,UNKNOWN,UNKNOWN,UNKNOWN,UNKNOWN,,,,,,UNKNOWN,UNKNOWN,,,UNKNOWN,UNKNOWN,UNKNOWN,UNKNOWN,UNKNOWN,UNKNOWN,UNKNOWN,UNKNOWN,UNKNOWN,
old-de5c1395a1ff,spartinatest/CMSA_2020.prj,CMSA_2020.prj,.prj,335.0,2026-09-26T22:24:04+00:00,STABLE_CANDIDATE,de5c1395a1ffc517ee2112b217c89595d01a7944eb65374c06547d4771b29167,shapefile_sidecar_prj,UNKNOWN,UNKNOWN,UNKNOWN,UNKNOWN,UNKNOWN,UNKNOWN,UNKNOWN,UNKNOWN,UNKNOWN,UNKNOWN,UNKNOWN,UNKNOWN,UNKNOWN,,,,,,UNKNOWN,UNKNOWN,,,UNKNOWN,UNKNOWN,UNKNOWN,UNKNOWN,UNKNOWN,UNKNOWN,UNKNOWN,UNKNOWN,byte-identical duplicate of spartinatest/CMSA_2019.prj,
old-03e2e0b85623,spartinatest/CMSA_2020.shp,CMSA_2020.shp,.shp,298240.0,2026-09-26T22:24:04+00:00,STABLE_CANDIDATE,03e2e0b85623272e3e25bb038fbe1b65f7c551ef6c4d5d591062d2f85e928885,shapefile,UNKNOWN,UNKNOWN,UNKNOWN,UNKNOWN,UNKNOWN,UNKNOWN,UNKNOWN,UNKNOWN,UNKNOWN,UNKNOWN,UNKNOWN,"[121.15129656, 28.2966643, 121.21935947, 28.37343797]",EPSG:4326,,,,,,UNKNOWN,UNKNOWN,,191.0,"MultiPolygon,Polygon",UNKNOWN,UNKNOWN,UNKNOWN,UNKNOWN,UNKNOWN,UNKNOWN,UNKNOWN,UNKNOWN,
old-318dad3b2836,spartinatest/CMSA_2020.shx,CMSA_2020.shx,.shx,1628.0,2026-09-26T22:24:04+00:00,STABLE_CANDIDATE,318dad3b2836e69184f01f8a688195a800c91a9c3031ab0d03efe5eca1fa5b12,shapefile_sidecar_shx,UNKNOWN,UNKNOWN,UNKNOWN,UNKNOWN,UNKNOWN,UNKNOWN,UNKNOWN,UNKNOWN,UNKNOWN,UNKNOWN,UNKNOWN,UNKNOWN,UNKNOWN,,,,,,UNKNOWN,UNKNOWN,,,UNKNOWN,UNKNOWN,UNKNOWN,UNKNOWN,UNKNOWN,UNKNOWN,UNKNOWN,UNKNOWN,UNKNOWN,
old-ce51e72a1aef,spartinatest/CMSA_2020.zip,CMSA_2020.zip,.zip,60719164.0,2026-09-26T22:24:11+00:00,STABLE_CANDIDATE,ce51e72a1aef2f7eba4862750f26bb6c58cf375be9f07206a519fbbdfe961f34,archive_zip,UNKNOWN,UNKNOWN,UNKNOWN,UNKNOWN,UNKNOWN,UNKNOWN,UNKNOWN,UNKNOWN,UNKNOWN,UNKNOWN,UNKNOWN,UNKNOWN,UNKNOWN,,,,,,UNKNOWN,UNKNOWN,,,UNKNOWN,UNKNOWN,UNKNOWN,UNKNOWN,UNKNOWN,UNKNOWN,UNKNOWN,UNKNOWN,UNKNOWN,
old-3ad3031f5503,spartinatest/CMSA_2021.cpg,CMSA_2021.cpg,.cpg,5.0,2026-09-26T22:24:04+00:00,STABLE_CANDIDATE,3ad3031f5503a4404af825262ee8232cc04d4ea6683d42c5dd0a2f2a27ac9824,shapefile_sidecar_cpg,UNKNOWN,UNKNOWN,UNKNOWN,UNKNOWN,UNKNOWN,UNKNOWN,UNKNOWN,UNKNOWN,UNKNOWN,UNKNOWN,UNKNOWN,UNKNOWN,UNKNOWN,,,,,,UNKNOWN,UNKNOWN,,,UNKNOWN,UNKNOWN,UNKNOWN,UNKNOWN,UNKNOWN,UNKNOWN,UNKNOWN,UNKNOWN,byte-identical duplicate of 30mSpartinaChina/2020/CM-SSM/CM-SSM.CPG,
old-65f68cc29ec2,spartinatest/CMSA_2021.dbf,CMSA_2021.dbf,.dbf,1389.0,2026-09-26T22:24:04+00:00,STABLE_CANDIDATE,65f68cc29ec2115bb033f1822cb5b860cb143e36ebd676cc554fd5016268884a,shapefile_sidecar_dbf,UNKNOWN,UNKNOWN,UNKNOWN,UNKNOWN,UNKNOWN,UNKNOWN,UNKNOWN,UNKNOWN,UNKNOWN,UNKNOWN,UNKNOWN,UNKNOWN,UNKNOWN,,,,,,UNKNOWN,UNKNOWN,,,UNKNOWN,UNKNOWN,UNKNOWN,UNKNOWN,UNKNOWN,UNKNOWN,UNKNOWN,UNKNOWN,UNKNOWN,
old-ad7b036f23d5,spartinatest/CMSA_2021.fix,CMSA_2021.fix,.fix,1273.0,2026-09-26T22:24:04+00:00,STABLE_CANDIDATE,ad7b036f23d5403b3289e7f420b688a4bd68eaaf8fc42f69075af91986cf4e73,shapefile_sidecar_fix,UNKNOWN,UNKNOWN,UNKNOWN,UNKNOWN,UNKNOWN,UNKNOWN,UNKNOWN,UNKNOWN,UNKNOWN,UNKNOWN,UNKNOWN,UNKNOWN,UNKNOWN,,,,,,UNKNOWN,UNKNOWN,,,UNKNOWN,UNKNOWN,UNKNOWN,UNKNOWN,UNKNOWN,UNKNOWN,UNKNOWN,UNKNOWN,UNKNOWN,
old-de5c1395a1ff,spartinatest/CMSA_2021.prj,CMSA_2021.prj,.prj,335.0,2026-09-26T22:24:04+00:00,STABLE_CANDIDATE,de5c1395a1ffc517ee2112b217c89595d01a7944eb65374c06547d4771b29167,shapefile_sidecar_prj,UNKNOWN,UNKNOWN,UNKNOWN,UNKNOWN,UNKNOWN,UNKNOWN,UNKNOWN,UNKNOWN,UNKNOWN,UNKNOWN,UNKNOWN,UNKNOWN,UNKNOWN,,,,,,UNKNOWN,UNKNOWN,,,UNKNOWN,UNKNOWN,UNKNOWN,UNKNOWN,UNKNOWN,UNKNOWN,UNKNOWN,UNKNOWN,byte-identical duplicate of spartinatest/CMSA_2019.prj,
old-8ebdfb7f6bf9,spartinatest/CMSA_2021.shp,CMSA_2021.shp,.shp,197256.0,2026-09-26T22:24:04+00:00,STABLE_CANDIDATE,8ebdfb7f6bf952ccaba68cb892090c2557481c197c1f9b613cfdc21c2dac1616,shapefile,UNKNOWN,UNKNOWN,UNKNOWN,UNKNOWN,UNKNOWN,UNKNOWN,UNKNOWN,UNKNOWN,UNKNOWN,UNKNOWN,UNKNOWN,"[121.15035314, 28.26898928, 121.21956806, 28.37946706]",EPSG:4326,,,,,,UNKNOWN,UNKNOWN,,105.0,Polygon,UNKNOWN,UNKNOWN,UNKNOWN,UNKNOWN,UNKNOWN,UNKNOWN,UNKNOWN,UNKNOWN,
old-1a1b5b82f07d,spartinatest/CMSA_2021.shx,CMSA_2021.shx,.shx,940.0,2026-09-26T22:24:04+00:00,STABLE_CANDIDATE,1a1b5b82f07d9b8d3930f6c0a6a4ed024b9c7aa11eda648b8a11fc2649da619b,shapefile_sidecar_shx,UNKNOWN,UNKNOWN,UNKNOWN,UNKNOWN,UNKNOWN,UNKNOWN,UNKNOWN,UNKNOWN,UNKNOWN,UNKNOWN,UNKNOWN,UNKNOWN,UNKNOWN,,,,,,UNKNOWN,UNKNOWN,,,UNKNOWN,UNKNOWN,UNKNOWN,UNKNOWN,UNKNOWN,UNKNOWN,UNKNOWN,UNKNOWN,UNKNOWN,
old-4bc79e46c9b1,spartinatest/S2_2019.tif,S2_2019.tif,.tif,8925199.0,2026-09-26T22:24:07+00:00,STABLE_CANDIDATE,4bc79e46c9b1846a5f2e0cf538e37c2c4c0b03380d3c2de6e090d4c24795de0d,geotiff,UNKNOWN,UNKNOWN,UNKNOWN,UNKNOWN,UNKNOWN,UNKNOWN,UNKNOWN,UNKNOWN,UNKNOWN,UNKNOWN,UNKNOWN,"[121.15991462, 28.30995702, 121.22001191, 28.37005431]",EPSG:4326,8.983152841195215e-05,8.983152841195215e-05,669.0,669.0,5.0,"[""B4"", ""B3"", ""B2"", ""NDVI"", ""NDWI""]",float32,,,UNKNOWN,UNKNOWN,UNKNOWN,UNKNOWN,UNKNOWN,UNKNOWN,UNKNOWN,UNKNOWN,UNKNOWN,
old-910601e36e52,spartinatest/S2_2020.tif,S2_2020.tif,.tif,8881697.0,2026-09-26T22:24:07+00:00,STABLE_CANDIDATE,910601e36e529f7d035ee7d3b24122f44bb71f8e0cfd6b6fe68c3ab6e34f7ed3,geotiff,UNKNOWN,UNKNOWN,UNKNOWN,UNKNOWN,UNKNOWN,UNKNOWN,UNKNOWN,UNKNOWN,UNKNOWN,UNKNOWN,UNKNOWN,"[121.15991462, 28.30995702, 121.22001191, 28.37005431]",EPSG:4326,8.983152841195215e-05,8.983152841195215e-05,669.0,669.0,5.0,"[""B4"", ""B3"", ""B2"", ""NDVI"", ""NDWI""]",float32,,,UNKNOWN,UNKNOWN,UNKNOWN,UNKNOWN,UNKNOWN,UNKNOWN,UNKNOWN,UNKNOWN,UNKNOWN,
old-6081b71b7552,spartinatest/S2_2021.tif,S2_2021.tif,.tif,8815999.0,2026-09-26T22:24:07+00:00,STABLE_CANDIDATE,6081b71b7552dd81e0f6a607d436ad337ceb030cd036c7f00ba351a240f8c5f9,geotiff,UNKNOWN,UNKNOWN,UNKNOWN,UNKNOWN,UNKNOWN,UNKNOWN,UNKNOWN,UNKNOWN,UNKNOWN,UNKNOWN,UNKNOWN,"[121.15991462, 28.30995702, 121.22001191, 28.37005431]",EPSG:4326,8.983152841195215e-05,8.983152841195215e-05,669.0,669.0,5.0,"[""B4"", ""B3"", ""B2"", ""NDVI"", ""NDWI""]",float32,,,UNKNOWN,UNKNOWN,UNKNOWN,UNKNOWN,UNKNOWN,UNKNOWN,UNKNOWN,UNKNOWN,UNKNOWN,
old-a77f805b3702,spartinatest/S2_2022.tif,S2_2022.tif,.tif,8925407.0,2026-09-26T22:24:07+00:00,STABLE_CANDIDATE,a77f805b3702c508ff6c59a55d21d82a96249f6893d9412afb6d6a02fcbc4624,geotiff,UNKNOWN,UNKNOWN,UNKNOWN,UNKNOWN,UNKNOWN,UNKNOWN,UNKNOWN,UNKNOWN,UNKNOWN,UNKNOWN,UNKNOWN,"[121.15991462, 28.30995702, 121.22001191, 28.37005431]",EPSG:4326,8.983152841195215e-05,8.983152841195215e-05,669.0,669.0,5.0,"[""B4"", ""B3"", ""B2"", ""NDVI"", ""NDWI""]",float32,,,UNKNOWN,UNKNOWN,UNKNOWN,UNKNOWN,UNKNOWN,UNKNOWN,UNKNOWN,UNKNOWN,UNKNOWN,
old-674f8a3771c4,spartinatest/S2_2023.tif,S2_2023.tif,.tif,8624426.0,2026-09-26T22:24:07+00:00,STABLE_CANDIDATE,674f8a3771c4d6bec7cba5ec4389d088d5089100323f782c8d45b20922b2608c,geotiff,UNKNOWN,UNKNOWN,UNKNOWN,UNKNOWN,UNKNOWN,UNKNOWN,UNKNOWN,UNKNOWN,UNKNOWN,UNKNOWN,UNKNOWN,"[121.15991462, 28.30995702, 121.22001191, 28.37005431]",EPSG:4326,8.983152841195215e-05,8.983152841195215e-05,669.0,669.0,5.0,"[""B4"", ""B3"", ""B2"", ""NDVI"", ""NDWI""]",float32,,,UNKNOWN,UNKNOWN,UNKNOWN,UNKNOWN,UNKNOWN,UNKNOWN,UNKNOWN,UNKNOWN,UNKNOWN,
old-c1f2e2e5ef1a,spartinatest/S2_2024.tif,S2_2024.tif,.tif,8781588.0,2026-09-26T22:24:07+00:00,STABLE_CANDIDATE,c1f2e2e5ef1af4275fb227917c32e171e24cc3115904720b531436f777b723b6,geotiff,UNKNOWN,UNKNOWN,UNKNOWN,UNKNOWN,UNKNOWN,UNKNOWN,UNKNOWN,UNKNOWN,UNKNOWN,UNKNOWN,UNKNOWN,"[121.15991462, 28.30995702, 121.22001191, 28.37005431]",EPSG:4326,8.983152841195215e-05,8.983152841195215e-05,669.0,669.0,5.0,"[""B4"", ""B3"", ""B2"", ""NDVI"", ""NDWI""]",float32,,,UNKNOWN,UNKNOWN,UNKNOWN,UNKNOWN,UNKNOWN,UNKNOWN,UNKNOWN,UNKNOWN,UNKNOWN,
old-a5edf940fdba,spartinatest/S2_2025.tif,S2_2025.tif,.tif,8933341.0,2026-09-26T22:24:07+00:00,STABLE_CANDIDATE,a5edf940fdba35ba6e33f298cb1a3235fde3dfba3eea3b1937a8c50ee2d27127,geotiff,UNKNOWN,UNKNOWN,UNKNOWN,UNKNOWN,UNKNOWN,UNKNOWN,UNKNOWN,UNKNOWN,UNKNOWN,UNKNOWN,UNKNOWN,"[121.15991462, 28.30995702, 121.22001191, 28.37005431]",EPSG:4326,8.983152841195215e-05,8.983152841195215e-05,669.0,669.0,5.0,"[""B4"", ""B3"", ""B2"", ""NDVI"", ""NDWI""]",float32,,,UNKNOWN,UNKNOWN,UNKNOWN,UNKNOWN,UNKNOWN,UNKNOWN,UNKNOWN,UNKNOWN,UNKNOWN,
