artifact,bytes,sha256
zhejiang_label_cell_overlap_v0_1.csv,390629,370584b6c1d3b06cd4f6fb22f48a507cee17bdcb041735597d7ae000dcdd15a3
zhejiang_label_cell_overlap_v0_1.parquet,38858,5bdf3d43756ce7e442a6156ca1a2cb60e9831aa080a971324ba2f324b9378aff
zhejiang_label_bay_reconciliation_v0_1.csv,6622,e728b4daeab3a939939105681313bb333be26687e3c2bddf37c8bf201d234790
zhejiang_hzb_label_disagreement_v0_1.csv,956,65a1fc9cb9576f62a78bf4bb8411843778c2e78d70752604cf4f2bc37a4b63ba
zhejiang_label_cell_overlap_v0_1.supersedes.json,1098,546e30cb555290382f5ec46723e16905e971e309e738c4c60206520aea81c186
zhejiang_label_cell_overlap_v0.SUPERSEDED.json,606,8c64c86e61db9c5c605d05221dd0e4ddb5904bccd10a7701341ba503fb9a12e6
zhejiang_cell_observation_stats_v0_1.csv,371092,dea3146a7f7af4f0e02fad4fa5fbe4283e2dbbbd40ea7c0be03a33f9350a6327
zhejiang_monthly_availability_v0_1.csv,5138,77dd813e76a8543e28746828078fa44483d12de886beeac6fd3a06473e79d0a7
zhejiang_s2_recovery_v0_1.csv,15532,2573851ddcb7c6520bcb84bb5ed991459360a5a0302ea28a97e125f0520698f4
zhejiang_export_volume_estimate_v0_1.csv,3732,91280880a8772b46270c3757545948ef7908796e854fb703c789311ef3128a36
zhejiang_cell_observation_stats_v0.csv.SUPERSEDED.json,758,c7fbcb26499abe8324afb20c940808586ba30a7bdb6f2b1ddc1b7f7128e41f5d
zhejiang_monthly_availability_v0.csv.SUPERSEDED.json,754,041eb26eb424962d2a8079e460a787683453bf5c50d1f8dc59f7ef4aa60ca524
zhejiang_s2_recovery_v0.csv.SUPERSEDED.json,736,cca926e0b9a406ef16bb7d221a26b34f3b1f25139b869a85e535fe1cae3cb402
zhejiang_export_volume_estimate_v0.csv.SUPERSEDED.json,758,0cc2357ef649c3653344ea59c0acd53b3bb7e8b71b1e836a22040a8bfc2c7613
zhejiang_s2_2022_funnel_audit_v0.csv,2679,f359eda8dd8c8e96cdb1ddf630cfddbd668ad9061b883073ae862c08b7567d5a
zhejiang_s2_2022_funnel_rejections_v0.csv,746,644e7fe6bf08e401214eee4ada7d6d3a81e065f76cff7498e910d1bf243ab411
zhejiang_s2_2022_funnel_audit_v0.verdict.json,2453,4695e36eaf531eace37989f2f894b57ea55da22b063571fc6ed5ccb3db325ed1
zhejiang_s2_2022_spotcheck_v0.csv,2294,c7f33a46b26ca72d065b2d37c1e44a541b54666b2c752937521fe45cb55e4d84
zhejiang_s1_footprint_audit_v0.csv,204408,a67148b6236d6f7fbf46936829a58c66257fa21e19e3973abadb331fdba0f700
zhejiang_s1_footprint_audit_v0.parquet,19685,e3a327066a0f44b7c6a5d699017172e0ae29861198d88174cff5328a47337094
zhejiang_s1_footprint_audit_summary_v0.csv,1248,0f67417e3be2bca03d53b94260dd050e9104b81a40de932a804d5d97c3a92f2c
zhejiang_s1_footprint_audit_v0.policy.json,868,68e6a015d0497a52a1b3c2dc44a5e3f8986370b32e26fe6540182c793d1d57a3
work/derived/zhejiang_cell_observations_v0_1.parquet,3144637,3ee2ea88a09ba1e7085b6ea7b88632a7e5a6457d688053398be96097773efc4b
work/derived/zhejiang_cell_observations_v0.parquet.SUPERSEDED.json,465,8cec335ba0d04e778dc6a28a1eccdb380af4eac17c254f30bd03590b97c24b11
