product_id,cell_id,sensor,event_utc,n_files,bytes,sha_by_role,bundle_fingerprint_sha256,tide_observed,tide_modeled,product_manifest
ZJ_M21B_S2_001,ZJ_U51_10K_E029_N336,sentinel2,2022-10-10T02:49:24.814000+00:00,2,13244349,"{""sr_float32"": ""050b4752d4dfc12d947eadc99f5bcf8b49a49dc99bc690bff7559567853957b8"", ""valid_byte"": ""74e24228440b4ea2aa4c327fb0db51a6d745e916f26fb39d4886b51b93921480""}",1fcafd3d655f2186f249a9ff9b616e2954b01d496ece968192b4c951c0af7b12,MISSING,NOT_DEPLOYED,work/m21b/manifests/ZJ_M21B_S2_001.json
ZJ_M21B_S2_002,ZJ_U51_10K_E031_N335,sentinel2,2022-10-10T02:49:24.814000+00:00,2,11656857,"{""sr_float32"": ""ad3a22a7bbe97df26d0c71ef2ddb57b759b489a918a452ec1c553c12e47934bd"", ""valid_byte"": ""6f826ccdfa9c306fdbacb043505c19d114767893b44d81b0412a903dd56cbe2c""}",a83133a9fac2a5f6ffdbc140408f8fe6ac5190f0a97fc972427013acf8f2fdd9,MISSING,NOT_DEPLOYED,work/m21b/manifests/ZJ_M21B_S2_002.json
ZJ_M21B_S2_003,ZJ_U51_10K_E032_N336,sentinel2,2022-10-10T02:49:24.814000+00:00,2,9765234,"{""sr_float32"": ""b7ffff911fcdd504ea35d68934dc8db6ca2bc88bfc1044ca4656ee666399d060"", ""valid_byte"": ""fa0cab0a5045917dadad6764543e0149c20138098de8f28b3e21fe3ac514660f""}",3f354c2f00c2d9d46cc05e21c894edbb51edd69d215eeb74f3175c1247a8e9f7,MISSING,NOT_DEPLOYED,work/m21b/manifests/ZJ_M21B_S2_003.json
ZJ_M21B_S2_004,ZJ_U51_10K_E033_N336,sentinel2,2022-10-02T02:39:22.277000+00:00,2,10388303,"{""sr_float32"": ""4c826b28a67eb753161ebe52e992d2c2849df4aadb6b6e0546e87927fffd97df"", ""valid_byte"": ""66c88c25be3967ad46495400ef02fbbd8e97e2e3ddc5840437ac1418ab2a21a8""}",1c6ac4ab8ddbe1c378d92dc86855bb971d996083123e9bfb4a86e52ba4d22399,MISSING,NOT_DEPLOYED,work/m21b/manifests/ZJ_M21B_S2_004.json
ZJ_M21B_S2_005,ZJ_U51_10K_E034_N335,sentinel2,2022-10-02T02:39:22.277000+00:00,2,12023014,"{""sr_float32"": ""12dee443c5ed734112bcc65d5adec935edf38368cad9353343146a6e70e850d4"", ""valid_byte"": ""f5798319513df296006adb7067aed6fdcf5d3b62673d6c0c4c8ed4a479d66abc""}",acea8f774584f40c35d4ea8b3edd108792da763f14e363ef1310aafa2afe3b8a,MISSING,NOT_DEPLOYED,work/m21b/manifests/ZJ_M21B_S2_005.json
ZJ_M21B_S2_006,ZJ_U51_10K_E036_N332,sentinel2,2022-10-02T02:39:22.277000+00:00,2,13152060,"{""sr_float32"": ""5d00d2212d24900ee2a0beaa6c21d2871926ee255c657103d45ca3973fb75f23"", ""valid_byte"": ""188b58a2e7e8353aa7c1053239fd57f00bc1c596ed475af9f30341af900a9d80""}",b5a3395c8159ab2370d3bec7696c95e71947fc8d2c5f1e76ba8c76a712e5096a,MISSING,NOT_DEPLOYED,work/m21b/manifests/ZJ_M21B_S2_006.json
ZJ_M21B_S2_007,ZJ_U51_10K_E037_N339,sentinel2,2022-10-02T02:39:07.522000+00:00,2,7854974,"{""sr_float32"": ""6f6e6e693d90e1ee38d79676e7ae586c0f873a1c0b27eb834f6bce74737a9bdd"", ""valid_byte"": ""a3f0de5cfc47af53296eac9c190d779f4c99c1a2af62bed10364c0a68ecd96dc""}",4b5d3dbfe8f1b87d8ebcb9775770d7cfcf46ce665780f1e065422ef80256c597,MISSING,NOT_DEPLOYED,work/m21b/manifests/ZJ_M21B_S2_007.json
ZJ_M21B_S2_008,ZJ_U51_10K_E039_N341,sentinel2,2022-10-02T02:39:04.422000+00:00,2,11634257,"{""sr_float32"": ""8d6498da3cd83e5f9db3d499bf9ec7890960a8596b884b7d4439d7bde9927390"", ""valid_byte"": ""bf75c7c4c8dd3a974482d66d76166de5bd2552effd7763c6c4f7e90ceadbad06""}",13d95b00f6f89f8e3dfa34102ed73df0d5920f68600b34106da7251811a64bb8,MISSING,NOT_DEPLOYED,work/m21b/manifests/ZJ_M21B_S2_008.json
ZJ_M21B_S2_009,ZJ_U51_10K_E029_N336,sentinel2,2022-10-15T02:49:18.005000+00:00,2,13363650,"{""sr_float32"": ""b095378a47732aafd34812b6b6a598911babda74e491113b8a082f3305c42b20"", ""valid_byte"": ""9f7b48acc709607c39363edb660ef0cb62a4804382dd9f918c81fbb6d75df85e""}",61f58598daba3214f66d665211e34c7ef188f3db856bb44d9f562968401ec547,MISSING,NOT_DEPLOYED,work/m21b/manifests/ZJ_M21B_S2_009.json
ZJ_M21B_S2_010,ZJ_U51_10K_E037_N339,sentinel2,2022-10-10T02:49:10.423000+00:00,2,8470198,"{""sr_float32"": ""a8f3d585941a4964cf8553a5d7a3218266ceda8edb3723249f3658a0aa595d48"", ""valid_byte"": ""1f456d1182208b71228d0706954c379a17e7219834db138bbdeae9fb28adf9b7""}",2c9a93d2f87915d052377d4dae5e0c5ec1b1571660ab38953e566219a4f1e5de,MISSING,NOT_DEPLOYED,work/m21b/manifests/ZJ_M21B_S2_010.json
ZJ_M21B_L8_011,ZJ_U51_10K_E029_N336,landsat8,2022-09-30T02:32:13.524000+00:00,3,3402332,"{""qa_pixel_uint16"": ""d44fdc73744ff893d3c91e42bf507e2a2b4c92c1afce4a1dd650ed96ec28a519"", ""sr_float32"": ""683d975e80a88fe9ee3ac64dc0b2935d16c94d3233b70b180a8a7896f4cfe1be"", ""valid_byte"": ""71e00b38f7201f5a4be0f24282d101f3e3a56dabab1a2d5dc3116700941f2ceb""}",6b53fc9b142b249dfccf60d56d8bc4824d3855eb888abaf61ad7516e8f50d1e8,MISSING,NOT_DEPLOYED,work/m21b/manifests/ZJ_M21B_L8_011.json
ZJ_M21B_L9_012,ZJ_U51_10K_E029_N336,landsat9,2022-10-01T02:25:45.974000+00:00,3,3385499,"{""qa_pixel_uint16"": ""f4bc4c8dd33bd9a57605d635a7cf92ac48d9e46abc41348018f1bb33f8a2e474"", ""sr_float32"": ""cdbd828e0254291104a21754002522b23e190c44c4d9066857bd0f41376af807"", ""valid_byte"": ""98b843246cb71447b0d0de0cb3a77d189332938b18204a097778ef90cf0d2a92""}",92ec9dab5d3e8c43228752c30f125216ec1665010023e01421e21ddb4357297d,MISSING,NOT_DEPLOYED,work/m21b/manifests/ZJ_M21B_L9_012.json
ZJ_M21B_S1_013,ZJ_U51_10K_E029_N336,sentinel1,2022-09-17T09:55:09+00:00,1,8912886,"{""vv_vh_float32_db"": ""65b77888324c79ac54d05406ca58cf2a83c54057084dc35dc8dd2f56c064e244""}",80ab39d0374b47ce848ec670c8e7866c3378dde47061a72ac4f14c4dcf7d1057,MISSING,NOT_DEPLOYED,work/m21b/manifests/ZJ_M21B_S1_013.json
