stratum,n_scenes,n_cell_rows,coverage_mae,coverage_p95_abs_error,coverage_max_abs_error,false_eligible_approx_only,false_rejected_actual_only,eligible_actual_pairs,eligible_approx_pairs,bay_id,orbit_direction,relative_orbit_number
ALL,60,1301,0.558536,1.0,1.0,207,474,861,594,,,
bay:ZJ-HZB,25,735,0.509359,1.0,1.0,144,201,472,415,ZJ-HZB,,
bay:ZJ-HZB/ASCENDING/69,7,101,0.823279,1.0,1.0,0,62,62,0,ZJ-HZB,ASCENDING,69
bay:ZJ-HZB/ASCENDING/171,7,163,0.927009,1.0,1.0,0,139,139,0,ZJ-HZB,ASCENDING,171
bay:ZJ-HZB/DESCENDING/3,7,203,0.114184,1.0,1.0,20,0,127,147,ZJ-HZB,DESCENDING,3
bay:ZJ-HZB/DESCENDING/105,4,268,0.436367,1.0,1.0,124,0,144,268,ZJ-HZB,DESCENDING,105
bay:ZJ-SMB,18,389,0.712626,1.0,1.0,40,224,304,120,ZJ-SMB,,
bay:ZJ-SMB/ASCENDING/69,7,59,0.597641,1.0,1.0,0,14,14,0,ZJ-SMB,ASCENDING,69
bay:ZJ-SMB/ASCENDING/171,7,210,1.0,1.0,1.0,0,210,210,0,ZJ-SMB,ASCENDING,171
bay:ZJ-SMB/DESCENDING/105,4,120,0.266255,1.0,1.0,40,0,80,120,ZJ-SMB,DESCENDING,105
bay:ZJ-YQB,17,177,0.424095,1.0,1.0,23,49,85,59,ZJ-YQB,,
bay:ZJ-YQB/ASCENDING/69,6,54,0.305582,1.0,1.0,6,12,24,18,ZJ-YQB,ASCENDING,69
bay:ZJ-YQB/ASCENDING/171,6,66,0.190905,1.0,1.0,14,0,22,36,ZJ-YQB,ASCENDING,171
bay:ZJ-YQB/DESCENDING/105,5,57,0.806379,1.0,1.0,3,37,39,5,ZJ-YQB,DESCENDING,105
