year,roi_id,landsat5_status,landsat5_scenes,landsat7_status,landsat7_scenes,landsat8_status,landsat8_scenes,landsat9_status,landsat9_scenes,sentinel1_status,sentinel1_scenes,sentinel2_status,sentinel2_scenes,label_available,field_uav_available,management_event_known,tide_metadata,status
1985,ZJ-HZB,NONE,14,SENSOR_NOT_OPERATIONAL,0,SENSOR_NOT_OPERATIONAL,0,SENSOR_NOT_OPERATIONAL,0,SENSOR_NOT_OPERATIONAL,0,SENSOR_NOT_OPERATIONAL,0,NONE,NONE_FOUND,UNKNOWN_NO_EVIDENCE_INVENTORY_AT_M21A,HARMONIC_MODELS_SELECTABLE_1985-2026_NOT_JOINED;PUBLIC_GAUGE_OBS_BLOCKED_POST_1997,EO_SCENES_PRESENT
1986,ZJ-HZB,NONE,13,SENSOR_NOT_OPERATIONAL,0,SENSOR_NOT_OPERATIONAL,0,SENSOR_NOT_OPERATIONAL,0,SENSOR_NOT_OPERATIONAL,0,SENSOR_NOT_OPERATIONAL,0,NONE,NONE_FOUND,UNKNOWN_NO_EVIDENCE_INVENTORY_AT_M21A,HARMONIC_MODELS_SELECTABLE_1985-2026_NOT_JOINED;PUBLIC_GAUGE_OBS_BLOCKED_POST_1997,EO_SCENES_PRESENT
1987,ZJ-HZB,NONE,27,SENSOR_NOT_OPERATIONAL,0,SENSOR_NOT_OPERATIONAL,0,SENSOR_NOT_OPERATIONAL,0,SENSOR_NOT_OPERATIONAL,0,SENSOR_NOT_OPERATIONAL,0,NONE,NONE_FOUND,UNKNOWN_NO_EVIDENCE_INVENTORY_AT_M21A,HARMONIC_MODELS_SELECTABLE_1985-2026_NOT_JOINED;PUBLIC_GAUGE_OBS_BLOCKED_POST_1997,EO_SCENES_PRESENT
1988,ZJ-HZB,NONE,27,SENSOR_NOT_OPERATIONAL,0,SENSOR_NOT_OPERATIONAL,0,SENSOR_NOT_OPERATIONAL,0,SENSOR_NOT_OPERATIONAL,0,SENSOR_NOT_OPERATIONAL,0,NONE,NONE_FOUND,UNKNOWN_NO_EVIDENCE_INVENTORY_AT_M21A,HARMONIC_MODELS_SELECTABLE_1985-2026_NOT_JOINED;PUBLIC_GAUGE_OBS_BLOCKED_POST_1997,EO_SCENES_PRESENT
1989,ZJ-HZB,NONE,24,SENSOR_NOT_OPERATIONAL,0,SENSOR_NOT_OPERATIONAL,0,SENSOR_NOT_OPERATIONAL,0,SENSOR_NOT_OPERATIONAL,0,SENSOR_NOT_OPERATIONAL,0,NONE,NONE_FOUND,UNKNOWN_NO_EVIDENCE_INVENTORY_AT_M21A,HARMONIC_MODELS_SELECTABLE_1985-2026_NOT_JOINED;PUBLIC_GAUGE_OBS_BLOCKED_POST_1997,EO_SCENES_PRESENT
1990,ZJ-HZB,NONE,26,SENSOR_NOT_OPERATIONAL,0,SENSOR_NOT_OPERATIONAL,0,SENSOR_NOT_OPERATIONAL,0,SENSOR_NOT_OPERATIONAL,0,SENSOR_NOT_OPERATIONAL,0,NONE,NONE_FOUND,UNKNOWN_NO_EVIDENCE_INVENTORY_AT_M21A,HARMONIC_MODELS_SELECTABLE_1985-2026_NOT_JOINED;PUBLIC_GAUGE_OBS_BLOCKED_POST_1997,EO_SCENES_PRESENT
1991,ZJ-HZB,NONE,26,SENSOR_NOT_OPERATIONAL,0,SENSOR_NOT_OPERATIONAL,0,SENSOR_NOT_OPERATIONAL,0,SENSOR_NOT_OPERATIONAL,0,SENSOR_NOT_OPERATIONAL,0,NONE,NONE_FOUND,UNKNOWN_NO_EVIDENCE_INVENTORY_AT_M21A,HARMONIC_MODELS_SELECTABLE_1985-2026_NOT_JOINED;PUBLIC_GAUGE_OBS_BLOCKED_POST_1997,EO_SCENES_PRESENT
1992,ZJ-HZB,NONE,31,SENSOR_NOT_OPERATIONAL,0,SENSOR_NOT_OPERATIONAL,0,SENSOR_NOT_OPERATIONAL,0,SENSOR_NOT_OPERATIONAL,0,SENSOR_NOT_OPERATIONAL,0,NONE,NONE_FOUND,UNKNOWN_NO_EVIDENCE_INVENTORY_AT_M21A,HARMONIC_MODELS_SELECTABLE_1985-2026_NOT_JOINED;PUBLIC_GAUGE_OBS_BLOCKED_POST_1997,EO_SCENES_PRESENT
1993,ZJ-HZB,NONE,23,SENSOR_NOT_OPERATIONAL,0,SENSOR_NOT_OPERATIONAL,0,SENSOR_NOT_OPERATIONAL,0,SENSOR_NOT_OPERATIONAL,0,SENSOR_NOT_OPERATIONAL,0,NONE,NONE_FOUND,UNKNOWN_NO_EVIDENCE_INVENTORY_AT_M21A,HARMONIC_MODELS_SELECTABLE_1985-2026_NOT_JOINED;PUBLIC_GAUGE_OBS_BLOCKED_POST_1997,EO_SCENES_PRESENT
1994,ZJ-HZB,NONE,20,SENSOR_NOT_OPERATIONAL,0,SENSOR_NOT_OPERATIONAL,0,SENSOR_NOT_OPERATIONAL,0,SENSOR_NOT_OPERATIONAL,0,SENSOR_NOT_OPERATIONAL,0,NONE,NONE_FOUND,UNKNOWN_NO_EVIDENCE_INVENTORY_AT_M21A,HARMONIC_MODELS_SELECTABLE_1985-2026_NOT_JOINED;PUBLIC_GAUGE_OBS_BLOCKED_POST_1997,EO_SCENES_PRESENT
1995,ZJ-HZB,NONE,28,SENSOR_NOT_OPERATIONAL,0,SENSOR_NOT_OPERATIONAL,0,SENSOR_NOT_OPERATIONAL,0,SENSOR_NOT_OPERATIONAL,0,SENSOR_NOT_OPERATIONAL,0,NONE,NONE_FOUND,UNKNOWN_NO_EVIDENCE_INVENTORY_AT_M21A,HARMONIC_MODELS_SELECTABLE_1985-2026_NOT_JOINED;PUBLIC_GAUGE_OBS_BLOCKED_POST_1997,EO_SCENES_PRESENT
1996,ZJ-HZB,NONE,44,SENSOR_NOT_OPERATIONAL,0,SENSOR_NOT_OPERATIONAL,0,SENSOR_NOT_OPERATIONAL,0,SENSOR_NOT_OPERATIONAL,0,SENSOR_NOT_OPERATIONAL,0,NONE,NONE_FOUND,UNKNOWN_NO_EVIDENCE_INVENTORY_AT_M21A,HARMONIC_MODELS_SELECTABLE_1985-2026_NOT_JOINED;PUBLIC_GAUGE_OBS_BLOCKED_POST_1997,EO_SCENES_PRESENT
1997,ZJ-HZB,NONE,39,SENSOR_NOT_OPERATIONAL,0,SENSOR_NOT_OPERATIONAL,0,SENSOR_NOT_OPERATIONAL,0,SENSOR_NOT_OPERATIONAL,0,SENSOR_NOT_OPERATIONAL,0,NONE,NONE_FOUND,UNKNOWN_NO_EVIDENCE_INVENTORY_AT_M21A,HARMONIC_MODELS_SELECTABLE_1985-2026_NOT_JOINED;PUBLIC_GAUGE_OBS_BLOCKED_POST_1997,EO_SCENES_PRESENT
1998,ZJ-HZB,NONE,36,SENSOR_NOT_OPERATIONAL,0,SENSOR_NOT_OPERATIONAL,0,SENSOR_NOT_OPERATIONAL,0,SENSOR_NOT_OPERATIONAL,0,SENSOR_NOT_OPERATIONAL,0,NONE,NONE_FOUND,UNKNOWN_NO_EVIDENCE_INVENTORY_AT_M21A,HARMONIC_MODELS_SELECTABLE_1985-2026_NOT_JOINED;PUBLIC_GAUGE_OBS_BLOCKED_POST_1997,EO_SCENES_PRESENT
1999,ZJ-HZB,NONE,29,NONE,12,SENSOR_NOT_OPERATIONAL,0,SENSOR_NOT_OPERATIONAL,0,SENSOR_NOT_OPERATIONAL,0,SENSOR_NOT_OPERATIONAL,0,NONE,NONE_FOUND,UNKNOWN_NO_EVIDENCE_INVENTORY_AT_M21A,HARMONIC_MODELS_SELECTABLE_1985-2026_NOT_JOINED;PUBLIC_GAUGE_OBS_BLOCKED_POST_1997,EO_SCENES_PRESENT
2000,ZJ-HZB,NONE,47,NONE,48,SENSOR_NOT_OPERATIONAL,0,SENSOR_NOT_OPERATIONAL,0,SENSOR_NOT_OPERATIONAL,0,SENSOR_NOT_OPERATIONAL,0,NONE,NONE_FOUND,UNKNOWN_NO_EVIDENCE_INVENTORY_AT_M21A,HARMONIC_MODELS_SELECTABLE_1985-2026_NOT_JOINED;PUBLIC_GAUGE_OBS_BLOCKED_POST_1997,EO_SCENES_PRESENT
2001,ZJ-HZB,NONE,42,NONE,48,SENSOR_NOT_OPERATIONAL,0,SENSOR_NOT_OPERATIONAL,0,SENSOR_NOT_OPERATIONAL,0,SENSOR_NOT_OPERATIONAL,0,NONE,NONE_FOUND,UNKNOWN_NO_EVIDENCE_INVENTORY_AT_M21A,HARMONIC_MODELS_SELECTABLE_1985-2026_NOT_JOINED;PUBLIC_GAUGE_OBS_BLOCKED_POST_1997,EO_SCENES_PRESENT
2002,ZJ-HZB,NONE,25,NONE,44,SENSOR_NOT_OPERATIONAL,0,SENSOR_NOT_OPERATIONAL,0,SENSOR_NOT_OPERATIONAL,0,SENSOR_NOT_OPERATIONAL,0,NONE,NONE_FOUND,UNKNOWN_NO_EVIDENCE_INVENTORY_AT_M21A,HARMONIC_MODELS_SELECTABLE_1985-2026_NOT_JOINED;PUBLIC_GAUGE_OBS_BLOCKED_POST_1997,EO_SCENES_PRESENT
2003,ZJ-HZB,NONE,30,NONE,31,SENSOR_NOT_OPERATIONAL,0,SENSOR_NOT_OPERATIONAL,0,SENSOR_NOT_OPERATIONAL,0,SENSOR_NOT_OPERATIONAL,0,NONE,NONE_FOUND,UNKNOWN_NO_EVIDENCE_INVENTORY_AT_M21A,HARMONIC_MODELS_SELECTABLE_1985-2026_NOT_JOINED;PUBLIC_GAUGE_OBS_BLOCKED_POST_1997,EO_SCENES_PRESENT
2004,ZJ-HZB,NONE,29,NONE,48,SENSOR_NOT_OPERATIONAL,0,SENSOR_NOT_OPERATIONAL,0,SENSOR_NOT_OPERATIONAL,0,SENSOR_NOT_OPERATIONAL,0,NONE,NONE_FOUND,UNKNOWN_NO_EVIDENCE_INVENTORY_AT_M21A,HARMONIC_MODELS_SELECTABLE_1985-2026_NOT_JOINED;PUBLIC_GAUGE_OBS_BLOCKED_POST_1997,EO_SCENES_PRESENT
2005,ZJ-HZB,NONE,28,NONE,48,SENSOR_NOT_OPERATIONAL,0,SENSOR_NOT_OPERATIONAL,0,SENSOR_NOT_OPERATIONAL,0,SENSOR_NOT_OPERATIONAL,0,NONE,NONE_FOUND,UNKNOWN_NO_EVIDENCE_INVENTORY_AT_M21A,HARMONIC_MODELS_SELECTABLE_1985-2026_NOT_JOINED;PUBLIC_GAUGE_OBS_BLOCKED_POST_1997,EO_SCENES_PRESENT
2006,ZJ-HZB,NONE,28,NONE,46,SENSOR_NOT_OPERATIONAL,0,SENSOR_NOT_OPERATIONAL,0,SENSOR_NOT_OPERATIONAL,0,SENSOR_NOT_OPERATIONAL,0,NONE,NONE_FOUND,UNKNOWN_NO_EVIDENCE_INVENTORY_AT_M21A,HARMONIC_MODELS_SELECTABLE_1985-2026_NOT_JOINED;PUBLIC_GAUGE_OBS_BLOCKED_POST_1997,EO_SCENES_PRESENT
2007,ZJ-HZB,NONE,24,NONE,33,SENSOR_NOT_OPERATIONAL,0,SENSOR_NOT_OPERATIONAL,0,SENSOR_NOT_OPERATIONAL,0,SENSOR_NOT_OPERATIONAL,0,NONE,NONE_FOUND,UNKNOWN_NO_EVIDENCE_INVENTORY_AT_M21A,HARMONIC_MODELS_SELECTABLE_1985-2026_NOT_JOINED;PUBLIC_GAUGE_OBS_BLOCKED_POST_1997,EO_SCENES_PRESENT
2008,ZJ-HZB,NONE,26,NONE,33,SENSOR_NOT_OPERATIONAL,0,SENSOR_NOT_OPERATIONAL,0,SENSOR_NOT_OPERATIONAL,0,SENSOR_NOT_OPERATIONAL,0,NONE,NONE_FOUND,UNKNOWN_NO_EVIDENCE_INVENTORY_AT_M21A,HARMONIC_MODELS_SELECTABLE_1985-2026_NOT_JOINED;PUBLIC_GAUGE_OBS_BLOCKED_POST_1997,EO_SCENES_PRESENT
2009,ZJ-HZB,NONE,24,NONE,32,SENSOR_NOT_OPERATIONAL,0,SENSOR_NOT_OPERATIONAL,0,SENSOR_NOT_OPERATIONAL,0,SENSOR_NOT_OPERATIONAL,0,NONE,NONE_FOUND,UNKNOWN_NO_EVIDENCE_INVENTORY_AT_M21A,HARMONIC_MODELS_SELECTABLE_1985-2026_NOT_JOINED;PUBLIC_GAUGE_OBS_BLOCKED_POST_1997,EO_SCENES_PRESENT
2010,ZJ-HZB,NONE,22,NONE,31,SENSOR_NOT_OPERATIONAL,0,SENSOR_NOT_OPERATIONAL,0,SENSOR_NOT_OPERATIONAL,0,SENSOR_NOT_OPERATIONAL,0,NONE,NONE_FOUND,UNKNOWN_NO_EVIDENCE_INVENTORY_AT_M21A,HARMONIC_MODELS_SELECTABLE_1985-2026_NOT_JOINED;PUBLIC_GAUGE_OBS_BLOCKED_POST_1997,EO_SCENES_PRESENT
2011,ZJ-HZB,NONE,22,NONE,27,SENSOR_NOT_OPERATIONAL,0,SENSOR_NOT_OPERATIONAL,0,SENSOR_NOT_OPERATIONAL,0,SENSOR_NOT_OPERATIONAL,0,NONE,NONE_FOUND,UNKNOWN_NO_EVIDENCE_INVENTORY_AT_M21A,HARMONIC_MODELS_SELECTABLE_1985-2026_NOT_JOINED;PUBLIC_GAUGE_OBS_BLOCKED_POST_1997,EO_SCENES_PRESENT
2012,ZJ-HZB,NO_SCENES_FOUND,0,NONE,29,SENSOR_NOT_OPERATIONAL,0,SENSOR_NOT_OPERATIONAL,0,SENSOR_NOT_OPERATIONAL,0,SENSOR_NOT_OPERATIONAL,0,NONE,NONE_FOUND,UNKNOWN_NO_EVIDENCE_INVENTORY_AT_M21A,HARMONIC_MODELS_SELECTABLE_1985-2026_NOT_JOINED;PUBLIC_GAUGE_OBS_BLOCKED_POST_1997,EO_SCENES_PRESENT
2013,ZJ-HZB,SENSOR_NOT_OPERATIONAL,0,NONE,27,NONE,37,SENSOR_NOT_OPERATIONAL,0,SENSOR_NOT_OPERATIONAL,0,SENSOR_NOT_OPERATIONAL,0,NONE,NONE_FOUND,UNKNOWN_NO_EVIDENCE_INVENTORY_AT_M21A,HARMONIC_MODELS_SELECTABLE_1985-2026_NOT_JOINED;PUBLIC_GAUGE_OBS_BLOCKED_POST_1997,EO_SCENES_PRESENT
2014,ZJ-HZB,SENSOR_NOT_OPERATIONAL,0,NONE,36,NONE,51,SENSOR_NOT_OPERATIONAL,0,NO_SCENES_FOUND,0,SENSOR_NOT_OPERATIONAL,0,NONE,NONE_FOUND,UNKNOWN_NO_EVIDENCE_INVENTORY_AT_M21A,HARMONIC_MODELS_SELECTABLE_1985-2026_NOT_JOINED;PUBLIC_GAUGE_OBS_BLOCKED_POST_1997,EO_SCENES_PRESENT
2015,ZJ-HZB,SENSOR_NOT_OPERATIONAL,0,NONE,27,NONE,49,SENSOR_NOT_OPERATIONAL,0,NONE,35,SENSOR_NOT_OPERATIONAL,0,SILVER,NONE_FOUND,UNKNOWN_NO_EVIDENCE_INVENTORY_AT_M21A,HARMONIC_MODELS_SELECTABLE_1985-2026_NOT_JOINED;PUBLIC_GAUGE_OBS_BLOCKED_POST_1997,EO_SCENES_PRESENT
2016,ZJ-HZB,SENSOR_NOT_OPERATIONAL,0,NONE,26,NONE,50,SENSOR_NOT_OPERATIONAL,0,NONE,61,SENSOR_NOT_OPERATIONAL,0,NONE,NONE_FOUND,UNKNOWN_NO_EVIDENCE_INVENTORY_AT_M21A,HARMONIC_MODELS_SELECTABLE_1985-2026_NOT_JOINED;PUBLIC_GAUGE_OBS_BLOCKED_POST_1997,EO_SCENES_PRESENT
2017,ZJ-HZB,SENSOR_NOT_OPERATIONAL,0,NONE,32,NONE,46,SENSOR_NOT_OPERATIONAL,0,NO_QUALITY_SCENES,84,NO_QUALITY_SCENES,35,NONE,NONE_FOUND,UNKNOWN_NO_EVIDENCE_INVENTORY_AT_M21A,HARMONIC_MODELS_SELECTABLE_1985-2026_NOT_JOINED;PUBLIC_GAUGE_OBS_BLOCKED_POST_1997,EO_SCENES_PRESENT
2018,ZJ-HZB,SENSOR_NOT_OPERATIONAL,0,NONE,29,NONE,44,SENSOR_NOT_OPERATIONAL,0,NONE,92,NO_QUALITY_SCENES,46,NONE,NONE_FOUND,UNKNOWN_NO_EVIDENCE_INVENTORY_AT_M21A,HARMONIC_MODELS_SELECTABLE_1985-2026_NOT_JOINED;PUBLIC_GAUGE_OBS_BLOCKED_POST_1997,EO_SCENES_PRESENT
2019,ZJ-HZB,SENSOR_NOT_OPERATIONAL,0,NONE,30,NONE,47,SENSOR_NOT_OPERATIONAL,0,NONE,138,NO_QUALITY_SCENES,376,NONE,NONE_FOUND,UNKNOWN_NO_EVIDENCE_INVENTORY_AT_M21A,HARMONIC_MODELS_SELECTABLE_1985-2026_NOT_JOINED;PUBLIC_GAUGE_OBS_BLOCKED_POST_1997,EO_SCENES_PRESENT
2020,ZJ-HZB,SENSOR_NOT_OPERATIONAL,0,NONE,37,NONE,46,SENSOR_NOT_OPERATIONAL,0,NONE,138,NO_QUALITY_SCENES,373,NONE,NONE_FOUND,UNKNOWN_NO_EVIDENCE_INVENTORY_AT_M21A,HARMONIC_MODELS_SELECTABLE_1985-2026_NOT_JOINED;PUBLIC_GAUGE_OBS_BLOCKED_POST_1997,EO_SCENES_PRESENT
2021,ZJ-HZB,SENSOR_NOT_OPERATIONAL,0,NONE,28,NONE,49,SENSOR_NOT_OPERATIONAL,0,NO_QUALITY_SCENES,144,NO_QUALITY_SCENES,368,NONE,NONE_FOUND,UNKNOWN_NO_EVIDENCE_INVENTORY_AT_M21A,HARMONIC_MODELS_SELECTABLE_1985-2026_NOT_JOINED;PUBLIC_GAUGE_OBS_BLOCKED_POST_1997,EO_SCENES_PRESENT
2022,ZJ-HZB,SENSOR_NOT_OPERATIONAL,0,NONE,30,NONE,47,NONE,53,NO_QUALITY_SCENES,87,NO_QUALITY_SCENES,373,NONE,NONE_FOUND,UNKNOWN_NO_EVIDENCE_INVENTORY_AT_M21A,HARMONIC_MODELS_SELECTABLE_1985-2026_NOT_JOINED;PUBLIC_GAUGE_OBS_BLOCKED_POST_1997,EO_SCENES_PRESENT
2023,ZJ-HZB,SENSOR_NOT_OPERATIONAL,0,NONE,32,NONE,56,NONE,60,NONE,89,NO_QUALITY_SCENES,367,NONE,NONE_FOUND,UNKNOWN_NO_EVIDENCE_INVENTORY_AT_M21A,HARMONIC_MODELS_SELECTABLE_1985-2026_NOT_JOINED;PUBLIC_GAUGE_OBS_BLOCKED_POST_1997,EO_SCENES_PRESENT
2024,ZJ-HZB,SENSOR_NOT_OPERATIONAL,0,NO_SCENES_FOUND,0,NONE,47,NONE,46,NO_QUALITY_SCENES,90,NO_QUALITY_SCENES,367,NONE,NONE_FOUND,UNKNOWN_NO_EVIDENCE_INVENTORY_AT_M21A,HARMONIC_MODELS_SELECTABLE_1985-2026_NOT_JOINED;PUBLIC_GAUGE_OBS_BLOCKED_POST_1997,EO_SCENES_PRESENT
2025,ZJ-HZB,SENSOR_NOT_OPERATIONAL,0,NO_SCENES_FOUND,0,NONE,59,NONE,55,NO_QUALITY_SCENES,99,NO_QUALITY_SCENES,425,NONE,NONE_FOUND,UNKNOWN_NO_EVIDENCE_INVENTORY_AT_M21A,HARMONIC_MODELS_SELECTABLE_1985-2026_NOT_JOINED;PUBLIC_GAUGE_OBS_BLOCKED_POST_1997,EO_SCENES_PRESENT
2026,ZJ-HZB,SENSOR_NOT_OPERATIONAL,0,NO_SCENES_FOUND,0,NONE,33,NONE,37,NONE,57,NO_QUALITY_SCENES,342,NONE,NONE_FOUND,UNKNOWN_NO_EVIDENCE_INVENTORY_AT_M21A,HARMONIC_MODELS_SELECTABLE_1985-2026_NOT_JOINED;PUBLIC_GAUGE_OBS_BLOCKED_POST_1997,EO_SCENES_PRESENT
1985,ZJ-SMB,NONE,14,SENSOR_NOT_OPERATIONAL,0,SENSOR_NOT_OPERATIONAL,0,SENSOR_NOT_OPERATIONAL,0,SENSOR_NOT_OPERATIONAL,0,SENSOR_NOT_OPERATIONAL,0,NONE,NONE_FOUND,UNKNOWN_NO_EVIDENCE_INVENTORY_AT_M21A,HARMONIC_MODELS_SELECTABLE_1985-2026_NOT_JOINED;PUBLIC_GAUGE_OBS_BLOCKED_POST_1997,EO_SCENES_PRESENT
1986,ZJ-SMB,NONE,21,SENSOR_NOT_OPERATIONAL,0,SENSOR_NOT_OPERATIONAL,0,SENSOR_NOT_OPERATIONAL,0,SENSOR_NOT_OPERATIONAL,0,SENSOR_NOT_OPERATIONAL,0,NONE,NONE_FOUND,UNKNOWN_NO_EVIDENCE_INVENTORY_AT_M21A,HARMONIC_MODELS_SELECTABLE_1985-2026_NOT_JOINED;PUBLIC_GAUGE_OBS_BLOCKED_POST_1997,EO_SCENES_PRESENT
1987,ZJ-SMB,NONE,27,SENSOR_NOT_OPERATIONAL,0,SENSOR_NOT_OPERATIONAL,0,SENSOR_NOT_OPERATIONAL,0,SENSOR_NOT_OPERATIONAL,0,SENSOR_NOT_OPERATIONAL,0,NONE,NONE_FOUND,UNKNOWN_NO_EVIDENCE_INVENTORY_AT_M21A,HARMONIC_MODELS_SELECTABLE_1985-2026_NOT_JOINED;PUBLIC_GAUGE_OBS_BLOCKED_POST_1997,EO_SCENES_PRESENT
1988,ZJ-SMB,NONE,27,SENSOR_NOT_OPERATIONAL,0,SENSOR_NOT_OPERATIONAL,0,SENSOR_NOT_OPERATIONAL,0,SENSOR_NOT_OPERATIONAL,0,SENSOR_NOT_OPERATIONAL,0,NONE,NONE_FOUND,UNKNOWN_NO_EVIDENCE_INVENTORY_AT_M21A,HARMONIC_MODELS_SELECTABLE_1985-2026_NOT_JOINED;PUBLIC_GAUGE_OBS_BLOCKED_POST_1997,EO_SCENES_PRESENT
1989,ZJ-SMB,NONE,23,SENSOR_NOT_OPERATIONAL,0,SENSOR_NOT_OPERATIONAL,0,SENSOR_NOT_OPERATIONAL,0,SENSOR_NOT_OPERATIONAL,0,SENSOR_NOT_OPERATIONAL,0,NONE,NONE_FOUND,UNKNOWN_NO_EVIDENCE_INVENTORY_AT_M21A,HARMONIC_MODELS_SELECTABLE_1985-2026_NOT_JOINED;PUBLIC_GAUGE_OBS_BLOCKED_POST_1997,EO_SCENES_PRESENT
1990,ZJ-SMB,NONE,24,SENSOR_NOT_OPERATIONAL,0,SENSOR_NOT_OPERATIONAL,0,SENSOR_NOT_OPERATIONAL,0,SENSOR_NOT_OPERATIONAL,0,SENSOR_NOT_OPERATIONAL,0,NONE,NONE_FOUND,UNKNOWN_NO_EVIDENCE_INVENTORY_AT_M21A,HARMONIC_MODELS_SELECTABLE_1985-2026_NOT_JOINED;PUBLIC_GAUGE_OBS_BLOCKED_POST_1997,EO_SCENES_PRESENT
1991,ZJ-SMB,NONE,29,SENSOR_NOT_OPERATIONAL,0,SENSOR_NOT_OPERATIONAL,0,SENSOR_NOT_OPERATIONAL,0,SENSOR_NOT_OPERATIONAL,0,SENSOR_NOT_OPERATIONAL,0,NONE,NONE_FOUND,UNKNOWN_NO_EVIDENCE_INVENTORY_AT_M21A,HARMONIC_MODELS_SELECTABLE_1985-2026_NOT_JOINED;PUBLIC_GAUGE_OBS_BLOCKED_POST_1997,EO_SCENES_PRESENT
1992,ZJ-SMB,NONE,28,SENSOR_NOT_OPERATIONAL,0,SENSOR_NOT_OPERATIONAL,0,SENSOR_NOT_OPERATIONAL,0,SENSOR_NOT_OPERATIONAL,0,SENSOR_NOT_OPERATIONAL,0,NONE,NONE_FOUND,UNKNOWN_NO_EVIDENCE_INVENTORY_AT_M21A,HARMONIC_MODELS_SELECTABLE_1985-2026_NOT_JOINED;PUBLIC_GAUGE_OBS_BLOCKED_POST_1997,EO_SCENES_PRESENT
1993,ZJ-SMB,NONE,24,SENSOR_NOT_OPERATIONAL,0,SENSOR_NOT_OPERATIONAL,0,SENSOR_NOT_OPERATIONAL,0,SENSOR_NOT_OPERATIONAL,0,SENSOR_NOT_OPERATIONAL,0,NONE,NONE_FOUND,UNKNOWN_NO_EVIDENCE_INVENTORY_AT_M21A,HARMONIC_MODELS_SELECTABLE_1985-2026_NOT_JOINED;PUBLIC_GAUGE_OBS_BLOCKED_POST_1997,EO_SCENES_PRESENT
1994,ZJ-SMB,NONE,25,SENSOR_NOT_OPERATIONAL,0,SENSOR_NOT_OPERATIONAL,0,SENSOR_NOT_OPERATIONAL,0,SENSOR_NOT_OPERATIONAL,0,SENSOR_NOT_OPERATIONAL,0,NONE,NONE_FOUND,UNKNOWN_NO_EVIDENCE_INVENTORY_AT_M21A,HARMONIC_MODELS_SELECTABLE_1985-2026_NOT_JOINED;PUBLIC_GAUGE_OBS_BLOCKED_POST_1997,EO_SCENES_PRESENT
1995,ZJ-SMB,NONE,27,SENSOR_NOT_OPERATIONAL,0,SENSOR_NOT_OPERATIONAL,0,SENSOR_NOT_OPERATIONAL,0,SENSOR_NOT_OPERATIONAL,0,SENSOR_NOT_OPERATIONAL,0,NONE,NONE_FOUND,UNKNOWN_NO_EVIDENCE_INVENTORY_AT_M21A,HARMONIC_MODELS_SELECTABLE_1985-2026_NOT_JOINED;PUBLIC_GAUGE_OBS_BLOCKED_POST_1997,EO_SCENES_PRESENT
1996,ZJ-SMB,NONE,21,SENSOR_NOT_OPERATIONAL,0,SENSOR_NOT_OPERATIONAL,0,SENSOR_NOT_OPERATIONAL,0,SENSOR_NOT_OPERATIONAL,0,SENSOR_NOT_OPERATIONAL,0,NONE,NONE_FOUND,UNKNOWN_NO_EVIDENCE_INVENTORY_AT_M21A,HARMONIC_MODELS_SELECTABLE_1985-2026_NOT_JOINED;PUBLIC_GAUGE_OBS_BLOCKED_POST_1997,EO_SCENES_PRESENT
1997,ZJ-SMB,NONE,21,SENSOR_NOT_OPERATIONAL,0,SENSOR_NOT_OPERATIONAL,0,SENSOR_NOT_OPERATIONAL,0,SENSOR_NOT_OPERATIONAL,0,SENSOR_NOT_OPERATIONAL,0,NONE,NONE_FOUND,UNKNOWN_NO_EVIDENCE_INVENTORY_AT_M21A,HARMONIC_MODELS_SELECTABLE_1985-2026_NOT_JOINED;PUBLIC_GAUGE_OBS_BLOCKED_POST_1997,EO_SCENES_PRESENT
1998,ZJ-SMB,NONE,20,SENSOR_NOT_OPERATIONAL,0,SENSOR_NOT_OPERATIONAL,0,SENSOR_NOT_OPERATIONAL,0,SENSOR_NOT_OPERATIONAL,0,SENSOR_NOT_OPERATIONAL,0,NONE,NONE_FOUND,UNKNOWN_NO_EVIDENCE_INVENTORY_AT_M21A,HARMONIC_MODELS_SELECTABLE_1985-2026_NOT_JOINED;PUBLIC_GAUGE_OBS_BLOCKED_POST_1997,EO_SCENES_PRESENT
1999,ZJ-SMB,NONE,23,NONE,6,SENSOR_NOT_OPERATIONAL,0,SENSOR_NOT_OPERATIONAL,0,SENSOR_NOT_OPERATIONAL,0,SENSOR_NOT_OPERATIONAL,0,NONE,NONE_FOUND,UNKNOWN_NO_EVIDENCE_INVENTORY_AT_M21A,HARMONIC_MODELS_SELECTABLE_1985-2026_NOT_JOINED;PUBLIC_GAUGE_OBS_BLOCKED_POST_1997,EO_SCENES_PRESENT
2000,ZJ-SMB,NONE,32,NONE,25,SENSOR_NOT_OPERATIONAL,0,SENSOR_NOT_OPERATIONAL,0,SENSOR_NOT_OPERATIONAL,0,SENSOR_NOT_OPERATIONAL,0,NONE,NONE_FOUND,UNKNOWN_NO_EVIDENCE_INVENTORY_AT_M21A,HARMONIC_MODELS_SELECTABLE_1985-2026_NOT_JOINED;PUBLIC_GAUGE_OBS_BLOCKED_POST_1997,EO_SCENES_PRESENT
2001,ZJ-SMB,NONE,27,NONE,34,SENSOR_NOT_OPERATIONAL,0,SENSOR_NOT_OPERATIONAL,0,SENSOR_NOT_OPERATIONAL,0,SENSOR_NOT_OPERATIONAL,0,NONE,NONE_FOUND,UNKNOWN_NO_EVIDENCE_INVENTORY_AT_M21A,HARMONIC_MODELS_SELECTABLE_1985-2026_NOT_JOINED;PUBLIC_GAUGE_OBS_BLOCKED_POST_1997,EO_SCENES_PRESENT
2002,ZJ-SMB,NONE,19,NONE,29,SENSOR_NOT_OPERATIONAL,0,SENSOR_NOT_OPERATIONAL,0,SENSOR_NOT_OPERATIONAL,0,SENSOR_NOT_OPERATIONAL,0,NONE,NONE_FOUND,UNKNOWN_NO_EVIDENCE_INVENTORY_AT_M21A,HARMONIC_MODELS_SELECTABLE_1985-2026_NOT_JOINED;PUBLIC_GAUGE_OBS_BLOCKED_POST_1997,EO_SCENES_PRESENT
2003,ZJ-SMB,NONE,25,NONE,23,SENSOR_NOT_OPERATIONAL,0,SENSOR_NOT_OPERATIONAL,0,SENSOR_NOT_OPERATIONAL,0,SENSOR_NOT_OPERATIONAL,0,NONE,NONE_FOUND,UNKNOWN_NO_EVIDENCE_INVENTORY_AT_M21A,HARMONIC_MODELS_SELECTABLE_1985-2026_NOT_JOINED;PUBLIC_GAUGE_OBS_BLOCKED_POST_1997,EO_SCENES_PRESENT
2004,ZJ-SMB,NONE,29,NONE,26,SENSOR_NOT_OPERATIONAL,0,SENSOR_NOT_OPERATIONAL,0,SENSOR_NOT_OPERATIONAL,0,SENSOR_NOT_OPERATIONAL,0,NONE,NONE_FOUND,UNKNOWN_NO_EVIDENCE_INVENTORY_AT_M21A,HARMONIC_MODELS_SELECTABLE_1985-2026_NOT_JOINED;PUBLIC_GAUGE_OBS_BLOCKED_POST_1997,EO_SCENES_PRESENT
2005,ZJ-SMB,NONE,28,NONE,30,SENSOR_NOT_OPERATIONAL,0,SENSOR_NOT_OPERATIONAL,0,SENSOR_NOT_OPERATIONAL,0,SENSOR_NOT_OPERATIONAL,0,NONE,NONE_FOUND,UNKNOWN_NO_EVIDENCE_INVENTORY_AT_M21A,HARMONIC_MODELS_SELECTABLE_1985-2026_NOT_JOINED;PUBLIC_GAUGE_OBS_BLOCKED_POST_1997,EO_SCENES_PRESENT
2006,ZJ-SMB,NONE,28,NONE,26,SENSOR_NOT_OPERATIONAL,0,SENSOR_NOT_OPERATIONAL,0,SENSOR_NOT_OPERATIONAL,0,SENSOR_NOT_OPERATIONAL,0,NONE,NONE_FOUND,UNKNOWN_NO_EVIDENCE_INVENTORY_AT_M21A,HARMONIC_MODELS_SELECTABLE_1985-2026_NOT_JOINED;PUBLIC_GAUGE_OBS_BLOCKED_POST_1997,EO_SCENES_PRESENT
2007,ZJ-SMB,NONE,29,NONE,31,SENSOR_NOT_OPERATIONAL,0,SENSOR_NOT_OPERATIONAL,0,SENSOR_NOT_OPERATIONAL,0,SENSOR_NOT_OPERATIONAL,0,NONE,NONE_FOUND,UNKNOWN_NO_EVIDENCE_INVENTORY_AT_M21A,HARMONIC_MODELS_SELECTABLE_1985-2026_NOT_JOINED;PUBLIC_GAUGE_OBS_BLOCKED_POST_1997,EO_SCENES_PRESENT
2008,ZJ-SMB,NONE,29,NONE,32,SENSOR_NOT_OPERATIONAL,0,SENSOR_NOT_OPERATIONAL,0,SENSOR_NOT_OPERATIONAL,0,SENSOR_NOT_OPERATIONAL,0,NONE,NONE_FOUND,UNKNOWN_NO_EVIDENCE_INVENTORY_AT_M21A,HARMONIC_MODELS_SELECTABLE_1985-2026_NOT_JOINED;PUBLIC_GAUGE_OBS_BLOCKED_POST_1997,EO_SCENES_PRESENT
2009,ZJ-SMB,NONE,26,NONE,25,SENSOR_NOT_OPERATIONAL,0,SENSOR_NOT_OPERATIONAL,0,SENSOR_NOT_OPERATIONAL,0,SENSOR_NOT_OPERATIONAL,0,NONE,NONE_FOUND,UNKNOWN_NO_EVIDENCE_INVENTORY_AT_M21A,HARMONIC_MODELS_SELECTABLE_1985-2026_NOT_JOINED;PUBLIC_GAUGE_OBS_BLOCKED_POST_1997,EO_SCENES_PRESENT
2010,ZJ-SMB,NONE,23,NONE,23,SENSOR_NOT_OPERATIONAL,0,SENSOR_NOT_OPERATIONAL,0,SENSOR_NOT_OPERATIONAL,0,SENSOR_NOT_OPERATIONAL,0,NONE,NONE_FOUND,UNKNOWN_NO_EVIDENCE_INVENTORY_AT_M21A,HARMONIC_MODELS_SELECTABLE_1985-2026_NOT_JOINED;PUBLIC_GAUGE_OBS_BLOCKED_POST_1997,EO_SCENES_PRESENT
2011,ZJ-SMB,NONE,16,NONE,26,SENSOR_NOT_OPERATIONAL,0,SENSOR_NOT_OPERATIONAL,0,SENSOR_NOT_OPERATIONAL,0,SENSOR_NOT_OPERATIONAL,0,NONE,NONE_FOUND,UNKNOWN_NO_EVIDENCE_INVENTORY_AT_M21A,HARMONIC_MODELS_SELECTABLE_1985-2026_NOT_JOINED;PUBLIC_GAUGE_OBS_BLOCKED_POST_1997,EO_SCENES_PRESENT
2012,ZJ-SMB,NO_SCENES_FOUND,0,NONE,23,SENSOR_NOT_OPERATIONAL,0,SENSOR_NOT_OPERATIONAL,0,SENSOR_NOT_OPERATIONAL,0,SENSOR_NOT_OPERATIONAL,0,NONE,NONE_FOUND,UNKNOWN_NO_EVIDENCE_INVENTORY_AT_M21A,HARMONIC_MODELS_SELECTABLE_1985-2026_NOT_JOINED;PUBLIC_GAUGE_OBS_BLOCKED_POST_1997,EO_SCENES_PRESENT
2013,ZJ-SMB,SENSOR_NOT_OPERATIONAL,0,NONE,26,NONE,25,SENSOR_NOT_OPERATIONAL,0,SENSOR_NOT_OPERATIONAL,0,SENSOR_NOT_OPERATIONAL,0,NONE,NONE_FOUND,UNKNOWN_NO_EVIDENCE_INVENTORY_AT_M21A,HARMONIC_MODELS_SELECTABLE_1985-2026_NOT_JOINED;PUBLIC_GAUGE_OBS_BLOCKED_POST_1997,EO_SCENES_PRESENT
2014,ZJ-SMB,SENSOR_NOT_OPERATIONAL,0,NONE,33,NONE,34,SENSOR_NOT_OPERATIONAL,0,NO_SCENES_FOUND,0,SENSOR_NOT_OPERATIONAL,0,NONE,NONE_FOUND,UNKNOWN_NO_EVIDENCE_INVENTORY_AT_M21A,HARMONIC_MODELS_SELECTABLE_1985-2026_NOT_JOINED;PUBLIC_GAUGE_OBS_BLOCKED_POST_1997,EO_SCENES_PRESENT
2015,ZJ-SMB,SENSOR_NOT_OPERATIONAL,0,NONE,28,NONE,26,SENSOR_NOT_OPERATIONAL,0,NONE,25,SENSOR_NOT_OPERATIONAL,0,NONE,NONE_FOUND,UNKNOWN_NO_EVIDENCE_INVENTORY_AT_M21A,HARMONIC_MODELS_SELECTABLE_1985-2026_NOT_JOINED;PUBLIC_GAUGE_OBS_BLOCKED_POST_1997,EO_SCENES_PRESENT
2016,ZJ-SMB,SENSOR_NOT_OPERATIONAL,0,NONE,25,NONE,29,SENSOR_NOT_OPERATIONAL,0,NONE,40,SENSOR_NOT_OPERATIONAL,0,NONE,NONE_FOUND,UNKNOWN_NO_EVIDENCE_INVENTORY_AT_M21A,HARMONIC_MODELS_SELECTABLE_1985-2026_NOT_JOINED;PUBLIC_GAUGE_OBS_BLOCKED_POST_1997,EO_SCENES_PRESENT
2017,ZJ-SMB,SENSOR_NOT_OPERATIONAL,0,NONE,33,NONE,29,SENSOR_NOT_OPERATIONAL,0,NONE,57,NONE,13,NONE,NONE_FOUND,UNKNOWN_NO_EVIDENCE_INVENTORY_AT_M21A,HARMONIC_MODELS_SELECTABLE_1985-2026_NOT_JOINED;PUBLIC_GAUGE_OBS_BLOCKED_POST_1997,EO_SCENES_PRESENT
2018,ZJ-SMB,SENSOR_NOT_OPERATIONAL,0,NONE,28,NONE,30,SENSOR_NOT_OPERATIONAL,0,NONE,62,NONE,15,NONE,NONE_FOUND,UNKNOWN_NO_EVIDENCE_INVENTORY_AT_M21A,HARMONIC_MODELS_SELECTABLE_1985-2026_NOT_JOINED;PUBLIC_GAUGE_OBS_BLOCKED_POST_1997,EO_SCENES_PRESENT
2019,ZJ-SMB,SENSOR_NOT_OPERATIONAL,0,NONE,25,NONE,37,SENSOR_NOT_OPERATIONAL,0,NONE,110,NONE,148,NONE,NONE_FOUND,UNKNOWN_NO_EVIDENCE_INVENTORY_AT_M21A,HARMONIC_MODELS_SELECTABLE_1985-2026_NOT_JOINED;PUBLIC_GAUGE_OBS_BLOCKED_POST_1997,EO_SCENES_PRESENT
2020,ZJ-SMB,SENSOR_NOT_OPERATIONAL,0,NONE,28,NONE,28,SENSOR_NOT_OPERATIONAL,0,NONE,94,NONE,147,NONE,NONE_FOUND,UNKNOWN_NO_EVIDENCE_INVENTORY_AT_M21A,HARMONIC_MODELS_SELECTABLE_1985-2026_NOT_JOINED;PUBLIC_GAUGE_OBS_BLOCKED_POST_1997,EO_SCENES_PRESENT
2021,ZJ-SMB,SENSOR_NOT_OPERATIONAL,0,NONE,23,NONE,29,SENSOR_NOT_OPERATIONAL,0,NONE,92,NONE,149,NONE,NONE_FOUND,UNKNOWN_NO_EVIDENCE_INVENTORY_AT_M21A,HARMONIC_MODELS_SELECTABLE_1985-2026_NOT_JOINED;PUBLIC_GAUGE_OBS_BLOCKED_POST_1997,EO_SCENES_PRESENT
2022,ZJ-SMB,SENSOR_NOT_OPERATIONAL,0,NONE,21,NONE,30,NONE,25,NONE,57,NONE,147,NONE,NONE_FOUND,UNKNOWN_NO_EVIDENCE_INVENTORY_AT_M21A,HARMONIC_MODELS_SELECTABLE_1985-2026_NOT_JOINED;PUBLIC_GAUGE_OBS_BLOCKED_POST_1997,EO_SCENES_PRESENT
2023,ZJ-SMB,SENSOR_NOT_OPERATIONAL,0,NONE,24,NONE,34,NONE,31,NONE,61,NONE,150,NONE,NONE_FOUND,UNKNOWN_NO_EVIDENCE_INVENTORY_AT_M21A,HARMONIC_MODELS_SELECTABLE_1985-2026_NOT_JOINED;PUBLIC_GAUGE_OBS_BLOCKED_POST_1997,EO_SCENES_PRESENT
2024,ZJ-SMB,SENSOR_NOT_OPERATIONAL,0,NO_SCENES_FOUND,0,NONE,32,NONE,34,NONE,60,NONE,151,NONE,NONE_FOUND,UNKNOWN_NO_EVIDENCE_INVENTORY_AT_M21A,HARMONIC_MODELS_SELECTABLE_1985-2026_NOT_JOINED;PUBLIC_GAUGE_OBS_BLOCKED_POST_1997,EO_SCENES_PRESENT
2025,ZJ-SMB,SENSOR_NOT_OPERATIONAL,0,NO_SCENES_FOUND,0,NONE,38,NONE,33,NONE,60,NONE,168,NONE,NONE_FOUND,UNKNOWN_NO_EVIDENCE_INVENTORY_AT_M21A,HARMONIC_MODELS_SELECTABLE_1985-2026_NOT_JOINED;PUBLIC_GAUGE_OBS_BLOCKED_POST_1997,EO_SCENES_PRESENT
2026,ZJ-SMB,SENSOR_NOT_OPERATIONAL,0,NO_SCENES_FOUND,0,NONE,21,NONE,23,NONE,46,NONE,132,NONE,NONE_FOUND,UNKNOWN_NO_EVIDENCE_INVENTORY_AT_M21A,HARMONIC_MODELS_SELECTABLE_1985-2026_NOT_JOINED;PUBLIC_GAUGE_OBS_BLOCKED_POST_1997,EO_SCENES_PRESENT
1985,ZJ-YQB,NO_QUALITY_SCENES,7,SENSOR_NOT_OPERATIONAL,0,SENSOR_NOT_OPERATIONAL,0,SENSOR_NOT_OPERATIONAL,0,SENSOR_NOT_OPERATIONAL,0,SENSOR_NOT_OPERATIONAL,0,NONE,NONE_FOUND,UNKNOWN_NO_EVIDENCE_INVENTORY_AT_M21A,HARMONIC_MODELS_SELECTABLE_1985-2026_NOT_JOINED;PUBLIC_GAUGE_OBS_BLOCKED_POST_1997,OPERATIONAL_BUT_GAPPED
1986,ZJ-YQB,NO_QUALITY_SCENES,18,SENSOR_NOT_OPERATIONAL,0,SENSOR_NOT_OPERATIONAL,0,SENSOR_NOT_OPERATIONAL,0,SENSOR_NOT_OPERATIONAL,0,SENSOR_NOT_OPERATIONAL,0,NONE,NONE_FOUND,UNKNOWN_NO_EVIDENCE_INVENTORY_AT_M21A,HARMONIC_MODELS_SELECTABLE_1985-2026_NOT_JOINED;PUBLIC_GAUGE_OBS_BLOCKED_POST_1997,OPERATIONAL_BUT_GAPPED
1987,ZJ-YQB,NO_QUALITY_SCENES,30,SENSOR_NOT_OPERATIONAL,0,SENSOR_NOT_OPERATIONAL,0,SENSOR_NOT_OPERATIONAL,0,SENSOR_NOT_OPERATIONAL,0,SENSOR_NOT_OPERATIONAL,0,NONE,NONE_FOUND,UNKNOWN_NO_EVIDENCE_INVENTORY_AT_M21A,HARMONIC_MODELS_SELECTABLE_1985-2026_NOT_JOINED;PUBLIC_GAUGE_OBS_BLOCKED_POST_1997,OPERATIONAL_BUT_GAPPED
1988,ZJ-YQB,NO_QUALITY_SCENES,26,SENSOR_NOT_OPERATIONAL,0,SENSOR_NOT_OPERATIONAL,0,SENSOR_NOT_OPERATIONAL,0,SENSOR_NOT_OPERATIONAL,0,SENSOR_NOT_OPERATIONAL,0,NONE,NONE_FOUND,UNKNOWN_NO_EVIDENCE_INVENTORY_AT_M21A,HARMONIC_MODELS_SELECTABLE_1985-2026_NOT_JOINED;PUBLIC_GAUGE_OBS_BLOCKED_POST_1997,OPERATIONAL_BUT_GAPPED
1989,ZJ-YQB,NO_QUALITY_SCENES,26,SENSOR_NOT_OPERATIONAL,0,SENSOR_NOT_OPERATIONAL,0,SENSOR_NOT_OPERATIONAL,0,SENSOR_NOT_OPERATIONAL,0,SENSOR_NOT_OPERATIONAL,0,NONE,NONE_FOUND,UNKNOWN_NO_EVIDENCE_INVENTORY_AT_M21A,HARMONIC_MODELS_SELECTABLE_1985-2026_NOT_JOINED;PUBLIC_GAUGE_OBS_BLOCKED_POST_1997,OPERATIONAL_BUT_GAPPED
1990,ZJ-YQB,NO_QUALITY_SCENES,24,SENSOR_NOT_OPERATIONAL,0,SENSOR_NOT_OPERATIONAL,0,SENSOR_NOT_OPERATIONAL,0,SENSOR_NOT_OPERATIONAL,0,SENSOR_NOT_OPERATIONAL,0,NONE,NONE_FOUND,UNKNOWN_NO_EVIDENCE_INVENTORY_AT_M21A,HARMONIC_MODELS_SELECTABLE_1985-2026_NOT_JOINED;PUBLIC_GAUGE_OBS_BLOCKED_POST_1997,OPERATIONAL_BUT_GAPPED
1991,ZJ-YQB,NO_QUALITY_SCENES,27,SENSOR_NOT_OPERATIONAL,0,SENSOR_NOT_OPERATIONAL,0,SENSOR_NOT_OPERATIONAL,0,SENSOR_NOT_OPERATIONAL,0,SENSOR_NOT_OPERATIONAL,0,NONE,NONE_FOUND,UNKNOWN_NO_EVIDENCE_INVENTORY_AT_M21A,HARMONIC_MODELS_SELECTABLE_1985-2026_NOT_JOINED;PUBLIC_GAUGE_OBS_BLOCKED_POST_1997,OPERATIONAL_BUT_GAPPED
1992,ZJ-YQB,NO_QUALITY_SCENES,25,SENSOR_NOT_OPERATIONAL,0,SENSOR_NOT_OPERATIONAL,0,SENSOR_NOT_OPERATIONAL,0,SENSOR_NOT_OPERATIONAL,0,SENSOR_NOT_OPERATIONAL,0,NONE,NONE_FOUND,UNKNOWN_NO_EVIDENCE_INVENTORY_AT_M21A,HARMONIC_MODELS_SELECTABLE_1985-2026_NOT_JOINED;PUBLIC_GAUGE_OBS_BLOCKED_POST_1997,OPERATIONAL_BUT_GAPPED
1993,ZJ-YQB,NO_QUALITY_SCENES,23,SENSOR_NOT_OPERATIONAL,0,SENSOR_NOT_OPERATIONAL,0,SENSOR_NOT_OPERATIONAL,0,SENSOR_NOT_OPERATIONAL,0,SENSOR_NOT_OPERATIONAL,0,NONE,NONE_FOUND,UNKNOWN_NO_EVIDENCE_INVENTORY_AT_M21A,HARMONIC_MODELS_SELECTABLE_1985-2026_NOT_JOINED;PUBLIC_GAUGE_OBS_BLOCKED_POST_1997,OPERATIONAL_BUT_GAPPED
1994,ZJ-YQB,NO_QUALITY_SCENES,28,SENSOR_NOT_OPERATIONAL,0,SENSOR_NOT_OPERATIONAL,0,SENSOR_NOT_OPERATIONAL,0,SENSOR_NOT_OPERATIONAL,0,SENSOR_NOT_OPERATIONAL,0,NONE,NONE_FOUND,UNKNOWN_NO_EVIDENCE_INVENTORY_AT_M21A,HARMONIC_MODELS_SELECTABLE_1985-2026_NOT_JOINED;PUBLIC_GAUGE_OBS_BLOCKED_POST_1997,OPERATIONAL_BUT_GAPPED
1995,ZJ-YQB,NONE,27,SENSOR_NOT_OPERATIONAL,0,SENSOR_NOT_OPERATIONAL,0,SENSOR_NOT_OPERATIONAL,0,SENSOR_NOT_OPERATIONAL,0,SENSOR_NOT_OPERATIONAL,0,NONE,NONE_FOUND,UNKNOWN_NO_EVIDENCE_INVENTORY_AT_M21A,HARMONIC_MODELS_SELECTABLE_1985-2026_NOT_JOINED;PUBLIC_GAUGE_OBS_BLOCKED_POST_1997,EO_SCENES_PRESENT
1996,ZJ-YQB,NO_QUALITY_SCENES,28,SENSOR_NOT_OPERATIONAL,0,SENSOR_NOT_OPERATIONAL,0,SENSOR_NOT_OPERATIONAL,0,SENSOR_NOT_OPERATIONAL,0,SENSOR_NOT_OPERATIONAL,0,NONE,NONE_FOUND,UNKNOWN_NO_EVIDENCE_INVENTORY_AT_M21A,HARMONIC_MODELS_SELECTABLE_1985-2026_NOT_JOINED;PUBLIC_GAUGE_OBS_BLOCKED_POST_1997,OPERATIONAL_BUT_GAPPED
1997,ZJ-YQB,NO_QUALITY_SCENES,29,SENSOR_NOT_OPERATIONAL,0,SENSOR_NOT_OPERATIONAL,0,SENSOR_NOT_OPERATIONAL,0,SENSOR_NOT_OPERATIONAL,0,SENSOR_NOT_OPERATIONAL,0,NONE,NONE_FOUND,UNKNOWN_NO_EVIDENCE_INVENTORY_AT_M21A,HARMONIC_MODELS_SELECTABLE_1985-2026_NOT_JOINED;PUBLIC_GAUGE_OBS_BLOCKED_POST_1997,OPERATIONAL_BUT_GAPPED
1998,ZJ-YQB,NO_QUALITY_SCENES,27,SENSOR_NOT_OPERATIONAL,0,SENSOR_NOT_OPERATIONAL,0,SENSOR_NOT_OPERATIONAL,0,SENSOR_NOT_OPERATIONAL,0,SENSOR_NOT_OPERATIONAL,0,NONE,NONE_FOUND,UNKNOWN_NO_EVIDENCE_INVENTORY_AT_M21A,HARMONIC_MODELS_SELECTABLE_1985-2026_NOT_JOINED;PUBLIC_GAUGE_OBS_BLOCKED_POST_1997,OPERATIONAL_BUT_GAPPED
1999,ZJ-YQB,NO_QUALITY_SCENES,27,NO_QUALITY_SCENES,5,SENSOR_NOT_OPERATIONAL,0,SENSOR_NOT_OPERATIONAL,0,SENSOR_NOT_OPERATIONAL,0,SENSOR_NOT_OPERATIONAL,0,NONE,NONE_FOUND,UNKNOWN_NO_EVIDENCE_INVENTORY_AT_M21A,HARMONIC_MODELS_SELECTABLE_1985-2026_NOT_JOINED;PUBLIC_GAUGE_OBS_BLOCKED_POST_1997,OPERATIONAL_BUT_GAPPED
2000,ZJ-YQB,NO_QUALITY_SCENES,32,NO_QUALITY_SCENES,32,SENSOR_NOT_OPERATIONAL,0,SENSOR_NOT_OPERATIONAL,0,SENSOR_NOT_OPERATIONAL,0,SENSOR_NOT_OPERATIONAL,0,NONE,NONE_FOUND,UNKNOWN_NO_EVIDENCE_INVENTORY_AT_M21A,HARMONIC_MODELS_SELECTABLE_1985-2026_NOT_JOINED;PUBLIC_GAUGE_OBS_BLOCKED_POST_1997,OPERATIONAL_BUT_GAPPED
2001,ZJ-YQB,NO_QUALITY_SCENES,26,NO_QUALITY_SCENES,39,SENSOR_NOT_OPERATIONAL,0,SENSOR_NOT_OPERATIONAL,0,SENSOR_NOT_OPERATIONAL,0,SENSOR_NOT_OPERATIONAL,0,NONE,NONE_FOUND,UNKNOWN_NO_EVIDENCE_INVENTORY_AT_M21A,HARMONIC_MODELS_SELECTABLE_1985-2026_NOT_JOINED;PUBLIC_GAUGE_OBS_BLOCKED_POST_1997,OPERATIONAL_BUT_GAPPED
2002,ZJ-YQB,NO_QUALITY_SCENES,19,NO_QUALITY_SCENES,29,SENSOR_NOT_OPERATIONAL,0,SENSOR_NOT_OPERATIONAL,0,SENSOR_NOT_OPERATIONAL,0,SENSOR_NOT_OPERATIONAL,0,NONE,NONE_FOUND,UNKNOWN_NO_EVIDENCE_INVENTORY_AT_M21A,HARMONIC_MODELS_SELECTABLE_1985-2026_NOT_JOINED;PUBLIC_GAUGE_OBS_BLOCKED_POST_1997,OPERATIONAL_BUT_GAPPED
2003,ZJ-YQB,NO_QUALITY_SCENES,27,NO_QUALITY_SCENES,20,SENSOR_NOT_OPERATIONAL,0,SENSOR_NOT_OPERATIONAL,0,SENSOR_NOT_OPERATIONAL,0,SENSOR_NOT_OPERATIONAL,0,NONE,NONE_FOUND,UNKNOWN_NO_EVIDENCE_INVENTORY_AT_M21A,HARMONIC_MODELS_SELECTABLE_1985-2026_NOT_JOINED;PUBLIC_GAUGE_OBS_BLOCKED_POST_1997,OPERATIONAL_BUT_GAPPED
2004,ZJ-YQB,NO_QUALITY_SCENES,29,NO_QUALITY_SCENES,30,SENSOR_NOT_OPERATIONAL,0,SENSOR_NOT_OPERATIONAL,0,SENSOR_NOT_OPERATIONAL,0,SENSOR_NOT_OPERATIONAL,0,NONE,NONE_FOUND,UNKNOWN_NO_EVIDENCE_INVENTORY_AT_M21A,HARMONIC_MODELS_SELECTABLE_1985-2026_NOT_JOINED;PUBLIC_GAUGE_OBS_BLOCKED_POST_1997,OPERATIONAL_BUT_GAPPED
2005,ZJ-YQB,NO_QUALITY_SCENES,21,NO_QUALITY_SCENES,28,SENSOR_NOT_OPERATIONAL,0,SENSOR_NOT_OPERATIONAL,0,SENSOR_NOT_OPERATIONAL,0,SENSOR_NOT_OPERATIONAL,0,NONE,NONE_FOUND,UNKNOWN_NO_EVIDENCE_INVENTORY_AT_M21A,HARMONIC_MODELS_SELECTABLE_1985-2026_NOT_JOINED;PUBLIC_GAUGE_OBS_BLOCKED_POST_1997,OPERATIONAL_BUT_GAPPED
2006,ZJ-YQB,NO_QUALITY_SCENES,28,NO_QUALITY_SCENES,23,SENSOR_NOT_OPERATIONAL,0,SENSOR_NOT_OPERATIONAL,0,SENSOR_NOT_OPERATIONAL,0,SENSOR_NOT_OPERATIONAL,0,NONE,NONE_FOUND,UNKNOWN_NO_EVIDENCE_INVENTORY_AT_M21A,HARMONIC_MODELS_SELECTABLE_1985-2026_NOT_JOINED;PUBLIC_GAUGE_OBS_BLOCKED_POST_1997,OPERATIONAL_BUT_GAPPED
2007,ZJ-YQB,NO_QUALITY_SCENES,27,NO_QUALITY_SCENES,25,SENSOR_NOT_OPERATIONAL,0,SENSOR_NOT_OPERATIONAL,0,SENSOR_NOT_OPERATIONAL,0,SENSOR_NOT_OPERATIONAL,0,NONE,NONE_FOUND,UNKNOWN_NO_EVIDENCE_INVENTORY_AT_M21A,HARMONIC_MODELS_SELECTABLE_1985-2026_NOT_JOINED;PUBLIC_GAUGE_OBS_BLOCKED_POST_1997,OPERATIONAL_BUT_GAPPED
2008,ZJ-YQB,NO_QUALITY_SCENES,28,NO_QUALITY_SCENES,33,SENSOR_NOT_OPERATIONAL,0,SENSOR_NOT_OPERATIONAL,0,SENSOR_NOT_OPERATIONAL,0,SENSOR_NOT_OPERATIONAL,0,NONE,NONE_FOUND,UNKNOWN_NO_EVIDENCE_INVENTORY_AT_M21A,HARMONIC_MODELS_SELECTABLE_1985-2026_NOT_JOINED;PUBLIC_GAUGE_OBS_BLOCKED_POST_1997,OPERATIONAL_BUT_GAPPED
2009,ZJ-YQB,NO_QUALITY_SCENES,26,NO_QUALITY_SCENES,23,SENSOR_NOT_OPERATIONAL,0,SENSOR_NOT_OPERATIONAL,0,SENSOR_NOT_OPERATIONAL,0,SENSOR_NOT_OPERATIONAL,0,NONE,NONE_FOUND,UNKNOWN_NO_EVIDENCE_INVENTORY_AT_M21A,HARMONIC_MODELS_SELECTABLE_1985-2026_NOT_JOINED;PUBLIC_GAUGE_OBS_BLOCKED_POST_1997,OPERATIONAL_BUT_GAPPED
2010,ZJ-YQB,NO_QUALITY_SCENES,24,NO_QUALITY_SCENES,27,SENSOR_NOT_OPERATIONAL,0,SENSOR_NOT_OPERATIONAL,0,SENSOR_NOT_OPERATIONAL,0,SENSOR_NOT_OPERATIONAL,0,NONE,NONE_FOUND,UNKNOWN_NO_EVIDENCE_INVENTORY_AT_M21A,HARMONIC_MODELS_SELECTABLE_1985-2026_NOT_JOINED;PUBLIC_GAUGE_OBS_BLOCKED_POST_1997,OPERATIONAL_BUT_GAPPED
2011,ZJ-YQB,NO_QUALITY_SCENES,20,NO_QUALITY_SCENES,24,SENSOR_NOT_OPERATIONAL,0,SENSOR_NOT_OPERATIONAL,0,SENSOR_NOT_OPERATIONAL,0,SENSOR_NOT_OPERATIONAL,0,NONE,NONE_FOUND,UNKNOWN_NO_EVIDENCE_INVENTORY_AT_M21A,HARMONIC_MODELS_SELECTABLE_1985-2026_NOT_JOINED;PUBLIC_GAUGE_OBS_BLOCKED_POST_1997,OPERATIONAL_BUT_GAPPED
2012,ZJ-YQB,NO_SCENES_FOUND,0,NO_QUALITY_SCENES,28,SENSOR_NOT_OPERATIONAL,0,SENSOR_NOT_OPERATIONAL,0,SENSOR_NOT_OPERATIONAL,0,SENSOR_NOT_OPERATIONAL,0,NONE,NONE_FOUND,UNKNOWN_NO_EVIDENCE_INVENTORY_AT_M21A,HARMONIC_MODELS_SELECTABLE_1985-2026_NOT_JOINED;PUBLIC_GAUGE_OBS_BLOCKED_POST_1997,OPERATIONAL_BUT_GAPPED
2013,ZJ-YQB,SENSOR_NOT_OPERATIONAL,0,NO_QUALITY_SCENES,27,NONE,27,SENSOR_NOT_OPERATIONAL,0,SENSOR_NOT_OPERATIONAL,0,SENSOR_NOT_OPERATIONAL,0,NONE,NONE_FOUND,UNKNOWN_NO_EVIDENCE_INVENTORY_AT_M21A,HARMONIC_MODELS_SELECTABLE_1985-2026_NOT_JOINED;PUBLIC_GAUGE_OBS_BLOCKED_POST_1997,EO_SCENES_PRESENT
2014,ZJ-YQB,SENSOR_NOT_OPERATIONAL,0,NO_QUALITY_SCENES,33,NONE,36,SENSOR_NOT_OPERATIONAL,0,NO_SCENES_FOUND,0,SENSOR_NOT_OPERATIONAL,0,NONE,NONE_FOUND,UNKNOWN_NO_EVIDENCE_INVENTORY_AT_M21A,HARMONIC_MODELS_SELECTABLE_1985-2026_NOT_JOINED;PUBLIC_GAUGE_OBS_BLOCKED_POST_1997,EO_SCENES_PRESENT
2015,ZJ-YQB,SENSOR_NOT_OPERATIONAL,0,NO_QUALITY_SCENES,27,NONE,34,SENSOR_NOT_OPERATIONAL,0,NONE,38,SENSOR_NOT_OPERATIONAL,0,SILVER,NONE_FOUND,UNKNOWN_NO_EVIDENCE_INVENTORY_AT_M21A,HARMONIC_MODELS_SELECTABLE_1985-2026_NOT_JOINED;PUBLIC_GAUGE_OBS_BLOCKED_POST_1997,EO_SCENES_PRESENT
2016,ZJ-YQB,SENSOR_NOT_OPERATIONAL,0,NO_QUALITY_SCENES,23,NO_QUALITY_SCENES,29,SENSOR_NOT_OPERATIONAL,0,NONE,67,SENSOR_NOT_OPERATIONAL,0,NONE,NONE_FOUND,UNKNOWN_NO_EVIDENCE_INVENTORY_AT_M21A,HARMONIC_MODELS_SELECTABLE_1985-2026_NOT_JOINED;PUBLIC_GAUGE_OBS_BLOCKED_POST_1997,EO_SCENES_PRESENT
2017,ZJ-YQB,SENSOR_NOT_OPERATIONAL,0,NO_QUALITY_SCENES,28,NONE,29,SENSOR_NOT_OPERATIONAL,0,NO_QUALITY_SCENES,86,NO_QUALITY_SCENES,44,NONE,NONE_FOUND,UNKNOWN_NO_EVIDENCE_INVENTORY_AT_M21A,HARMONIC_MODELS_SELECTABLE_1985-2026_NOT_JOINED;PUBLIC_GAUGE_OBS_BLOCKED_POST_1997,EO_SCENES_PRESENT
2018,ZJ-YQB,SENSOR_NOT_OPERATIONAL,0,NO_QUALITY_SCENES,28,NO_QUALITY_SCENES,30,SENSOR_NOT_OPERATIONAL,0,NO_QUALITY_SCENES,92,NO_QUALITY_SCENES,60,NONE,NONE_FOUND,UNKNOWN_NO_EVIDENCE_INVENTORY_AT_M21A,HARMONIC_MODELS_SELECTABLE_1985-2026_NOT_JOINED;PUBLIC_GAUGE_OBS_BLOCKED_POST_1997,OPERATIONAL_BUT_GAPPED
2019,ZJ-YQB,SENSOR_NOT_OPERATIONAL,0,NO_QUALITY_SCENES,27,NO_QUALITY_SCENES,36,SENSOR_NOT_OPERATIONAL,0,NONE,190,NO_QUALITY_SCENES,588,WEAK,NONE_FOUND,UNKNOWN_NO_EVIDENCE_INVENTORY_AT_M21A,HARMONIC_MODELS_SELECTABLE_1985-2026_NOT_JOINED;PUBLIC_GAUGE_OBS_BLOCKED_POST_1997,EO_SCENES_PRESENT
2020,ZJ-YQB,SENSOR_NOT_OPERATIONAL,0,NO_QUALITY_SCENES,32,NO_QUALITY_SCENES,29,SENSOR_NOT_OPERATIONAL,0,NONE,106,NO_QUALITY_SCENES,588,WEAK,NONE_FOUND,UNKNOWN_NO_EVIDENCE_INVENTORY_AT_M21A,HARMONIC_MODELS_SELECTABLE_1985-2026_NOT_JOINED;PUBLIC_GAUGE_OBS_BLOCKED_POST_1997,EO_SCENES_PRESENT
2021,ZJ-YQB,SENSOR_NOT_OPERATIONAL,0,NO_QUALITY_SCENES,22,NO_QUALITY_SCENES,33,SENSOR_NOT_OPERATIONAL,0,NONE,89,NO_QUALITY_SCENES,594,WEAK,NONE_FOUND,UNKNOWN_NO_EVIDENCE_INVENTORY_AT_M21A,HARMONIC_MODELS_SELECTABLE_1985-2026_NOT_JOINED;PUBLIC_GAUGE_OBS_BLOCKED_POST_1997,EO_SCENES_PRESENT
2022,ZJ-YQB,SENSOR_NOT_OPERATIONAL,0,NONE,32,NONE,29,NONE,24,NO_QUALITY_SCENES,84,NO_QUALITY_SCENES,584,NONE,NONE_FOUND,UNKNOWN_NO_EVIDENCE_INVENTORY_AT_M21A,HARMONIC_MODELS_SELECTABLE_1985-2026_NOT_JOINED;PUBLIC_GAUGE_OBS_BLOCKED_POST_1997,EO_SCENES_PRESENT
2023,ZJ-YQB,SENSOR_NOT_OPERATIONAL,0,NONE,38,NONE,28,NONE,38,NO_QUALITY_SCENES,92,NO_QUALITY_SCENES,591,NONE,NONE_FOUND,UNKNOWN_NO_EVIDENCE_INVENTORY_AT_M21A,HARMONIC_MODELS_SELECTABLE_1985-2026_NOT_JOINED;PUBLIC_GAUGE_OBS_BLOCKED_POST_1997,EO_SCENES_PRESENT
2024,ZJ-YQB,SENSOR_NOT_OPERATIONAL,0,NO_SCENES_FOUND,0,NONE,31,NONE,34,NONE,90,NO_QUALITY_SCENES,594,NONE,NONE_FOUND,UNKNOWN_NO_EVIDENCE_INVENTORY_AT_M21A,HARMONIC_MODELS_SELECTABLE_1985-2026_NOT_JOINED;PUBLIC_GAUGE_OBS_BLOCKED_POST_1997,EO_SCENES_PRESENT
2025,ZJ-YQB,SENSOR_NOT_OPERATIONAL,0,NO_SCENES_FOUND,0,NONE,36,NONE,31,NONE,85,NO_QUALITY_SCENES,679,NONE,NONE_FOUND,UNKNOWN_NO_EVIDENCE_INVENTORY_AT_M21A,HARMONIC_MODELS_SELECTABLE_1985-2026_NOT_JOINED;PUBLIC_GAUGE_OBS_BLOCKED_POST_1997,EO_SCENES_PRESENT
2026,ZJ-YQB,SENSOR_NOT_OPERATIONAL,0,NO_SCENES_FOUND,0,NONE,21,NONE,22,NONE,65,NO_QUALITY_SCENES,524,NONE,NONE_FOUND,UNKNOWN_NO_EVIDENCE_INVENTORY_AT_M21A,HARMONIC_MODELS_SELECTABLE_1985-2026_NOT_JOINED;PUBLIC_GAUGE_OBS_BLOCKED_POST_1997,EO_SCENES_PRESENT
