bay_id,month,sensor,n_groups_intersecting,n_groups_cloud_or_sar_pass
ZJ-HZB,1,landsat5,48,19
ZJ-HZB,1,landsat7,56,25
ZJ-HZB,1,landsat8,34,13
ZJ-HZB,1,landsat9,14,6
ZJ-HZB,1,sentinel1,3,3
ZJ-HZB,1,sentinel2,106,32
ZJ-HZB,2,landsat5,50,21
ZJ-HZB,2,landsat7,52,26
ZJ-HZB,2,landsat8,29,7
ZJ-HZB,2,landsat9,8,4
ZJ-HZB,2,sentinel1,2,2
ZJ-HZB,2,sentinel2,109,25
ZJ-HZB,3,landsat5,50,16
ZJ-HZB,3,landsat7,60,26
ZJ-HZB,3,landsat8,33,9
ZJ-HZB,3,landsat9,14,5
ZJ-HZB,3,sentinel1,2,2
ZJ-HZB,3,sentinel2,111,24
ZJ-HZB,4,landsat5,51,18
ZJ-HZB,4,landsat7,54,18
ZJ-HZB,4,landsat8,39,8
ZJ-HZB,4,landsat9,15,3
ZJ-HZB,4,sentinel1,4,4
ZJ-HZB,4,sentinel2,108,9
ZJ-HZB,5,landsat5,62,19
ZJ-HZB,5,landsat7,58,18
ZJ-HZB,5,landsat8,42,9
ZJ-HZB,5,landsat9,17,2
ZJ-HZB,5,sentinel1,2,2
ZJ-HZB,5,sentinel2,107,7
ZJ-HZB,6,landsat5,58,13
ZJ-HZB,6,landsat7,45,5
ZJ-HZB,6,landsat8,34,5
ZJ-HZB,6,landsat9,15,1
ZJ-HZB,6,sentinel1,3,3
ZJ-HZB,6,sentinel2,102,3
ZJ-HZB,7,landsat5,73,27
ZJ-HZB,7,landsat7,61,19
ZJ-HZB,7,landsat8,43,13
ZJ-HZB,7,landsat9,19,3
ZJ-HZB,7,sentinel1,5,5
ZJ-HZB,7,sentinel2,104,2
ZJ-HZB,8,landsat5,77,28
ZJ-HZB,8,landsat7,69,27
ZJ-HZB,8,landsat8,50,20
ZJ-HZB,8,landsat9,18,11
ZJ-HZB,8,sentinel1,6,6
ZJ-HZB,8,sentinel2,112,11
ZJ-HZB,9,landsat5,54,22
ZJ-HZB,9,landsat7,64,24
ZJ-HZB,9,landsat8,41,8
ZJ-HZB,9,landsat9,17,4
ZJ-HZB,9,sentinel2,105,15
ZJ-HZB,10,landsat5,62,27
ZJ-HZB,10,landsat7,65,20
ZJ-HZB,10,landsat8,37,7
ZJ-HZB,10,landsat9,10,1
ZJ-HZB,10,sentinel1,2,2
ZJ-HZB,10,sentinel2,96,16
ZJ-HZB,11,landsat5,49,18
ZJ-HZB,11,landsat7,65,25
ZJ-HZB,11,landsat8,36,15
ZJ-HZB,11,landsat9,12,4
ZJ-HZB,11,sentinel2,92,27
ZJ-HZB,12,landsat5,57,26
ZJ-HZB,12,landsat7,67,28
ZJ-HZB,12,landsat8,40,22
ZJ-HZB,12,landsat9,14,5
ZJ-HZB,12,sentinel2,108,34
ZJ-SMB,1,landsat5,51,12
ZJ-SMB,1,landsat7,58,15
ZJ-SMB,1,landsat8,33,13
ZJ-SMB,1,landsat9,15,6
ZJ-SMB,1,sentinel1,2,2
ZJ-SMB,1,sentinel2,101,26
ZJ-SMB,2,landsat5,51,23
ZJ-SMB,2,landsat7,48,17
ZJ-SMB,2,landsat8,25,3
ZJ-SMB,2,landsat9,9,2
ZJ-SMB,2,sentinel1,1,1
ZJ-SMB,2,sentinel2,98,17
ZJ-SMB,3,landsat5,41,15
ZJ-SMB,3,landsat7,57,19
ZJ-SMB,3,landsat8,36,9
ZJ-SMB,3,landsat9,13,6
ZJ-SMB,3,sentinel2,106,20
ZJ-SMB,4,landsat5,51,12
ZJ-SMB,4,landsat7,52,14
ZJ-SMB,4,landsat8,38,6
ZJ-SMB,4,landsat9,10,1
ZJ-SMB,4,sentinel1,1,1
ZJ-SMB,4,sentinel2,108,10
ZJ-SMB,5,landsat5,56,16
ZJ-SMB,5,landsat7,56,18
ZJ-SMB,5,landsat8,37,7
ZJ-SMB,5,landsat9,14,3
ZJ-SMB,5,sentinel1,1,1
ZJ-SMB,5,sentinel2,104,3
ZJ-SMB,6,landsat5,61,15
ZJ-SMB,6,landsat7,41,5
ZJ-SMB,6,landsat8,33,4
ZJ-SMB,6,landsat9,11,1
ZJ-SMB,6,sentinel1,1,1
ZJ-SMB,6,sentinel2,103,4
ZJ-SMB,7,landsat5,80,28
ZJ-SMB,7,landsat7,64,24
ZJ-SMB,7,landsat8,47,11
ZJ-SMB,7,landsat9,18,6
ZJ-SMB,7,sentinel1,1,1
ZJ-SMB,7,sentinel2,105,3
ZJ-SMB,8,landsat5,77,33
ZJ-SMB,8,landsat7,67,29
ZJ-SMB,8,landsat8,47,23
ZJ-SMB,8,landsat9,18,13
ZJ-SMB,8,sentinel1,2,2
ZJ-SMB,8,sentinel2,109,8
ZJ-SMB,9,landsat5,62,27
ZJ-SMB,9,landsat7,69,27
ZJ-SMB,9,landsat8,43,13
ZJ-SMB,9,landsat9,18,9
ZJ-SMB,9,sentinel2,107,18
ZJ-SMB,10,landsat5,62,19
ZJ-SMB,10,landsat7,72,20
ZJ-SMB,10,landsat8,38,12
ZJ-SMB,10,landsat9,11,3
ZJ-SMB,10,sentinel1,1,1
ZJ-SMB,10,sentinel2,98,19
ZJ-SMB,11,landsat5,54,26
ZJ-SMB,11,landsat7,59,18
ZJ-SMB,11,landsat8,32,14
ZJ-SMB,11,landsat9,11,4
ZJ-SMB,11,sentinel2,90,24
ZJ-SMB,12,landsat5,56,23
ZJ-SMB,12,landsat7,62,23
ZJ-SMB,12,landsat8,36,17
ZJ-SMB,12,landsat9,11,5
ZJ-SMB,12,sentinel2,106,32
ZJ-YQB,1,landsat5,26,6
ZJ-YQB,1,landsat7,32,9
ZJ-YQB,1,landsat8,15,4
ZJ-YQB,1,landsat9,6,2
ZJ-YQB,1,sentinel1,58,58
ZJ-YQB,1,sentinel2,107,31
ZJ-YQB,2,landsat5,25,10
ZJ-YQB,2,landsat7,21,6
ZJ-YQB,2,landsat8,16,2
ZJ-YQB,2,landsat9,4,0
ZJ-YQB,2,sentinel1,58,58
ZJ-YQB,2,sentinel2,102,20
ZJ-YQB,3,landsat5,25,7
ZJ-YQB,3,landsat7,29,10
ZJ-YQB,3,landsat8,19,3
ZJ-YQB,3,landsat9,6,1
ZJ-YQB,3,sentinel1,63,63
ZJ-YQB,3,sentinel2,111,25
ZJ-YQB,4,landsat5,27,5
ZJ-YQB,4,landsat7,31,3
ZJ-YQB,4,landsat8,15,1
ZJ-YQB,4,landsat9,8,1
ZJ-YQB,4,sentinel1,63,63
ZJ-YQB,4,sentinel2,110,11
ZJ-YQB,5,landsat5,29,10
ZJ-YQB,5,landsat7,28,5
ZJ-YQB,5,landsat8,20,1
ZJ-YQB,5,landsat9,5,1
ZJ-YQB,5,sentinel1,67,67
ZJ-YQB,5,sentinel2,107,5
ZJ-YQB,6,landsat5,32,5
ZJ-YQB,6,landsat7,24,2
ZJ-YQB,6,landsat8,18,0
ZJ-YQB,6,landsat9,6,0
ZJ-YQB,6,sentinel1,65,65
ZJ-YQB,6,sentinel2,103,4
ZJ-YQB,7,landsat5,47,11
ZJ-YQB,7,landsat7,34,9
ZJ-YQB,7,landsat8,24,4
ZJ-YQB,7,landsat9,9,1
ZJ-YQB,7,sentinel1,71,71
ZJ-YQB,7,sentinel2,105,3
ZJ-YQB,8,landsat5,47,15
ZJ-YQB,8,landsat7,41,13
ZJ-YQB,8,landsat8,25,12
ZJ-YQB,8,landsat9,9,4
ZJ-YQB,8,sentinel1,74,74
ZJ-YQB,8,sentinel2,111,10
ZJ-YQB,9,landsat5,33,8
ZJ-YQB,9,landsat7,41,14
ZJ-YQB,9,landsat8,24,1
ZJ-YQB,9,landsat9,8,1
ZJ-YQB,9,sentinel1,64,64
ZJ-YQB,9,sentinel2,112,22
ZJ-YQB,10,landsat5,35,8
ZJ-YQB,10,landsat7,39,9
ZJ-YQB,10,landsat8,22,2
ZJ-YQB,10,landsat9,6,0
ZJ-YQB,10,sentinel1,62,62
ZJ-YQB,10,sentinel2,104,27
ZJ-YQB,11,landsat5,31,13
ZJ-YQB,11,landsat7,34,7
ZJ-YQB,11,landsat8,17,6
ZJ-YQB,11,landsat9,6,2
ZJ-YQB,11,sentinel1,63,63
ZJ-YQB,11,sentinel2,91,24
ZJ-YQB,12,landsat5,28,9
ZJ-YQB,12,landsat7,36,15
ZJ-YQB,12,landsat8,18,8
ZJ-YQB,12,landsat9,6,2
ZJ-YQB,12,sentinel1,62,62
ZJ-YQB,12,sentinel2,115,37
