cell_id,record_date,land_fraction,water_fraction,intertidal_proxy,inundation_proxy,shoreline_source,shoreline_version,status,notes,row_fingerprint
ZJ_U51_10K_E029_N335,2000-09-15,,,,,NONE_DATE_SPECIFIC_SHORELINE_NOT_DERIVED,NONE,SIMULATED_NOT_DERIVED,"schema example only, NOT derived from any shoreline product; tide_context_status=MISSING permitted for M2.1b pipeline validation, not for final freeze",ccef69bb2e12aa59ad5578244a1cc9b9f5bdd10f625628de9c10ffa14e1403df
ZJ_U51_10K_E029_N335,2015-09-15,,,,,NONE_DATE_SPECIFIC_SHORELINE_NOT_DERIVED,NONE,SIMULATED_NOT_DERIVED,"schema example only, NOT derived from any shoreline product; tide_context_status=MISSING permitted for M2.1b pipeline validation, not for final freeze",055be1ee8fa025a87b41c6f68ecc833faa4ef25aa14aae69a527de5656c91954
ZJ_U51_10K_E029_N335,2025-09-15,,,,,NONE_DATE_SPECIFIC_SHORELINE_NOT_DERIVED,NONE,SIMULATED_NOT_DERIVED,"schema example only, NOT derived from any shoreline product; tide_context_status=MISSING permitted for M2.1b pipeline validation, not for final freeze",6b380c7375253bce07a567af2173647aef651dfe2951e3c88e6e6f9f65d03b7b
ZJ_U51_10K_E029_N335,2026-01-01,,,,,NONE_DATE_SPECIFIC_SHORELINE_NOT_DERIVED,NONE,MISSING,no date-specific coastal state exists at M2.1a2,b08f1294d634f68f3d4cdf3afd3880fc4c48f0a493588475c0faf03f98b59644
ZJ_U51_10K_E034_N320,2000-09-15,,,,,NONE_DATE_SPECIFIC_SHORELINE_NOT_DERIVED,NONE,SIMULATED_NOT_DERIVED,"schema example only, NOT derived from any shoreline product; tide_context_status=MISSING permitted for M2.1b pipeline validation, not for final freeze",3f3b0cefc1d4c176fb8e6a01a85638049cf102ec273696fdd61a58d93af2a5d5
ZJ_U51_10K_E034_N320,2015-09-15,,,,,NONE_DATE_SPECIFIC_SHORELINE_NOT_DERIVED,NONE,SIMULATED_NOT_DERIVED,"schema example only, NOT derived from any shoreline product; tide_context_status=MISSING permitted for M2.1b pipeline validation, not for final freeze",e6bea5eab46187daa3d1c43ee5dc3fb3e0d63f7bc18a325dd06f66300c581c00
ZJ_U51_10K_E034_N320,2025-09-15,,,,,NONE_DATE_SPECIFIC_SHORELINE_NOT_DERIVED,NONE,SIMULATED_NOT_DERIVED,"schema example only, NOT derived from any shoreline product; tide_context_status=MISSING permitted for M2.1b pipeline validation, not for final freeze",8f70d1a94480e3c79f0cafcb1c9bf577fcb52e23ed41442c688b0c26c8328db5
ZJ_U51_10K_E034_N320,2026-01-01,,,,,NONE_DATE_SPECIFIC_SHORELINE_NOT_DERIVED,NONE,MISSING,no date-specific coastal state exists at M2.1a2,93538b40e0edf2ee6863e96485a04367693a8d5c5a6dbaf88c04cd084d89f7b6
ZJ_U51_10K_E029_N309,2000-09-15,,,,,NONE_DATE_SPECIFIC_SHORELINE_NOT_DERIVED,NONE,SIMULATED_NOT_DERIVED,"schema example only, NOT derived from any shoreline product; tide_context_status=MISSING permitted for M2.1b pipeline validation, not for final freeze",ada9476a3e47b4b3fe7b47d85695615072c92a86e8b9bb508cf68a287c742447
ZJ_U51_10K_E029_N309,2015-09-15,,,,,NONE_DATE_SPECIFIC_SHORELINE_NOT_DERIVED,NONE,SIMULATED_NOT_DERIVED,"schema example only, NOT derived from any shoreline product; tide_context_status=MISSING permitted for M2.1b pipeline validation, not for final freeze",2985ccacd23dfe88e4b3697d58180ac40d54ae94f6e81318e24dcb68e8c76387
ZJ_U51_10K_E029_N309,2025-09-15,,,,,NONE_DATE_SPECIFIC_SHORELINE_NOT_DERIVED,NONE,SIMULATED_NOT_DERIVED,"schema example only, NOT derived from any shoreline product; tide_context_status=MISSING permitted for M2.1b pipeline validation, not for final freeze",6118f5685f7008da031e2838a8669a2e966ecc2e31a3da997f3019d06954939c
ZJ_U51_10K_E029_N309,2026-01-01,,,,,NONE_DATE_SPECIFIC_SHORELINE_NOT_DERIVED,NONE,MISSING,no date-specific coastal state exists at M2.1a2,e71fc0006ec256543f466f9c68490d39454f07dccc030ce27e321bc67374618b
