cell_id,location_description,current_reason,agent_recommendation,confidence,decisive_evidence,unresolved_caveat,OWNER_DECISION
CNA10K-R00231-C00093,"Pearl River estuary / Wanshan setting; cell centre 113.97E, 21.90N","UNADMINISTERED_LAND: GSHHS-h land 1.45% of cell, no admin polygon in Natural Earth 10 m; deterministic rule returns PROVISIONAL_UNRESOLVED",KEEP_ISLAND_COASTAL,MEDIUM,"GSHHS full resolution confirms one real 2.868 km2 island (rep 114.005E, 21.860N); nearest PRC-administered landfall 27.6 km, nearest foreign land 621.6 km; only the fixed 25 km island reach blocks KEEP",Requires owner-approved v1.1 verified-offshore-island extension beyond the 25 km reach; formal island name TODO_VERIFY against the official island register,
CNA10K-R00263-C00134,"Kinmen archipelago, 7.7 km off the Fujian mainland; cell centre 118.27E, 24.38N",CONTESTED_ADMIN_NEARSHORE: 9.86% of cell is land Natural Earth attributes to Taiwan (contested); 2.80% PRC nearshore islets (h-level rule evidence),KEEP_ISLAND_COASTAL,LOW_POLICY_HIGH_GEOGRAPHY,"GSHHS land 14.30% (h); contested 9.86% / 9.74% (h/f); PRC nearshore islets 2.80%; cell 7.7 km from China mainland, 468 km from foreign-administered land",Conditional on one explicit programme decision to include contested-admin nearshore cells with a standing disclaimer; alternative is EXCLUDE_DOMAIN_ARTIFACT; the same policy answer applies to all five Kinmen cells,
CNA10K-R00264-C00134,"Kinmen archipelago, 3.0 km off the Fujian mainland; cell centre 118.28E, 24.47N",CONTESTED_ADMIN_NEARSHORE: 23.40% contested-admin land; 9.34% PRC nearshore islets (h-level rule evidence),KEEP_ISLAND_COASTAL,LOW_POLICY_HIGH_GEOGRAPHY,"GSHHS land 32.78% (h); contested 23.40% / 23.74% (h/f); PRC islets 9.34%; cell 3.0 km from China mainland, 467 km from foreign-administered land","Same contested-territory policy gate as the other four Kinmen cells; include only under a standing disclaimer, else EXCLUDE_DOMAIN_ARTIFACT",
CNA10K-R00264-C00135,"Core Kinmen island cell, 8.9 km off the Fujian mainland; cell centre 118.38E, 24.45N",CONTESTED_ADMIN_NEARSHORE: 59.92% of cell is the 142 km2 Kinmen island polygon (Natural Earth 'Taiwan'); no PRC-admin land,KEEP_ISLAND_COASTAL,LOW_POLICY_HIGH_GEOGRAPHY,"GSHHS land 63.44% (h); contested 59.92% / 60.07% (h/f); zero PRC islet area; cell 8.9 km from China mainland, 457 km from foreign-administered land","Inclusion is a programme sovereignty-posture decision, not a GIS result; include-with-disclaimer or EXCLUDE_DOMAIN_ARTIFACT; one answer for all five Kinmen cells",
CNA10K-R00264-C00136,"Kinmen archipelago, 5.6 km off the Fujian mainland; cell centre 118.48E, 24.44N",CONTESTED_ADMIN_NEARSHORE: 22.88% contested-admin land; 0.43% PRC nearshore islet (h-level rule evidence),KEEP_ISLAND_COASTAL,LOW_POLICY_HIGH_GEOGRAPHY,"GSHHS land 27.41% (h); contested 22.88% / 22.74% (h/f); PRC islet 0.43%; cell 5.6 km from China mainland, 447 km from foreign-administered land","Same contested-territory policy gate; include only under standing disclaimer, else EXCLUDE_DOMAIN_ARTIFACT",
CNA10K-R00265-C00136,"Kinmen archipelago, 0.9 km off the Fujian mainland; cell centre 118.49E, 24.53N",CONTESTED_ADMIN_NEARSHORE: 1.94% contested-admin land; 0.47% PRC nearshore islet (h-level rule evidence),KEEP_ISLAND_COASTAL,LOW_POLICY_HIGH_GEOGRAPHY,"GSHHS land 2.41% (h); contested 1.94% / 1.83% (h/f); PRC islet 0.47%; cell 0.9 km from China mainland, 446 km from foreign-administered land","Same contested-territory policy gate; include only under standing disclaimer, else EXCLUDE_DOMAIN_ARTIFACT",
CNA10K-R00283-C00149,"Matsu channel / Juguang setting; cell centre 120.03E, 25.97N","UNADMINISTERED_LAND: GSHHS-h land 2.13% of cell, no admin polygon in Natural Earth 10 m; 27.3 km from China mainland, beyond the 25 km reach",REMAIN_PROVISIONAL,MEDIUM,"GSHHS-f confirms a real 2.890 km2 land polygon at 119.979E, 25.959N; nearest PRC landfall 27.7 km, foreign land 331.9 km; coordinates are consistent with the Taiwan-administered Juguang islands of the Matsu group (formal attribution TODO_VERIFY)",Strictly-nearest-PRC-landfall condition cannot be safely evaluated against a contested island group that Natural Earth omits; needs higher-resolution admin evidence or owner attestation; must not silently become KEEP through the offshore-island extension,
CNA10K-R00314-C00162,"Dachen setting, central Zhejiang offshore; cell centre 121.83E, 28.53N","UNADMINISTERED_LAND: GSHHS-h land 1.55% of cell, no admin polygon in Natural Earth 10 m; cell 18.3 km from China mainland but f-level island rep 27.7 km out, beyond the 25 km reach",KEEP_ISLAND_COASTAL,HIGH,"GSHHS-f confirms the 9.643 km2 Dachen main island at 121.893E, 28.494N; PRC landfall 25.3-27.7 km; nearest foreign land 334.6 km; only the fixed reach blocks KEEP",Requires owner-approved v1.1 verified-offshore-island extension beyond the 25 km reach; formal island name TODO_VERIFY against the official island register,
CNA10K-R00314-C00163,"Dachen setting, central Zhejiang offshore; cell centre 121.94E, 28.51N","UNADMINISTERED_LAND: GSHHS-h land 8.38% of cell, no admin polygon in Natural Earth 10 m; cell 26.4 km from China mainland, beyond the 25 km reach",KEEP_ISLAND_COASTAL,HIGH,"Same GSHHS-f 9.643 km2 Dachen main island (121.893E, 28.494N) extends into this cell; PRC landfall 27.7-31.1 km; nearest foreign land 327.9 km",Requires owner-approved v1.1 verified-offshore-island extension; formal island name TODO_VERIFY against the official island register,
CNA10K-R00316-C00163,"Dongji setting, central Zhejiang offshore; cell centre 121.97E, 28.69N","UNADMINISTERED_LAND: GSHHS-h land 1.30% of cell, no admin polygon in Natural Earth 10 m; cell 26.3 km from China mainland, beyond the 25 km reach",KEEP_ISLAND_COASTAL,HIGH,"GSHHS-f confirms a real 2.967 km2 island at 121.919E, 28.715N; PRC landfall 26.2-27.3 km; nearest foreign land 343.3 km; only the fixed reach blocks KEEP",Requires owner-approved v1.1 verified-offshore-island extension; formal island name TODO_VERIFY against the official island register,
