run_id,model,variant,seed,status,above_threshold_fraction,area_ha,component_id,component_pixels,component_response,covered_pixels,label_index,mean_prob,median_prob
deeplabv3plus_full_seed-17_20260927T081240Z,deeplabv3plus,full,17.0,COMPLETED,1.0,1.89,weakcand-0233,21,1,21,234,0.9219198822975159,0.927405059337616
deeplabv3plus_full_seed-17_20260927T081240Z,deeplabv3plus,full,17.0,COMPLETED,0.8,0.9,weakcand-0267,10,1,10,268,0.6964312791824341,0.6967986822128296
deeplabv3plus_full_seed-17_20260927T081240Z,deeplabv3plus,full,17.0,COMPLETED,1.0,1.08,weakcand-0285,12,1,12,286,0.8833668231964111,0.8829720616340637
deeplabv3plus_full_seed-17_20260927T081240Z,deeplabv3plus,full,17.0,COMPLETED,1.0,2.16,weakcand-0300,24,1,24,301,0.9033694863319397,0.9020755290985107
deeplabv3plus_full_seed-17_20260927T081240Z,deeplabv3plus,full,17.0,COMPLETED,0.0625,1.44,weakcand-0369,16,0,16,370,0.4504336416721344,0.44002455472946167
deeplabv3plus_full_seed-17_20260927T081240Z,deeplabv3plus,full,17.0,COMPLETED,0.8,9.9,weakcand-0382,110,1,110,383,0.6968278884887695,0.7582724094390869
deeplabv3plus_full_seed-17_20260927T081240Z,deeplabv3plus,full,17.0,COMPLETED,0.5454545454545454,2.79,weakcand-0422,31,1,11,423,0.6180047392845154,0.6412021517753601
deeplabv3plus_full_seed-2026_20260927T081333Z,deeplabv3plus,full,2026.0,COMPLETED,1.0,1.89,weakcand-0233,21,1,21,234,0.9731995463371277,0.9807922840118408
deeplabv3plus_full_seed-2026_20260927T081333Z,deeplabv3plus,full,2026.0,COMPLETED,1.0,0.9,weakcand-0267,10,1,10,268,0.6018338799476624,0.5695749521255493
deeplabv3plus_full_seed-2026_20260927T081333Z,deeplabv3plus,full,2026.0,COMPLETED,1.0,1.08,weakcand-0285,12,1,12,286,0.704157829284668,0.7695671319961548
deeplabv3plus_full_seed-2026_20260927T081333Z,deeplabv3plus,full,2026.0,COMPLETED,1.0,2.16,weakcand-0300,24,1,24,301,0.8549864888191223,0.8692308664321899
deeplabv3plus_full_seed-2026_20260927T081333Z,deeplabv3plus,full,2026.0,COMPLETED,0.0625,1.44,weakcand-0369,16,0,16,370,0.0250148493796587,0.009220072999596596
deeplabv3plus_full_seed-2026_20260927T081333Z,deeplabv3plus,full,2026.0,COMPLETED,0.7363636363636363,9.9,weakcand-0382,110,1,110,383,0.5128149390220642,0.6320582628250122
deeplabv3plus_full_seed-2026_20260927T081333Z,deeplabv3plus,full,2026.0,COMPLETED,1.0,2.79,weakcand-0422,31,1,11,423,0.728384792804718,0.783115804195404
deeplabv3plus_full_seed-42_20260927T081333Z,deeplabv3plus,full,42.0,COMPLETED,1.0,1.89,weakcand-0233,21,1,21,234,0.9636176824569702,0.9875633716583252
deeplabv3plus_full_seed-42_20260927T081333Z,deeplabv3plus,full,42.0,COMPLETED,0.9,0.9,weakcand-0267,10,1,10,268,0.39119189977645874,0.2865973114967346
deeplabv3plus_full_seed-42_20260927T081333Z,deeplabv3plus,full,42.0,COMPLETED,0.5,1.08,weakcand-0285,12,1,12,286,0.26899978518486023,0.1426994651556015
deeplabv3plus_full_seed-42_20260927T081333Z,deeplabv3plus,full,42.0,COMPLETED,0.7916666666666666,2.16,weakcand-0300,24,1,24,301,0.4201219081878662,0.42594122886657715
deeplabv3plus_full_seed-42_20260927T081333Z,deeplabv3plus,full,42.0,COMPLETED,0.0,1.44,weakcand-0369,16,0,16,370,0.012219719588756561,0.002279763575643301
deeplabv3plus_full_seed-42_20260927T081333Z,deeplabv3plus,full,42.0,COMPLETED,0.5454545454545454,9.9,weakcand-0382,110,1,110,383,0.37684008479118347,0.13758541643619537
deeplabv3plus_full_seed-42_20260927T081333Z,deeplabv3plus,full,42.0,COMPLETED,0.7272727272727273,2.79,weakcand-0422,31,1,11,423,0.2743638753890991,0.2187928706407547
deeplabv3plus_optical_seed-17_20260927T080905Z,deeplabv3plus,optical,17.0,COMPLETED,1.0,1.89,weakcand-0233,21,1,21,234,0.9949606657028198,0.9962446689605713
deeplabv3plus_optical_seed-17_20260927T080905Z,deeplabv3plus,optical,17.0,COMPLETED,1.0,0.9,weakcand-0267,10,1,10,268,0.7965229153633118,0.8381892442703247
deeplabv3plus_optical_seed-17_20260927T080905Z,deeplabv3plus,optical,17.0,COMPLETED,0.5,1.08,weakcand-0285,12,1,12,286,0.32808756828308105,0.13508322834968567
deeplabv3plus_optical_seed-17_20260927T080905Z,deeplabv3plus,optical,17.0,COMPLETED,1.0,2.16,weakcand-0300,24,1,24,301,0.681161105632782,0.7431460022926331
deeplabv3plus_optical_seed-17_20260927T080905Z,deeplabv3plus,optical,17.0,COMPLETED,0.375,1.44,weakcand-0369,16,0,16,370,0.14175722002983093,0.0469539538025856
deeplabv3plus_optical_seed-17_20260927T080905Z,deeplabv3plus,optical,17.0,COMPLETED,0.9272727272727272,9.9,weakcand-0382,110,1,110,383,0.7659773230552673,0.9168885946273804
deeplabv3plus_optical_seed-17_20260927T080905Z,deeplabv3plus,optical,17.0,COMPLETED,0.9583333333333334,2.79,weakcand-0422,31,1,24,423,0.479149729013443,0.3959365785121918
deeplabv3plus_optical_seed-2026_20260927T080951Z,deeplabv3plus,optical,2026.0,COMPLETED,1.0,1.89,weakcand-0233,21,1,21,234,0.8890599608421326,0.9006859660148621
deeplabv3plus_optical_seed-2026_20260927T080951Z,deeplabv3plus,optical,2026.0,COMPLETED,1.0,0.9,weakcand-0267,10,1,10,268,0.566475510597229,0.5346217155456543
deeplabv3plus_optical_seed-2026_20260927T080951Z,deeplabv3plus,optical,2026.0,COMPLETED,0.9166666666666666,1.08,weakcand-0285,12,1,12,286,0.4273453652858734,0.42611536383628845
deeplabv3plus_optical_seed-2026_20260927T080951Z,deeplabv3plus,optical,2026.0,COMPLETED,1.0,2.16,weakcand-0300,24,1,24,301,0.46159276366233826,0.42333757877349854
deeplabv3plus_optical_seed-2026_20260927T080951Z,deeplabv3plus,optical,2026.0,COMPLETED,0.0,1.44,weakcand-0369,16,0,16,370,0.011022547259926796,0.006399195641279221
deeplabv3plus_optical_seed-2026_20260927T080951Z,deeplabv3plus,optical,2026.0,COMPLETED,0.8181818181818182,9.9,weakcand-0382,110,1,110,383,0.3773055374622345,0.3666079044342041
deeplabv3plus_optical_seed-2026_20260927T080951Z,deeplabv3plus,optical,2026.0,COMPLETED,0.9583333333333334,2.79,weakcand-0422,31,1,24,423,0.199154332280159,0.18686529994010925
deeplabv3plus_optical_seed-42_20260927T080905Z,deeplabv3plus,optical,42.0,COMPLETED,1.0,1.89,weakcand-0233,21,1,21,234,0.9321375489234924,0.9467448592185974
deeplabv3plus_optical_seed-42_20260927T080905Z,deeplabv3plus,optical,42.0,COMPLETED,0.7,0.9,weakcand-0267,10,1,10,268,0.40863656997680664,0.36314308643341064
deeplabv3plus_optical_seed-42_20260927T080905Z,deeplabv3plus,optical,42.0,COMPLETED,0.3333333333333333,1.08,weakcand-0285,12,0,12,286,0.28119978308677673,0.10460695624351501
deeplabv3plus_optical_seed-42_20260927T080905Z,deeplabv3plus,optical,42.0,COMPLETED,0.6666666666666666,2.16,weakcand-0300,24,1,24,301,0.40514707565307617,0.31807762384414673
deeplabv3plus_optical_seed-42_20260927T080905Z,deeplabv3plus,optical,42.0,COMPLETED,0.0,1.44,weakcand-0369,16,0,16,370,0.016392754390835762,0.00866222009062767
deeplabv3plus_optical_seed-42_20260927T080905Z,deeplabv3plus,optical,42.0,COMPLETED,0.6363636363636364,9.9,weakcand-0382,110,1,110,383,0.4846791923046112,0.5467116832733154
deeplabv3plus_optical_seed-42_20260927T080905Z,deeplabv3plus,optical,42.0,COMPLETED,0.75,2.79,weakcand-0422,31,1,24,423,0.3591044843196869,0.33492952585220337
deeplabv3plus_optical_indices_seed-17_20260927T080951Z,deeplabv3plus,optical_indices,17.0,COMPLETED,1.0,1.89,weakcand-0233,21,1,21,234,0.9743120074272156,0.989318311214447
deeplabv3plus_optical_indices_seed-17_20260927T080951Z,deeplabv3plus,optical_indices,17.0,COMPLETED,0.5,0.9,weakcand-0267,10,1,10,268,0.27807751297950745,0.1667548418045044
deeplabv3plus_optical_indices_seed-17_20260927T080951Z,deeplabv3plus,optical_indices,17.0,COMPLETED,0.9166666666666666,1.08,weakcand-0285,12,1,12,286,0.6731420159339905,0.7458558082580566
deeplabv3plus_optical_indices_seed-17_20260927T080951Z,deeplabv3plus,optical_indices,17.0,COMPLETED,1.0,2.16,weakcand-0300,24,1,24,301,0.812000572681427,0.8810417652130127
deeplabv3plus_optical_indices_seed-17_20260927T080951Z,deeplabv3plus,optical_indices,17.0,COMPLETED,0.125,1.44,weakcand-0369,16,0,16,370,0.05848505347967148,0.01012684777379036
deeplabv3plus_optical_indices_seed-17_20260927T080951Z,deeplabv3plus,optical_indices,17.0,COMPLETED,0.8727272727272727,9.9,weakcand-0382,110,1,110,383,0.7672764658927917,0.9708524942398071
deeplabv3plus_optical_indices_seed-17_20260927T080951Z,deeplabv3plus,optical_indices,17.0,COMPLETED,1.0,2.79,weakcand-0422,31,1,12,423,0.940520703792572,0.9566087126731873
deeplabv3plus_optical_indices_seed-2026_20260927T081046Z,deeplabv3plus,optical_indices,2026.0,COMPLETED,1.0,1.89,weakcand-0233,21,1,21,234,0.95660001039505,0.9912722706794739
deeplabv3plus_optical_indices_seed-2026_20260927T081046Z,deeplabv3plus,optical_indices,2026.0,COMPLETED,1.0,0.9,weakcand-0267,10,1,10,268,0.6082954406738281,0.5685993432998657
deeplabv3plus_optical_indices_seed-2026_20260927T081046Z,deeplabv3plus,optical_indices,2026.0,COMPLETED,0.3333333333333333,1.08,weakcand-0285,12,0,12,286,0.19684357941150665,0.020683687180280685
deeplabv3plus_optical_indices_seed-2026_20260927T081046Z,deeplabv3plus,optical_indices,2026.0,COMPLETED,0.7083333333333334,2.16,weakcand-0300,24,1,24,301,0.4024217128753662,0.2553167939186096
deeplabv3plus_optical_indices_seed-2026_20260927T081046Z,deeplabv3plus,optical_indices,2026.0,COMPLETED,0.0,1.44,weakcand-0369,16,0,16,370,0.012110285460948944,0.003583110636100173
deeplabv3plus_optical_indices_seed-2026_20260927T081046Z,deeplabv3plus,optical_indices,2026.0,COMPLETED,0.7363636363636363,9.9,weakcand-0382,110,1,110,383,0.45539194345474243,0.4615599513053894
deeplabv3plus_optical_indices_seed-2026_20260927T081046Z,deeplabv3plus,optical_indices,2026.0,COMPLETED,0.75,2.79,weakcand-0422,31,1,12,423,0.20939254760742188,0.1266971230506897
deeplabv3plus_optical_indices_seed-42_20260927T081046Z,deeplabv3plus,optical_indices,42.0,COMPLETED,1.0,1.89,weakcand-0233,21,1,21,234,0.9904335737228394,0.995365560054779
deeplabv3plus_optical_indices_seed-42_20260927T081046Z,deeplabv3plus,optical_indices,42.0,COMPLETED,0.9,0.9,weakcand-0267,10,1,10,268,0.700965404510498,0.7157092094421387
deeplabv3plus_optical_indices_seed-42_20260927T081046Z,deeplabv3plus,optical_indices,42.0,COMPLETED,0.9166666666666666,1.08,weakcand-0285,12,1,12,286,0.7333135008811951,0.7999938130378723
deeplabv3plus_optical_indices_seed-42_20260927T081046Z,deeplabv3plus,optical_indices,42.0,COMPLETED,1.0,2.16,weakcand-0300,24,1,24,301,0.9316916465759277,0.9476717710494995
deeplabv3plus_optical_indices_seed-42_20260927T081046Z,deeplabv3plus,optical_indices,42.0,COMPLETED,0.0,1.44,weakcand-0369,16,0,16,370,0.06996530294418335,0.03728171065449715
deeplabv3plus_optical_indices_seed-42_20260927T081046Z,deeplabv3plus,optical_indices,42.0,COMPLETED,0.8454545454545455,9.9,weakcand-0382,110,1,110,383,0.7576892375946045,0.9255853891372681
deeplabv3plus_optical_indices_seed-42_20260927T081046Z,deeplabv3plus,optical_indices,42.0,COMPLETED,1.0,2.79,weakcand-0422,31,1,12,423,0.8750162124633789,0.9177383184432983
deeplabv3plus_optical_sar_seed-17_20260927T081154Z,deeplabv3plus,optical_sar,17.0,COMPLETED,1.0,1.89,weakcand-0233,21,1,21,234,0.9969309568405151,0.9977646470069885
deeplabv3plus_optical_sar_seed-17_20260927T081154Z,deeplabv3plus,optical_sar,17.0,COMPLETED,0.6,0.9,weakcand-0267,10,1,10,268,0.7055811285972595,0.7066606879234314
deeplabv3plus_optical_sar_seed-17_20260927T081154Z,deeplabv3plus,optical_sar,17.0,COMPLETED,0.9166666666666666,1.08,weakcand-0285,12,1,12,286,0.8115749359130859,0.8975022435188293
deeplabv3plus_optical_sar_seed-17_20260927T081154Z,deeplabv3plus,optical_sar,17.0,COMPLETED,1.0,2.16,weakcand-0300,24,1,24,301,0.9744622111320496,0.9836258888244629
deeplabv3plus_optical_sar_seed-17_20260927T081154Z,deeplabv3plus,optical_sar,17.0,COMPLETED,0.25,1.44,weakcand-0369,16,0,16,370,0.3459439277648926,0.20488807559013367
deeplabv3plus_optical_sar_seed-17_20260927T081154Z,deeplabv3plus,optical_sar,17.0,COMPLETED,0.8181818181818182,9.9,weakcand-0382,110,1,110,383,0.8244196176528931,0.9710705280303955
deeplabv3plus_optical_sar_seed-17_20260927T081154Z,deeplabv3plus,optical_sar,17.0,COMPLETED,0.9090909090909091,2.79,weakcand-0422,31,1,11,423,0.8442122936248779,0.9090434908866882
deeplabv3plus_optical_sar_seed-2026_20260927T081241Z,deeplabv3plus,optical_sar,2026.0,COMPLETED,1.0,1.89,weakcand-0233,21,1,21,234,0.9921991229057312,0.9965510964393616
deeplabv3plus_optical_sar_seed-2026_20260927T081241Z,deeplabv3plus,optical_sar,2026.0,COMPLETED,1.0,0.9,weakcand-0267,10,1,10,268,0.5799849033355713,0.5956494808197021
deeplabv3plus_optical_sar_seed-2026_20260927T081241Z,deeplabv3plus,optical_sar,2026.0,COMPLETED,1.0,1.08,weakcand-0285,12,1,12,286,0.7797539234161377,0.8614153861999512
deeplabv3plus_optical_sar_seed-2026_20260927T081241Z,deeplabv3plus,optical_sar,2026.0,COMPLETED,1.0,2.16,weakcand-0300,24,1,24,301,0.9324650764465332,0.9595127701759338
deeplabv3plus_optical_sar_seed-2026_20260927T081241Z,deeplabv3plus,optical_sar,2026.0,COMPLETED,0.9375,1.44,weakcand-0369,16,1,16,370,0.19301751255989075,0.16144226491451263
deeplabv3plus_optical_sar_seed-2026_20260927T081241Z,deeplabv3plus,optical_sar,2026.0,COMPLETED,0.9454545454545454,9.9,weakcand-0382,110,1,110,383,0.6302094459533691,0.757371187210083
deeplabv3plus_optical_sar_seed-2026_20260927T081241Z,deeplabv3plus,optical_sar,2026.0,COMPLETED,1.0,2.79,weakcand-0422,31,1,11,423,0.8795789480209351,0.907888650894165
deeplabv3plus_optical_sar_seed-42_20260927T081154Z,deeplabv3plus,optical_sar,42.0,COMPLETED,1.0,1.89,weakcand-0233,21,1,21,234,0.9762585759162903,0.9825308322906494
deeplabv3plus_optical_sar_seed-42_20260927T081154Z,deeplabv3plus,optical_sar,42.0,COMPLETED,0.9,0.9,weakcand-0267,10,1,10,268,0.41985711455345154,0.3221387565135956
deeplabv3plus_optical_sar_seed-42_20260927T081154Z,deeplabv3plus,optical_sar,42.0,COMPLETED,1.0,1.08,weakcand-0285,12,1,12,286,0.8466014862060547,0.8977766036987305
deeplabv3plus_optical_sar_seed-42_20260927T081154Z,deeplabv3plus,optical_sar,42.0,COMPLETED,1.0,2.16,weakcand-0300,24,1,24,301,0.9187598824501038,0.9232621192932129
deeplabv3plus_optical_sar_seed-42_20260927T081154Z,deeplabv3plus,optical_sar,42.0,COMPLETED,0.25,1.44,weakcand-0369,16,0,16,370,0.09397387504577637,0.054120153188705444
deeplabv3plus_optical_sar_seed-42_20260927T081154Z,deeplabv3plus,optical_sar,42.0,COMPLETED,0.8,9.9,weakcand-0382,110,1,110,383,0.48636358976364136,0.5662577152252197
deeplabv3plus_optical_sar_seed-42_20260927T081154Z,deeplabv3plus,optical_sar,42.0,COMPLETED,1.0,2.79,weakcand-0422,31,1,11,423,0.6096034646034241,0.6255775094032288
random_forest_full_seed-17_20260927T075734Z,random_forest,full,17.0,COMPLETED,0.047619047619047616,1.89,weakcand-0233,21,0,21,234,0.0045274593867361546,0.0
random_forest_full_seed-17_20260927T075734Z,random_forest,full,17.0,COMPLETED,0.1,0.9,weakcand-0267,10,0,10,268,0.03384402394294739,0.0029884623363614082
random_forest_full_seed-17_20260927T075734Z,random_forest,full,17.0,COMPLETED,0.08333333333333333,1.08,weakcand-0285,12,0,12,286,0.012518172152340412,0.006865943782031536
random_forest_full_seed-17_20260927T075734Z,random_forest,full,17.0,COMPLETED,0.0,2.16,weakcand-0300,24,0,24,301,0.007053399924188852,0.001980799250304699
random_forest_full_seed-17_20260927T075734Z,random_forest,full,17.0,COMPLETED,0.125,1.44,weakcand-0369,16,0,16,370,0.01594490185379982,0.0
random_forest_full_seed-17_20260927T075734Z,random_forest,full,17.0,COMPLETED,0.5272727272727272,9.9,weakcand-0382,110,1,110,383,0.22886179387569427,0.09464412927627563
random_forest_full_seed-17_20260927T075734Z,random_forest,full,17.0,COMPLETED,0.8181818181818182,2.79,weakcand-0422,31,1,11,423,0.47845059633255005,0.455521821975708
random_forest_full_seed-2026_20260927T075808Z,random_forest,full,2026.0,COMPLETED,0.047619047619047616,1.89,weakcand-0233,21,0,21,234,0.006148576736450195,0.0
random_forest_full_seed-2026_20260927T075808Z,random_forest,full,2026.0,COMPLETED,0.1,0.9,weakcand-0267,10,0,10,268,0.03307925909757614,0.0010000000474974513
random_forest_full_seed-2026_20260927T075808Z,random_forest,full,2026.0,COMPLETED,0.08333333333333333,1.08,weakcand-0285,12,0,12,286,0.012556853704154491,0.003914205357432365
random_forest_full_seed-2026_20260927T075808Z,random_forest,full,2026.0,COMPLETED,0.0,2.16,weakcand-0300,24,0,24,301,0.006764862220734358,0.0029656803235411644
random_forest_full_seed-2026_20260927T075808Z,random_forest,full,2026.0,COMPLETED,0.125,1.44,weakcand-0369,16,0,16,370,0.016439661383628845,0.0
random_forest_full_seed-2026_20260927T075808Z,random_forest,full,2026.0,COMPLETED,0.5363636363636364,9.9,weakcand-0382,110,1,110,383,0.22707049548625946,0.08661304414272308
random_forest_full_seed-2026_20260927T075808Z,random_forest,full,2026.0,COMPLETED,0.8181818181818182,2.79,weakcand-0422,31,1,11,423,0.4723064601421356,0.45612168312072754
random_forest_full_seed-42_20260927T075751Z,random_forest,full,42.0,COMPLETED,0.047619047619047616,1.89,weakcand-0233,21,0,21,234,0.007630821317434311,0.0
random_forest_full_seed-42_20260927T075751Z,random_forest,full,42.0,COMPLETED,0.1,0.9,weakcand-0267,10,0,10,268,0.04160458594560623,0.0019639930687844753
random_forest_full_seed-42_20260927T075751Z,random_forest,full,42.0,COMPLETED,0.08333333333333333,1.08,weakcand-0285,12,0,12,286,0.014348861761391163,0.00893799401819706
random_forest_full_seed-42_20260927T075751Z,random_forest,full,42.0,COMPLETED,0.0,2.16,weakcand-0300,24,0,24,301,0.008072727359831333,0.004908278118818998
random_forest_full_seed-42_20260927T075751Z,random_forest,full,42.0,COMPLETED,0.125,1.44,weakcand-0369,16,0,16,370,0.0171758271753788,0.0
random_forest_full_seed-42_20260927T075751Z,random_forest,full,42.0,COMPLETED,0.5363636363636364,9.9,weakcand-0382,110,1,110,383,0.23064365983009338,0.09232696890830994
random_forest_full_seed-42_20260927T075751Z,random_forest,full,42.0,COMPLETED,0.8181818181818182,2.79,weakcand-0422,31,1,11,423,0.483999639749527,0.4658597409725189
random_forest_optical_seed-17_20260927T075450Z,random_forest,optical,17.0,COMPLETED,0.047619047619047616,1.89,weakcand-0233,21,0,21,234,0.013525761663913727,0.0019348592031747103
random_forest_optical_seed-17_20260927T075450Z,random_forest,optical,17.0,COMPLETED,0.1,0.9,weakcand-0267,10,0,10,268,0.09982744604349136,0.003948458004742861
random_forest_optical_seed-17_20260927T075450Z,random_forest,optical,17.0,COMPLETED,0.16666666666666666,1.08,weakcand-0285,12,0,12,286,0.046498555690050125,0.009898776188492775
random_forest_optical_seed-17_20260927T075450Z,random_forest,optical,17.0,COMPLETED,0.16666666666666666,2.16,weakcand-0300,24,0,24,301,0.0476093590259552,0.004977948032319546
random_forest_optical_seed-17_20260927T075450Z,random_forest,optical,17.0,COMPLETED,0.1875,1.44,weakcand-0369,16,0,16,370,0.022750984877347946,0.0
random_forest_optical_seed-17_20260927T075450Z,random_forest,optical,17.0,COMPLETED,0.5909090909090909,9.9,weakcand-0382,110,1,110,383,0.27326804399490356,0.190972238779068
random_forest_optical_seed-17_20260927T075450Z,random_forest,optical,17.0,COMPLETED,0.875,2.79,weakcand-0422,31,1,24,423,0.40782931447029114,0.3640923500061035
random_forest_optical_seed-2026_20260927T075534Z,random_forest,optical,2026.0,COMPLETED,0.047619047619047616,1.89,weakcand-0233,21,0,21,234,0.00869898684322834,0.0
random_forest_optical_seed-2026_20260927T075534Z,random_forest,optical,2026.0,COMPLETED,0.1,0.9,weakcand-0267,10,0,10,268,0.09749742597341537,0.001993857091292739
random_forest_optical_seed-2026_20260927T075534Z,random_forest,optical,2026.0,COMPLETED,0.16666666666666666,1.08,weakcand-0285,12,0,12,286,0.03992493450641632,0.0069189295172691345
random_forest_optical_seed-2026_20260927T075534Z,random_forest,optical,2026.0,COMPLETED,0.16666666666666666,2.16,weakcand-0300,24,0,24,301,0.04361779987812042,0.003961761482059956
random_forest_optical_seed-2026_20260927T075534Z,random_forest,optical,2026.0,COMPLETED,0.1875,1.44,weakcand-0369,16,0,16,370,0.023780900985002518,0.0
random_forest_optical_seed-2026_20260927T075534Z,random_forest,optical,2026.0,COMPLETED,0.6,9.9,weakcand-0382,110,1,110,383,0.270904004573822,0.18286330997943878
random_forest_optical_seed-2026_20260927T075534Z,random_forest,optical,2026.0,COMPLETED,0.875,2.79,weakcand-0422,31,1,24,423,0.39969953894615173,0.3471395969390869
random_forest_optical_seed-42_20260927T075518Z,random_forest,optical,42.0,COMPLETED,0.047619047619047616,1.89,weakcand-0233,21,0,21,234,0.010220734402537346,0.0
random_forest_optical_seed-42_20260927T075518Z,random_forest,optical,42.0,COMPLETED,0.1,0.9,weakcand-0267,10,0,10,268,0.09650083631277084,0.0019836463034152985
random_forest_optical_seed-42_20260927T075518Z,random_forest,optical,42.0,COMPLETED,0.16666666666666666,1.08,weakcand-0285,12,0,12,286,0.04635874554514885,0.011918943375349045
random_forest_optical_seed-42_20260927T075518Z,random_forest,optical,42.0,COMPLETED,0.125,2.16,weakcand-0300,24,0,24,301,0.04642128944396973,0.00891971867531538
random_forest_optical_seed-42_20260927T075518Z,random_forest,optical,42.0,COMPLETED,0.1875,1.44,weakcand-0369,16,0,16,370,0.024139676243066788,0.0
random_forest_optical_seed-42_20260927T075518Z,random_forest,optical,42.0,COMPLETED,0.5909090909090909,9.9,weakcand-0382,110,1,110,383,0.2646274268627167,0.17873114347457886
random_forest_optical_seed-42_20260927T075518Z,random_forest,optical,42.0,COMPLETED,0.875,2.79,weakcand-0422,31,1,24,423,0.4105859696865082,0.37106990814208984
random_forest_optical_indices_seed-17_20260927T075551Z,random_forest,optical_indices,17.0,COMPLETED,0.09523809523809523,1.89,weakcand-0233,21,0,21,234,0.015904420986771584,0.0
random_forest_optical_indices_seed-17_20260927T075551Z,random_forest,optical_indices,17.0,COMPLETED,0.1,0.9,weakcand-0267,10,0,10,268,0.10368982702493668,0.0
random_forest_optical_indices_seed-17_20260927T075551Z,random_forest,optical_indices,17.0,COMPLETED,0.16666666666666666,1.08,weakcand-0285,12,0,12,286,0.05205117538571358,0.01385380420833826
random_forest_optical_indices_seed-17_20260927T075551Z,random_forest,optical_indices,17.0,COMPLETED,0.16666666666666666,2.16,weakcand-0300,24,0,24,301,0.03949526697397232,0.003952890168875456
random_forest_optical_indices_seed-17_20260927T075551Z,random_forest,optical_indices,17.0,COMPLETED,0.1875,1.44,weakcand-0369,16,0,16,370,0.021174032241106033,0.0
random_forest_optical_indices_seed-17_20260927T075551Z,random_forest,optical_indices,17.0,COMPLETED,0.6,9.9,weakcand-0382,110,1,110,383,0.27246323227882385,0.14733237028121948
random_forest_optical_indices_seed-17_20260927T075551Z,random_forest,optical_indices,17.0,COMPLETED,1.0,2.79,weakcand-0422,31,1,12,423,0.4779505729675293,0.37734442949295044
random_forest_optical_indices_seed-2026_20260927T075625Z,random_forest,optical_indices,2026.0,COMPLETED,0.09523809523809523,1.89,weakcand-0233,21,0,21,234,0.016383131965994835,0.0
random_forest_optical_indices_seed-2026_20260927T075625Z,random_forest,optical_indices,2026.0,COMPLETED,0.1,0.9,weakcand-0267,10,0,10,268,0.10071319341659546,0.0
random_forest_optical_indices_seed-2026_20260927T075625Z,random_forest,optical_indices,2026.0,COMPLETED,0.25,1.08,weakcand-0285,12,0,12,286,0.05147721990942955,0.008886588737368584
random_forest_optical_indices_seed-2026_20260927T075625Z,random_forest,optical_indices,2026.0,COMPLETED,0.16666666666666666,2.16,weakcand-0300,24,0,24,301,0.03981553390622139,0.005923055112361908
random_forest_optical_indices_seed-2026_20260927T075625Z,random_forest,optical_indices,2026.0,COMPLETED,0.1875,1.44,weakcand-0369,16,0,16,370,0.02108747698366642,0.0
random_forest_optical_indices_seed-2026_20260927T075625Z,random_forest,optical_indices,2026.0,COMPLETED,0.5909090909090909,9.9,weakcand-0382,110,1,110,383,0.2592605650424957,0.13522058725357056
random_forest_optical_indices_seed-2026_20260927T075625Z,random_forest,optical_indices,2026.0,COMPLETED,1.0,2.79,weakcand-0422,31,1,12,423,0.4779558479785919,0.3629935383796692
random_forest_optical_indices_seed-42_20260927T075608Z,random_forest,optical_indices,42.0,COMPLETED,0.09523809523809523,1.89,weakcand-0233,21,0,21,234,0.017877008765935898,0.0
random_forest_optical_indices_seed-42_20260927T075608Z,random_forest,optical_indices,42.0,COMPLETED,0.1,0.9,weakcand-0267,10,0,10,268,0.10372940450906754,0.0
random_forest_optical_indices_seed-42_20260927T075608Z,random_forest,optical_indices,42.0,COMPLETED,0.16666666666666666,1.08,weakcand-0285,12,0,12,286,0.05560006573796272,0.01385057345032692
random_forest_optical_indices_seed-42_20260927T075608Z,random_forest,optical_indices,42.0,COMPLETED,0.20833333333333334,2.16,weakcand-0300,24,0,24,301,0.04380933940410614,0.010941648855805397
random_forest_optical_indices_seed-42_20260927T075608Z,random_forest,optical_indices,42.0,COMPLETED,0.1875,1.44,weakcand-0369,16,0,16,370,0.020449794828891754,0.0
random_forest_optical_indices_seed-42_20260927T075608Z,random_forest,optical_indices,42.0,COMPLETED,0.6,9.9,weakcand-0382,110,1,110,383,0.2729702889919281,0.1620253324508667
random_forest_optical_indices_seed-42_20260927T075608Z,random_forest,optical_indices,42.0,COMPLETED,1.0,2.79,weakcand-0422,31,1,12,423,0.4782332181930542,0.3874920904636383
random_forest_optical_sar_seed-17_20260927T075642Z,random_forest,optical_sar,17.0,COMPLETED,0.047619047619047616,1.89,weakcand-0233,21,0,21,234,0.0051047722809016705,0.0
random_forest_optical_sar_seed-17_20260927T075642Z,random_forest,optical_sar,17.0,COMPLETED,0.1,0.9,weakcand-0267,10,0,10,268,0.03204707056283951,0.0009883014718070626
random_forest_optical_sar_seed-17_20260927T075642Z,random_forest,optical_sar,17.0,COMPLETED,0.08333333333333333,1.08,weakcand-0285,12,0,12,286,0.011732627637684345,0.002959670964628458
random_forest_optical_sar_seed-17_20260927T075642Z,random_forest,optical_sar,17.0,COMPLETED,0.0,2.16,weakcand-0300,24,0,24,301,0.007576846983283758,0.00196654861792922
random_forest_optical_sar_seed-17_20260927T075642Z,random_forest,optical_sar,17.0,COMPLETED,0.125,1.44,weakcand-0369,16,0,16,370,0.013610362075269222,0.0
random_forest_optical_sar_seed-17_20260927T075642Z,random_forest,optical_sar,17.0,COMPLETED,0.509090909090909,9.9,weakcand-0382,110,1,110,383,0.2128582000732422,0.06451573967933655
random_forest_optical_sar_seed-17_20260927T075642Z,random_forest,optical_sar,17.0,COMPLETED,0.8181818181818182,2.79,weakcand-0422,31,1,11,423,0.45319700241088867,0.42401647567749023
random_forest_optical_sar_seed-2026_20260927T075716Z,random_forest,optical_sar,2026.0,COMPLETED,0.047619047619047616,1.89,weakcand-0233,21,0,21,234,0.005102170165628195,0.0
random_forest_optical_sar_seed-2026_20260927T075716Z,random_forest,optical_sar,2026.0,COMPLETED,0.1,0.9,weakcand-0267,10,0,10,268,0.031659968197345734,0.0019714990630745888
random_forest_optical_sar_seed-2026_20260927T075716Z,random_forest,optical_sar,2026.0,COMPLETED,0.08333333333333333,1.08,weakcand-0285,12,0,12,286,0.013076692819595337,0.005913660861551762
random_forest_optical_sar_seed-2026_20260927T075716Z,random_forest,optical_sar,2026.0,COMPLETED,0.0,2.16,weakcand-0300,24,0,24,301,0.007175364997237921,0.002960748737677932
random_forest_optical_sar_seed-2026_20260927T075716Z,random_forest,optical_sar,2026.0,COMPLETED,0.125,1.44,weakcand-0369,16,0,16,370,0.012004890479147434,0.0
random_forest_optical_sar_seed-2026_20260927T075716Z,random_forest,optical_sar,2026.0,COMPLETED,0.5272727272727272,9.9,weakcand-0382,110,1,110,383,0.21682249009609222,0.07726658135652542
random_forest_optical_sar_seed-2026_20260927T075716Z,random_forest,optical_sar,2026.0,COMPLETED,0.8181818181818182,2.79,weakcand-0422,31,1,11,423,0.45474833250045776,0.4373682141304016
random_forest_optical_sar_seed-42_20260927T075659Z,random_forest,optical_sar,42.0,COMPLETED,0.047619047619047616,1.89,weakcand-0233,21,0,21,234,0.004825181793421507,0.0
random_forest_optical_sar_seed-42_20260927T075659Z,random_forest,optical_sar,42.0,COMPLETED,0.1,0.9,weakcand-0267,10,0,10,268,0.028689738363027573,0.0
random_forest_optical_sar_seed-42_20260927T075659Z,random_forest,optical_sar,42.0,COMPLETED,0.08333333333333333,1.08,weakcand-0285,12,0,12,286,0.011578916572034359,0.0
random_forest_optical_sar_seed-42_20260927T075659Z,random_forest,optical_sar,42.0,COMPLETED,0.0,2.16,weakcand-0300,24,0,24,301,0.007260272745043039,0.0019887418020516634
random_forest_optical_sar_seed-42_20260927T075659Z,random_forest,optical_sar,42.0,COMPLETED,0.125,1.44,weakcand-0369,16,0,16,370,0.01447497121989727,0.0
random_forest_optical_sar_seed-42_20260927T075659Z,random_forest,optical_sar,42.0,COMPLETED,0.5363636363636364,9.9,weakcand-0382,110,1,110,383,0.21687790751457214,0.06857798248529434
random_forest_optical_sar_seed-42_20260927T075659Z,random_forest,optical_sar,42.0,COMPLETED,0.8181818181818182,2.79,weakcand-0422,31,1,11,423,0.4566577970981598,0.45787718892097473
sai_spectral_sai_deterministic_20260927T075401Z,sai,spectral_sai,,COMPLETED,1.0,1.89,weakcand-0233,21,1,21,234,1.0,1.0
sai_spectral_sai_deterministic_20260927T075401Z,sai,spectral_sai,,COMPLETED,1.0,0.9,weakcand-0267,10,1,10,268,1.0,1.0
sai_spectral_sai_deterministic_20260927T075401Z,sai,spectral_sai,,COMPLETED,1.0,1.08,weakcand-0285,12,1,12,286,1.0,1.0
sai_spectral_sai_deterministic_20260927T075401Z,sai,spectral_sai,,COMPLETED,1.0,2.16,weakcand-0300,24,1,24,301,1.0,1.0
sai_spectral_sai_deterministic_20260927T075401Z,sai,spectral_sai,,COMPLETED,1.0,1.44,weakcand-0369,16,1,16,370,1.0,1.0
sai_spectral_sai_deterministic_20260927T075401Z,sai,spectral_sai,,COMPLETED,1.0,9.9,weakcand-0382,110,1,110,383,1.0,1.0
sai_spectral_sai_deterministic_20260927T075401Z,sai,spectral_sai,,COMPLETED,1.0,2.79,weakcand-0422,31,1,12,423,1.0,1.0
segformer_b0_full_seed-17_20260927T082004Z,segformer_b0,full,17.0,COMPLETED,1.0,1.89,weakcand-0233,21,1,21,234,0.8912703990936279,0.9074846506118774
segformer_b0_full_seed-17_20260927T082004Z,segformer_b0,full,17.0,COMPLETED,0.3,0.9,weakcand-0267,10,0,10,268,0.43745988607406616,0.41720718145370483
segformer_b0_full_seed-17_20260927T082004Z,segformer_b0,full,17.0,COMPLETED,0.8333333333333334,1.08,weakcand-0285,12,1,12,286,0.6667952537536621,0.6931053400039673
segformer_b0_full_seed-17_20260927T082004Z,segformer_b0,full,17.0,COMPLETED,0.75,2.16,weakcand-0300,24,1,24,301,0.5601243376731873,0.5556061267852783
segformer_b0_full_seed-17_20260927T082004Z,segformer_b0,full,17.0,COMPLETED,0.0,1.44,weakcand-0369,16,0,16,370,0.14783136546611786,0.14755523204803467
segformer_b0_full_seed-17_20260927T082004Z,segformer_b0,full,17.0,COMPLETED,0.3090909090909091,9.9,weakcand-0382,110,0,110,383,0.4287068843841553,0.4149971604347229
segformer_b0_full_seed-17_20260927T082004Z,segformer_b0,full,17.0,COMPLETED,0.7272727272727273,2.79,weakcand-0422,31,1,11,423,0.5882086157798767,0.5910906791687012
segformer_b0_full_seed-2026_20260927T082125Z,segformer_b0,full,2026.0,COMPLETED,0.47619047619047616,1.89,weakcand-0233,21,0,21,234,0.6146090626716614,0.5642730593681335
segformer_b0_full_seed-2026_20260927T082125Z,segformer_b0,full,2026.0,COMPLETED,0.0,0.9,weakcand-0267,10,0,10,268,0.21917185187339783,0.19449308514595032
segformer_b0_full_seed-2026_20260927T082125Z,segformer_b0,full,2026.0,COMPLETED,0.0,1.08,weakcand-0285,12,0,12,286,0.1936464160680771,0.1704981029033661
segformer_b0_full_seed-2026_20260927T082125Z,segformer_b0,full,2026.0,COMPLETED,0.041666666666666664,2.16,weakcand-0300,24,0,24,301,0.40487733483314514,0.4101833701133728
segformer_b0_full_seed-2026_20260927T082125Z,segformer_b0,full,2026.0,COMPLETED,0.0,1.44,weakcand-0369,16,0,16,370,0.11790008842945099,0.10873312503099442
segformer_b0_full_seed-2026_20260927T082125Z,segformer_b0,full,2026.0,COMPLETED,0.5,9.9,weakcand-0382,110,1,110,383,0.5278111696243286,0.5990332365036011
segformer_b0_full_seed-2026_20260927T082125Z,segformer_b0,full,2026.0,COMPLETED,0.36363636363636365,2.79,weakcand-0422,31,0,11,423,0.5783523917198181,0.5392542481422424
segformer_b0_full_seed-42_20260927T082125Z,segformer_b0,full,42.0,COMPLETED,0.0,1.89,weakcand-0233,21,0,21,234,0.4461870789527893,0.4477035403251648
segformer_b0_full_seed-42_20260927T082125Z,segformer_b0,full,42.0,COMPLETED,0.0,0.9,weakcand-0267,10,0,10,268,0.4133364260196686,0.41348567605018616
segformer_b0_full_seed-42_20260927T082125Z,segformer_b0,full,42.0,COMPLETED,0.0,1.08,weakcand-0285,12,0,12,286,0.4007255733013153,0.4024820923805237
segformer_b0_full_seed-42_20260927T082125Z,segformer_b0,full,42.0,COMPLETED,0.0,2.16,weakcand-0300,24,0,24,301,0.36960458755493164,0.37193143367767334
segformer_b0_full_seed-42_20260927T082125Z,segformer_b0,full,42.0,COMPLETED,0.0,1.44,weakcand-0369,16,0,16,370,0.4293990731239319,0.43078285455703735
segformer_b0_full_seed-42_20260927T082125Z,segformer_b0,full,42.0,COMPLETED,0.34545454545454546,9.9,weakcand-0382,110,0,110,383,0.4897441267967224,0.49324268102645874
segformer_b0_full_seed-42_20260927T082125Z,segformer_b0,full,42.0,COMPLETED,0.36363636363636365,2.79,weakcand-0422,31,0,11,423,0.4974580705165863,0.4977130591869354
segformer_b0_optical_seed-17_20260927T081450Z,segformer_b0,optical,17.0,COMPLETED,0.0,1.89,weakcand-0233,21,0,21,234,0.3575490415096283,0.3582921028137207
segformer_b0_optical_seed-17_20260927T081450Z,segformer_b0,optical,17.0,COMPLETED,0.0,0.9,weakcand-0267,10,0,10,268,0.3586646616458893,0.3609616160392761
segformer_b0_optical_seed-17_20260927T081450Z,segformer_b0,optical,17.0,COMPLETED,0.0,1.08,weakcand-0285,12,0,12,286,0.3634132146835327,0.36364832520484924
segformer_b0_optical_seed-17_20260927T081450Z,segformer_b0,optical,17.0,COMPLETED,0.0,2.16,weakcand-0300,24,0,24,301,0.36242029070854187,0.36364486813545227
segformer_b0_optical_seed-17_20260927T081450Z,segformer_b0,optical,17.0,COMPLETED,0.0,1.44,weakcand-0369,16,0,16,370,0.37814611196517944,0.38251668214797974
segformer_b0_optical_seed-17_20260927T081450Z,segformer_b0,optical,17.0,COMPLETED,0.24545454545454545,9.9,weakcand-0382,110,0,110,383,0.43924635648727417,0.43834060430526733
segformer_b0_optical_seed-17_20260927T081450Z,segformer_b0,optical,17.0,COMPLETED,0.9583333333333334,2.79,weakcand-0422,31,1,24,423,0.47791850566864014,0.4782436788082123
segformer_b0_optical_seed-2026_20260927T081529Z,segformer_b0,optical,2026.0,COMPLETED,1.0,1.89,weakcand-0233,21,1,21,234,0.23027436435222626,0.16734327375888824
segformer_b0_optical_seed-2026_20260927T081529Z,segformer_b0,optical,2026.0,COMPLETED,1.0,0.9,weakcand-0267,10,1,10,268,0.27589064836502075,0.23399430513381958
segformer_b0_optical_seed-2026_20260927T081529Z,segformer_b0,optical,2026.0,COMPLETED,0.9166666666666666,1.08,weakcand-0285,12,1,12,286,0.20080411434173584,0.17557530105113983
segformer_b0_optical_seed-2026_20260927T081529Z,segformer_b0,optical,2026.0,COMPLETED,0.2916666666666667,2.16,weakcand-0300,24,0,24,301,0.05203321576118469,0.046938758343458176
segformer_b0_optical_seed-2026_20260927T081529Z,segformer_b0,optical,2026.0,COMPLETED,0.0,1.44,weakcand-0369,16,0,16,370,0.019922055304050446,0.017692629247903824
segformer_b0_optical_seed-2026_20260927T081529Z,segformer_b0,optical,2026.0,COMPLETED,0.8454545454545455,9.9,weakcand-0382,110,1,110,383,0.3282760679721832,0.30744171142578125
segformer_b0_optical_seed-2026_20260927T081529Z,segformer_b0,optical,2026.0,COMPLETED,0.9583333333333334,2.79,weakcand-0422,31,1,24,423,0.28861328959465027,0.24818822741508484
segformer_b0_optical_seed-42_20260927T081450Z,segformer_b0,optical,42.0,COMPLETED,0.0,1.89,weakcand-0233,21,0,21,234,0.4380912780761719,0.42997002601623535
segformer_b0_optical_seed-42_20260927T081450Z,segformer_b0,optical,42.0,COMPLETED,0.0,0.9,weakcand-0267,10,0,10,268,0.4792030453681946,0.4841776490211487
segformer_b0_optical_seed-42_20260927T081450Z,segformer_b0,optical,42.0,COMPLETED,0.0,1.08,weakcand-0285,12,0,12,286,0.4927539825439453,0.4958203434944153
segformer_b0_optical_seed-42_20260927T081450Z,segformer_b0,optical,42.0,COMPLETED,0.0,2.16,weakcand-0300,24,0,24,301,0.4806423485279083,0.4795154929161072
segformer_b0_optical_seed-42_20260927T081450Z,segformer_b0,optical,42.0,COMPLETED,0.0,1.44,weakcand-0369,16,0,16,370,0.44912317395210266,0.4480956494808197
segformer_b0_optical_seed-42_20260927T081450Z,segformer_b0,optical,42.0,COMPLETED,0.0,9.9,weakcand-0382,110,0,110,383,0.42645713686943054,0.43162763118743896
segformer_b0_optical_seed-42_20260927T081450Z,segformer_b0,optical,42.0,COMPLETED,0.0,2.79,weakcand-0422,31,0,24,423,0.337697297334671,0.343559205532074
segformer_b0_optical_indices_seed-17_20260927T081529Z,segformer_b0,optical_indices,17.0,COMPLETED,1.0,1.89,weakcand-0233,21,1,21,234,0.7725583910942078,0.785865843296051
segformer_b0_optical_indices_seed-17_20260927T081529Z,segformer_b0,optical_indices,17.0,COMPLETED,0.8,0.9,weakcand-0267,10,1,10,268,0.21515896916389465,0.1829395294189453
segformer_b0_optical_indices_seed-17_20260927T081529Z,segformer_b0,optical_indices,17.0,COMPLETED,0.9166666666666666,1.08,weakcand-0285,12,1,12,286,0.5400083661079407,0.4643135368824005
segformer_b0_optical_indices_seed-17_20260927T081529Z,segformer_b0,optical_indices,17.0,COMPLETED,0.875,2.16,weakcand-0300,24,1,24,301,0.43233874440193176,0.4418776035308838
segformer_b0_optical_indices_seed-17_20260927T081529Z,segformer_b0,optical_indices,17.0,COMPLETED,0.0,1.44,weakcand-0369,16,0,16,370,0.04293046146631241,0.03808233141899109
segformer_b0_optical_indices_seed-17_20260927T081529Z,segformer_b0,optical_indices,17.0,COMPLETED,0.8727272727272727,9.9,weakcand-0382,110,1,110,383,0.5185811519622803,0.5814388394355774
segformer_b0_optical_indices_seed-17_20260927T081529Z,segformer_b0,optical_indices,17.0,COMPLETED,1.0,2.79,weakcand-0422,31,1,12,423,0.41883692145347595,0.36282235383987427
segformer_b0_optical_indices_seed-2026_20260927T081653Z,segformer_b0,optical_indices,2026.0,COMPLETED,1.0,1.89,weakcand-0233,21,1,21,234,0.7758129835128784,0.7488038539886475
segformer_b0_optical_indices_seed-2026_20260927T081653Z,segformer_b0,optical_indices,2026.0,COMPLETED,0.7,0.9,weakcand-0267,10,1,10,268,0.20292465388774872,0.16619297862052917
segformer_b0_optical_indices_seed-2026_20260927T081653Z,segformer_b0,optical_indices,2026.0,COMPLETED,0.9166666666666666,1.08,weakcand-0285,12,1,12,286,0.5495887398719788,0.5810226202011108
segformer_b0_optical_indices_seed-2026_20260927T081653Z,segformer_b0,optical_indices,2026.0,COMPLETED,1.0,2.16,weakcand-0300,24,1,24,301,0.6325352191925049,0.6972112655639648
segformer_b0_optical_indices_seed-2026_20260927T081653Z,segformer_b0,optical_indices,2026.0,COMPLETED,0.0,1.44,weakcand-0369,16,0,16,370,0.03584028780460358,0.03396821767091751
segformer_b0_optical_indices_seed-2026_20260927T081653Z,segformer_b0,optical_indices,2026.0,COMPLETED,0.8181818181818182,9.9,weakcand-0382,110,1,110,383,0.38389137387275696,0.3742262125015259
segformer_b0_optical_indices_seed-2026_20260927T081653Z,segformer_b0,optical_indices,2026.0,COMPLETED,0.8333333333333334,2.79,weakcand-0422,31,1,12,423,0.3317047655582428,0.2809280455112457
segformer_b0_optical_indices_seed-42_20260927T081653Z,segformer_b0,optical_indices,42.0,COMPLETED,1.0,1.89,weakcand-0233,21,1,21,234,0.887163519859314,0.9166957139968872
segformer_b0_optical_indices_seed-42_20260927T081653Z,segformer_b0,optical_indices,42.0,COMPLETED,1.0,0.9,weakcand-0267,10,1,10,268,0.6948841214179993,0.6823360323905945
segformer_b0_optical_indices_seed-42_20260927T081653Z,segformer_b0,optical_indices,42.0,COMPLETED,1.0,1.08,weakcand-0285,12,1,12,286,0.7118485569953918,0.743983268737793
segformer_b0_optical_indices_seed-42_20260927T081653Z,segformer_b0,optical_indices,42.0,COMPLETED,1.0,2.16,weakcand-0300,24,1,24,301,0.7971599102020264,0.8528264760971069
segformer_b0_optical_indices_seed-42_20260927T081653Z,segformer_b0,optical_indices,42.0,COMPLETED,0.5625,1.44,weakcand-0369,16,1,16,370,0.2469778209924698,0.22538751363754272
segformer_b0_optical_indices_seed-42_20260927T081653Z,segformer_b0,optical_indices,42.0,COMPLETED,0.9727272727272728,9.9,weakcand-0382,110,1,110,383,0.6588570475578308,0.7278559803962708
segformer_b0_optical_indices_seed-42_20260927T081653Z,segformer_b0,optical_indices,42.0,COMPLETED,1.0,2.79,weakcand-0422,31,1,12,423,0.600165069103241,0.5625685453414917
segformer_b0_optical_sar_seed-17_20260927T081817Z,segformer_b0,optical_sar,17.0,COMPLETED,0.5238095238095238,1.89,weakcand-0233,21,1,21,234,0.15939530730247498,0.16202816367149353
segformer_b0_optical_sar_seed-17_20260927T081817Z,segformer_b0,optical_sar,17.0,COMPLETED,0.3,0.9,weakcand-0267,10,0,10,268,0.14680537581443787,0.1342322826385498
segformer_b0_optical_sar_seed-17_20260927T081817Z,segformer_b0,optical_sar,17.0,COMPLETED,1.0,1.08,weakcand-0285,12,1,12,286,0.34356582164764404,0.33319389820098877
segformer_b0_optical_sar_seed-17_20260927T081817Z,segformer_b0,optical_sar,17.0,COMPLETED,0.9166666666666666,2.16,weakcand-0300,24,1,24,301,0.2635989189147949,0.25646859407424927
segformer_b0_optical_sar_seed-17_20260927T081817Z,segformer_b0,optical_sar,17.0,COMPLETED,0.0,1.44,weakcand-0369,16,0,16,370,0.07494749128818512,0.07779625058174133
segformer_b0_optical_sar_seed-17_20260927T081817Z,segformer_b0,optical_sar,17.0,COMPLETED,0.8909090909090909,9.9,weakcand-0382,110,1,110,383,0.4905020594596863,0.48886623978614807
segformer_b0_optical_sar_seed-17_20260927T081817Z,segformer_b0,optical_sar,17.0,COMPLETED,1.0,2.79,weakcand-0422,31,1,11,423,0.6507466435432434,0.6646800637245178
segformer_b0_optical_sar_seed-2026_20260927T082004Z,segformer_b0,optical_sar,2026.0,COMPLETED,1.0,1.89,weakcand-0233,21,1,21,234,0.7468606233596802,0.7560244202613831
segformer_b0_optical_sar_seed-2026_20260927T082004Z,segformer_b0,optical_sar,2026.0,COMPLETED,0.1,0.9,weakcand-0267,10,0,10,268,0.1602810174226761,0.12312278151512146
segformer_b0_optical_sar_seed-2026_20260927T082004Z,segformer_b0,optical_sar,2026.0,COMPLETED,0.3333333333333333,1.08,weakcand-0285,12,0,12,286,0.29083704948425293,0.24701140820980072
segformer_b0_optical_sar_seed-2026_20260927T082004Z,segformer_b0,optical_sar,2026.0,COMPLETED,0.3333333333333333,2.16,weakcand-0300,24,0,24,301,0.311665803194046,0.29278814792633057
segformer_b0_optical_sar_seed-2026_20260927T082004Z,segformer_b0,optical_sar,2026.0,COMPLETED,0.0,1.44,weakcand-0369,16,0,16,370,0.09771202504634857,0.0785665512084961
segformer_b0_optical_sar_seed-2026_20260927T082004Z,segformer_b0,optical_sar,2026.0,COMPLETED,0.6727272727272727,9.9,weakcand-0382,110,1,110,383,0.518830418586731,0.5905023217201233
segformer_b0_optical_sar_seed-2026_20260927T082004Z,segformer_b0,optical_sar,2026.0,COMPLETED,1.0,2.79,weakcand-0422,31,1,11,423,0.6137173175811768,0.5729352831840515
segformer_b0_optical_sar_seed-42_20260927T081817Z,segformer_b0,optical_sar,42.0,COMPLETED,0.0,1.89,weakcand-0233,21,0,21,234,0.03181404992938042,0.01468748040497303
segformer_b0_optical_sar_seed-42_20260927T081817Z,segformer_b0,optical_sar,42.0,COMPLETED,0.0,0.9,weakcand-0267,10,0,10,268,0.08693496882915497,0.07502641528844833
segformer_b0_optical_sar_seed-42_20260927T081817Z,segformer_b0,optical_sar,42.0,COMPLETED,0.0,1.08,weakcand-0285,12,0,12,286,0.025183087214827538,0.024782219901680946
segformer_b0_optical_sar_seed-42_20260927T081817Z,segformer_b0,optical_sar,42.0,COMPLETED,0.0,2.16,weakcand-0300,24,0,24,301,0.024707341566681862,0.02173614501953125
segformer_b0_optical_sar_seed-42_20260927T081817Z,segformer_b0,optical_sar,42.0,COMPLETED,0.0,1.44,weakcand-0369,16,0,16,370,0.0326957143843174,0.029437117278575897
segformer_b0_optical_sar_seed-42_20260927T081817Z,segformer_b0,optical_sar,42.0,COMPLETED,0.41818181818181815,9.9,weakcand-0382,110,0,110,383,0.2542594373226166,0.16046226024627686
segformer_b0_optical_sar_seed-42_20260927T081817Z,segformer_b0,optical_sar,42.0,COMPLETED,1.0,2.79,weakcand-0422,31,1,11,423,0.6903725266456604,0.6625239849090576
unet_full_seed-17_20260927T080627Z,unet,full,17.0,COMPLETED,1.0,1.89,weakcand-0233,21,1,21,234,0.9281460642814636,0.9743743538856506
unet_full_seed-17_20260927T080627Z,unet,full,17.0,COMPLETED,0.4,0.9,weakcand-0267,10,0,10,268,0.5047637820243835,0.39578402042388916
unet_full_seed-17_20260927T080627Z,unet,full,17.0,COMPLETED,1.0,1.08,weakcand-0285,12,1,12,286,0.9170449376106262,0.9349004030227661
unet_full_seed-17_20260927T080627Z,unet,full,17.0,COMPLETED,1.0,2.16,weakcand-0300,24,1,24,301,0.9479085803031921,0.9813783168792725
unet_full_seed-17_20260927T080627Z,unet,full,17.0,COMPLETED,0.25,1.44,weakcand-0369,16,0,16,370,0.39803963899612427,0.28851062059402466
unet_full_seed-17_20260927T080627Z,unet,full,17.0,COMPLETED,0.6272727272727273,9.9,weakcand-0382,110,1,110,383,0.703932523727417,0.9945847988128662
unet_full_seed-17_20260927T080627Z,unet,full,17.0,COMPLETED,1.0,2.79,weakcand-0422,31,1,11,423,0.9344606399536133,0.9683569669723511
unet_full_seed-2026_20260927T080746Z,unet,full,2026.0,COMPLETED,1.0,1.89,weakcand-0233,21,1,21,234,0.9433323740959167,0.9576946496963501
unet_full_seed-2026_20260927T080746Z,unet,full,2026.0,COMPLETED,1.0,0.9,weakcand-0267,10,1,10,268,0.8394392132759094,0.8420867323875427
unet_full_seed-2026_20260927T080746Z,unet,full,2026.0,COMPLETED,0.6666666666666666,1.08,weakcand-0285,12,1,12,286,0.807649552822113,0.8663957715034485
unet_full_seed-2026_20260927T080746Z,unet,full,2026.0,COMPLETED,1.0,2.16,weakcand-0300,24,1,24,301,0.9179210662841797,0.9349430203437805
unet_full_seed-2026_20260927T080746Z,unet,full,2026.0,COMPLETED,0.625,1.44,weakcand-0369,16,1,16,370,0.7150284051895142,0.7403049468994141
unet_full_seed-2026_20260927T080746Z,unet,full,2026.0,COMPLETED,0.9363636363636364,9.9,weakcand-0382,110,1,110,383,0.9186649918556213,0.9735183715820312
unet_full_seed-2026_20260927T080746Z,unet,full,2026.0,COMPLETED,1.0,2.79,weakcand-0422,31,1,11,423,0.9605383276939392,0.9659388661384583
unet_full_seed-42_20260927T080746Z,unet,full,42.0,COMPLETED,0.38095238095238093,1.89,weakcand-0233,21,0,21,234,0.35536694526672363,0.19502340257167816
unet_full_seed-42_20260927T080746Z,unet,full,42.0,COMPLETED,0.7,0.9,weakcand-0267,10,1,10,268,0.5059562921524048,0.5478650331497192
unet_full_seed-42_20260927T080746Z,unet,full,42.0,COMPLETED,0.16666666666666666,1.08,weakcand-0285,12,0,12,286,0.1903599053621292,0.05354374647140503
unet_full_seed-42_20260927T080746Z,unet,full,42.0,COMPLETED,0.3333333333333333,2.16,weakcand-0300,24,0,24,301,0.24759240448474884,0.08732850849628448
unet_full_seed-42_20260927T080746Z,unet,full,42.0,COMPLETED,0.1875,1.44,weakcand-0369,16,0,16,370,0.14163580536842346,0.018011711537837982
unet_full_seed-42_20260927T080746Z,unet,full,42.0,COMPLETED,0.6272727272727273,9.9,weakcand-0382,110,1,110,383,0.5877512097358704,0.9399921894073486
unet_full_seed-42_20260927T080746Z,unet,full,42.0,COMPLETED,1.0,2.79,weakcand-0422,31,1,11,423,0.9732017517089844,0.9988594055175781
unet_optical_seed-17_20260927T080220Z,unet,optical,17.0,COMPLETED,0.9523809523809523,1.89,weakcand-0233,21,1,21,234,0.9441767930984497,0.9654708504676819
unet_optical_seed-17_20260927T080220Z,unet,optical,17.0,COMPLETED,0.1,0.9,weakcand-0267,10,0,10,268,0.6122691631317139,0.6370362043380737
unet_optical_seed-17_20260927T080220Z,unet,optical,17.0,COMPLETED,0.5,1.08,weakcand-0285,12,1,12,286,0.7972376346588135,0.832520604133606
unet_optical_seed-17_20260927T080220Z,unet,optical,17.0,COMPLETED,0.75,2.16,weakcand-0300,24,1,24,301,0.8810853958129883,0.91776043176651
unet_optical_seed-17_20260927T080220Z,unet,optical,17.0,COMPLETED,0.0625,1.44,weakcand-0369,16,0,16,370,0.6422791481018066,0.6297386884689331
unet_optical_seed-17_20260927T080220Z,unet,optical,17.0,COMPLETED,0.7909090909090909,9.9,weakcand-0382,110,1,110,383,0.8851089477539062,0.9524790048599243
unet_optical_seed-17_20260927T080220Z,unet,optical,17.0,COMPLETED,0.875,2.79,weakcand-0422,31,1,24,423,0.8779096603393555,0.8926075100898743
unet_optical_seed-2026_20260927T080307Z,unet,optical,2026.0,COMPLETED,1.0,1.89,weakcand-0233,21,1,21,234,0.755052387714386,0.9245076775550842
unet_optical_seed-2026_20260927T080307Z,unet,optical,2026.0,COMPLETED,1.0,0.9,weakcand-0267,10,1,10,268,0.7474092841148376,0.86219722032547
unet_optical_seed-2026_20260927T080307Z,unet,optical,2026.0,COMPLETED,0.4166666666666667,1.08,weakcand-0285,12,0,12,286,0.3031289875507355,0.013170337304472923
unet_optical_seed-2026_20260927T080307Z,unet,optical,2026.0,COMPLETED,0.5833333333333334,2.16,weakcand-0300,24,1,24,301,0.38393786549568176,0.23995250463485718
unet_optical_seed-2026_20260927T080307Z,unet,optical,2026.0,COMPLETED,0.25,1.44,weakcand-0369,16,0,16,370,0.16327841579914093,0.0060493964701890945
unet_optical_seed-2026_20260927T080307Z,unet,optical,2026.0,COMPLETED,0.6636363636363637,9.9,weakcand-0382,110,1,110,383,0.6017194986343384,0.9768513441085815
unet_optical_seed-2026_20260927T080307Z,unet,optical,2026.0,COMPLETED,1.0,2.79,weakcand-0422,31,1,24,423,0.9192549586296082,0.9843152761459351
unet_optical_seed-42_20260927T080220Z,unet,optical,42.0,COMPLETED,1.0,1.89,weakcand-0233,21,1,21,234,0.7097994685173035,0.9062812328338623
unet_optical_seed-42_20260927T080220Z,unet,optical,42.0,COMPLETED,0.4,0.9,weakcand-0267,10,0,10,268,0.19332484900951385,0.045841969549655914
unet_optical_seed-42_20260927T080220Z,unet,optical,42.0,COMPLETED,0.5,1.08,weakcand-0285,12,1,12,286,0.2844262421131134,0.06337375938892365
unet_optical_seed-42_20260927T080220Z,unet,optical,42.0,COMPLETED,0.5,2.16,weakcand-0300,24,1,24,301,0.3036879003047943,0.10789041221141815
unet_optical_seed-42_20260927T080220Z,unet,optical,42.0,COMPLETED,0.3125,1.44,weakcand-0369,16,0,16,370,0.16504645347595215,0.01651548594236374
unet_optical_seed-42_20260927T080220Z,unet,optical,42.0,COMPLETED,0.6909090909090909,9.9,weakcand-0382,110,1,110,383,0.5721431970596313,0.8309803009033203
unet_optical_seed-42_20260927T080220Z,unet,optical,42.0,COMPLETED,1.0,2.79,weakcand-0422,31,1,24,423,0.7515323758125305,0.8053244948387146
unet_optical_indices_seed-17_20260927T080307Z,unet,optical_indices,17.0,COMPLETED,0.38095238095238093,1.89,weakcand-0233,21,0,21,234,0.22992761433124542,0.02655544877052307
unet_optical_indices_seed-17_20260927T080307Z,unet,optical_indices,17.0,COMPLETED,0.9,0.9,weakcand-0267,10,1,10,268,0.4805518090724945,0.46995818614959717
unet_optical_indices_seed-17_20260927T080307Z,unet,optical_indices,17.0,COMPLETED,0.16666666666666666,1.08,weakcand-0285,12,0,12,286,0.16056416928768158,0.0018669923301786184
unet_optical_indices_seed-17_20260927T080307Z,unet,optical_indices,17.0,COMPLETED,0.3333333333333333,2.16,weakcand-0300,24,0,24,301,0.23045389354228973,0.004370627924799919
unet_optical_indices_seed-17_20260927T080307Z,unet,optical_indices,17.0,COMPLETED,0.25,1.44,weakcand-0369,16,0,16,370,0.11041907221078873,0.0024809425231069326
unet_optical_indices_seed-17_20260927T080307Z,unet,optical_indices,17.0,COMPLETED,0.6272727272727273,9.9,weakcand-0382,110,1,110,383,0.5984822511672974,0.9885915517807007
unet_optical_indices_seed-17_20260927T080307Z,unet,optical_indices,17.0,COMPLETED,1.0,2.79,weakcand-0422,31,1,12,423,0.9911508560180664,0.9987533092498779
unet_optical_indices_seed-2026_20260927T080435Z,unet,optical_indices,2026.0,COMPLETED,0.7142857142857143,1.89,weakcand-0233,21,1,21,234,0.5799519419670105,0.6929321885108948
unet_optical_indices_seed-2026_20260927T080435Z,unet,optical_indices,2026.0,COMPLETED,0.9,0.9,weakcand-0267,10,1,10,268,0.5193037986755371,0.5668947100639343
unet_optical_indices_seed-2026_20260927T080435Z,unet,optical_indices,2026.0,COMPLETED,0.6666666666666666,1.08,weakcand-0285,12,1,12,286,0.49728408455848694,0.45156949758529663
unet_optical_indices_seed-2026_20260927T080435Z,unet,optical_indices,2026.0,COMPLETED,0.6666666666666666,2.16,weakcand-0300,24,1,24,301,0.5654605627059937,0.6816221475601196
unet_optical_indices_seed-2026_20260927T080435Z,unet,optical_indices,2026.0,COMPLETED,0.1875,1.44,weakcand-0369,16,0,16,370,0.10777990520000458,0.015001613646745682
unet_optical_indices_seed-2026_20260927T080435Z,unet,optical_indices,2026.0,COMPLETED,0.6727272727272727,9.9,weakcand-0382,110,1,110,383,0.6349563002586365,0.9942076206207275
unet_optical_indices_seed-2026_20260927T080435Z,unet,optical_indices,2026.0,COMPLETED,1.0,2.79,weakcand-0422,31,1,12,423,0.9870354533195496,0.9922353029251099
unet_optical_indices_seed-42_20260927T080435Z,unet,optical_indices,42.0,COMPLETED,0.8095238095238095,1.89,weakcand-0233,21,1,21,234,0.8932916522026062,0.9746742844581604
unet_optical_indices_seed-42_20260927T080435Z,unet,optical_indices,42.0,COMPLETED,0.5,0.9,weakcand-0267,10,1,10,268,0.7344092130661011,0.7022091150283813
unet_optical_indices_seed-42_20260927T080435Z,unet,optical_indices,42.0,COMPLETED,0.5,1.08,weakcand-0285,12,1,12,286,0.5972822308540344,0.6021971702575684
unet_optical_indices_seed-42_20260927T080435Z,unet,optical_indices,42.0,COMPLETED,0.375,2.16,weakcand-0300,24,0,24,301,0.5949418544769287,0.6481402516365051
unet_optical_indices_seed-42_20260927T080435Z,unet,optical_indices,42.0,COMPLETED,0.1875,1.44,weakcand-0369,16,0,16,370,0.3099799156188965,0.16082355380058289
unet_optical_indices_seed-42_20260927T080435Z,unet,optical_indices,42.0,COMPLETED,0.6818181818181818,9.9,weakcand-0382,110,1,110,383,0.7496578693389893,0.9900093078613281
unet_optical_indices_seed-42_20260927T080435Z,unet,optical_indices,42.0,COMPLETED,1.0,2.79,weakcand-0422,31,1,12,423,0.9792652130126953,0.9899870753288269
unet_optical_sar_seed-17_20260927T080533Z,unet,optical_sar,17.0,COMPLETED,1.0,1.89,weakcand-0233,21,1,21,234,0.9860848784446716,0.9985495209693909
unet_optical_sar_seed-17_20260927T080533Z,unet,optical_sar,17.0,COMPLETED,0.6,0.9,weakcand-0267,10,1,10,268,0.51046222448349,0.4926202595233917
unet_optical_sar_seed-17_20260927T080533Z,unet,optical_sar,17.0,COMPLETED,0.5,1.08,weakcand-0285,12,1,12,286,0.4519648849964142,0.3439960181713104
unet_optical_sar_seed-17_20260927T080533Z,unet,optical_sar,17.0,COMPLETED,0.6666666666666666,2.16,weakcand-0300,24,1,24,301,0.6411973834037781,0.8296859264373779
unet_optical_sar_seed-17_20260927T080533Z,unet,optical_sar,17.0,COMPLETED,0.25,1.44,weakcand-0369,16,0,16,370,0.3003179430961609,0.13206298649311066
unet_optical_sar_seed-17_20260927T080533Z,unet,optical_sar,17.0,COMPLETED,0.7181818181818181,9.9,weakcand-0382,110,1,110,383,0.7025535106658936,0.9989309310913086
unet_optical_sar_seed-17_20260927T080533Z,unet,optical_sar,17.0,COMPLETED,1.0,2.79,weakcand-0422,31,1,11,423,0.9956448078155518,0.9974600672721863
unet_optical_sar_seed-2026_20260927T080627Z,unet,optical_sar,2026.0,COMPLETED,0.7142857142857143,1.89,weakcand-0233,21,1,21,234,0.5320698618888855,0.6858072876930237
unet_optical_sar_seed-2026_20260927T080627Z,unet,optical_sar,2026.0,COMPLETED,0.7,0.9,weakcand-0267,10,1,10,268,0.454584538936615,0.42783260345458984
unet_optical_sar_seed-2026_20260927T080627Z,unet,optical_sar,2026.0,COMPLETED,0.5833333333333334,1.08,weakcand-0285,12,1,12,286,0.28931406140327454,0.11374356597661972
unet_optical_sar_seed-2026_20260927T080627Z,unet,optical_sar,2026.0,COMPLETED,0.7083333333333334,2.16,weakcand-0300,24,1,24,301,0.40294575691223145,0.2953513264656067
unet_optical_sar_seed-2026_20260927T080627Z,unet,optical_sar,2026.0,COMPLETED,0.3125,1.44,weakcand-0369,16,0,16,370,0.20460818707942963,0.0017569150077179074
unet_optical_sar_seed-2026_20260927T080627Z,unet,optical_sar,2026.0,COMPLETED,0.6363636363636364,9.9,weakcand-0382,110,1,110,383,0.5716486573219299,0.962765634059906
unet_optical_sar_seed-2026_20260927T080627Z,unet,optical_sar,2026.0,COMPLETED,1.0,2.79,weakcand-0422,31,1,11,423,0.9203166365623474,0.9873064756393433
unet_optical_sar_seed-42_20260927T080533Z,unet,optical_sar,42.0,COMPLETED,1.0,1.89,weakcand-0233,21,1,21,234,0.9599967002868652,0.9938196539878845
unet_optical_sar_seed-42_20260927T080533Z,unet,optical_sar,42.0,COMPLETED,0.7,0.9,weakcand-0267,10,1,10,268,0.7945796251296997,0.8407859802246094
unet_optical_sar_seed-42_20260927T080533Z,unet,optical_sar,42.0,COMPLETED,0.4166666666666667,1.08,weakcand-0285,12,0,12,286,0.4923619031906128,0.4443206191062927
unet_optical_sar_seed-42_20260927T080533Z,unet,optical_sar,42.0,COMPLETED,0.625,2.16,weakcand-0300,24,1,24,301,0.6808162331581116,0.8923394680023193
unet_optical_sar_seed-42_20260927T080533Z,unet,optical_sar,42.0,COMPLETED,0.25,1.44,weakcand-0369,16,0,16,370,0.34539321064949036,0.11503241956233978
unet_optical_sar_seed-42_20260927T080533Z,unet,optical_sar,42.0,COMPLETED,0.7,9.9,weakcand-0382,110,1,110,383,0.7111559510231018,0.9845526814460754
unet_optical_sar_seed-42_20260927T080533Z,unet,optical_sar,42.0,COMPLETED,1.0,2.79,weakcand-0422,31,1,11,423,0.990300714969635,0.9903702139854431
