model,variant,split,n_seeds,iou_mean,iou_std,f1_mean,f1_std,auprc_mean,auprc_std,brier_mean,brier_std,ece_mean,ece_std,signed_area_bias_mean,signed_area_bias_std,precision_mean,precision_std,recall_mean,recall_std,collapsed_seeds,n_seeds_in_denominator
sai,spectral_sai,val,1,0.11892987155711245,,0.21257788281513765,,0.12000976581781836,,0.8810701284428876,,0.8810701284428876,,6.918970709006296,,0.11971100663716815,,0.9479879551053928,,0,1
sai,spectral_sai,test,1,0.18088649756597489,,0.306357127359514,,0.18090974754740535,,0.8191135024340251,,0.8191135024340251,,4.523708421797593,,0.1809096732863549,,0.9992922859164898,,0,1
random_forest,optical,val,3,0.4545897590084435,0.004322566499765238,0.6250337991096958,0.004079103880021698,0.7218772453876188,0.0052371366096207695,0.08418876418758332,0.00013427907177928697,0.09042933050307793,1.839398785170519e-05,-0.43033123460169725,0.0056963186549917316,0.8611237538073558,0.0006720676869118175,0.4905557076375582,0.004980401149373198,0,3
random_forest,optical,test,3,0.6916399852330436,0.006006162073206484,0.817705405040939,0.004198486280727635,0.8869246240183148,0.003610072884992831,0.06854246389444005,0.00029213295013918897,0.08068403844963933,0.00017735544789736484,-0.05095541401273885,0.009983535725170477,0.8396736103126589,0.0004801768467437508,0.7968860580325549,0.008161756967212185,0,3
random_forest,optical_indices,val,3,0.44849112309294065,0.004476555332065799,0.6192440658295153,0.004260130457627797,0.7231450117279928,0.004697102566873247,0.08509319372451148,0.00016436552328950914,0.09076824468326027,0.0001467695886106648,-0.4398211515649238,0.006055537922451697,0.8623611892350032,0.002990355878650485,0.4830732731088603,0.005050130158599051,0,3
random_forest,optical_indices,test,3,0.6907058857557532,0.0050142117039081655,0.8170552167321156,0.003502323728176529,0.8981410563722835,0.0016731313538976143,0.07401594742198518,0.00047439378228005246,0.08533186303529487,0.0006579972438963237,-0.0799716914366596,0.003744870928612296,0.8525723080148117,0.004583167801253018,0.7843831092238736,0.00319125955613793,0,3
random_forest,optical_sar,val,3,0.5097285160248071,0.0020674025708661437,0.6752568551868446,0.0018154177699438055,0.8140049506277235,0.006470367447803097,0.08538980805049706,0.000114909400435862,0.09453329922979305,0.000118395088525943,-0.4281412537640295,0.0019162332329592327,0.928034590905165,0.0005171642988770581,0.5307053563281322,0.002072783409362298,0,3
random_forest,optical_sar,test,3,0.688860368865592,0.0005598189207353654,0.8157693889921815,0.00039261424920953474,0.8918145548998321,0.002880172681205199,0.09136901733886693,5.575773919589044e-05,0.10891765493100104,7.7909643586204e-05,-0.13305024769992924,0.0025516994164642612,0.878369752556592,0.001287779118960719,0.7615003538570417,0.0012257967498718167,0,3
random_forest,full,val,3,0.5169323662000148,0.004898830394012799,0.6815405026346452,0.004251551376397566,0.7682320498607241,0.011509648277254734,0.08411153351682833,5.4611016992334924e-05,0.09222390945507973,0.0002452207884847153,-0.4180125923898166,0.004302281315494579,0.9263023283379126,0.0016140455721868974,0.5391002828725249,0.004822414549401906,0,3
random_forest,full,test,3,0.6909533227338578,0.0017413724097163628,0.8172344042576047,0.0012181220962801955,0.900838737733952,0.0026087556898639294,0.08844925855464313,0.000501817719770856,0.10591312825037326,0.0004908332653868098,-0.12196272705826845,0.004024232627797114,0.8739998739503888,0.0027362726368078197,0.7673979712196273,0.001781041386003968,0,3
unet,optical,val,3,0.8164863757793469,0.017505189696854787,0.8989047727062377,0.010666470897837557,0.9478464337171063,0.008519841887058037,0.036943548806074866,0.0216425425511354,0.07593117361691831,0.09686105223881966,-0.01587736107309061,0.03449980145538688,0.9064219049960319,0.00916819221686023,0.8918696961401587,0.02492907478701221,0,3
unet,optical,test,3,0.7472081738897637,0.07494385325426131,0.8538771634719665,0.050343054492107776,0.9566436228551877,0.00648401769180071,0.048886685758035474,0.031668010290768836,0.0813626963879948,0.10432077057775078,0.2127860344420854,0.20747291481534874,0.7876117751334636,0.09981209172026935,0.9414956357631517,0.040792417128659865,0,3
unet,optical_indices,val,3,0.8728183165584985,0.023488329862636055,0.9319784983189313,0.013425972670932788,0.9703030352670807,0.002475904770862033,0.016213896425001536,0.003590956988383789,0.024090126534407386,0.024854451692269706,0.004836207683182772,0.007977915136196513,0.9297780167097048,0.01603477945179017,0.9342093256684003,0.01143968061802251,0,3
unet,optical_indices,test,3,0.8161759658978417,0.03511225122884771,0.8985079295364745,0.021506685576199027,0.9619187510135516,0.010505294063419867,0.02886132612070545,0.006175396272163681,0.03843066758060687,0.03132816946522973,0.09884406699693322,0.1019927064858322,0.8609931315076648,0.05732078733601697,0.942203349846662,0.02423167273634293,0,3
unet,optical_sar,val,3,0.8456800315932501,0.02817173809348909,0.9162202656092259,0.01653925983140156,0.9604107223472895,0.004318027435432469,0.01916531809698341,0.0015558684261765558,0.019509356239209883,0.0036827394071795895,0.023086047997080025,0.030833184874371106,0.9063021904591345,0.029220421033387838,0.9266356419381331,0.005656714568785027,0,3
unet,optical_sar,test,3,0.7512436938052446,0.05500596413904457,0.8572087524692135,0.03561812717116719,0.9682230466229126,0.009163849240187875,0.0439449260427369,0.024018358354188318,0.052245587918651165,0.036119939128298945,0.27931115829205,0.10288014421945894,0.7658706739724334,0.05962425663755171,0.9757018164661476,0.0038977852422406585,0,3
unet,full,val,3,0.8475942259555462,0.06530313681823263,0.9165947863408549,0.038896330859162956,0.9609274863966072,0.021463756818493204,0.024707102759791513,0.017998028270256282,0.058500027595930454,0.062107218125639865,0.026006022447303583,0.027271911915098923,0.905419410195644,0.047354227226468135,0.9282781275663837,0.03256215963479881,0,3
unet,full,test,3,0.6949462486750578,0.10909302842085222,0.8167664460771079,0.07591289073471127,0.9429361225440652,0.03259656401782992,0.07772215005320877,0.05213056900438837,0.12082054052071929,0.10788249292304651,0.3786270346779901,0.2678873092809134,0.7160264954430305,0.12660355395399994,0.9646142958244869,0.019458920148432438,0,3
deeplabv3plus,optical,val,3,0.7721912965133232,0.017154946390464658,0.8713829692152973,0.010954324648706194,0.9242168675335224,0.008835605172482077,0.0322535663047343,0.008802671739685452,0.02904830762250617,0.013889630214955989,0.008029929738114795,0.054668248830707526,0.8688999471771038,0.03236657800675789,0.8747148462450953,0.015683452372063953,0,3
deeplabv3plus,optical,test,3,0.7411925029329617,0.03737612304068164,0.851013282481078,0.024362830419297415,0.9315230327933715,0.013905260631683378,0.03964238443899167,0.008269045072187705,0.02487716967525241,0.011662334225537783,0.15310214673271996,0.10637470818599164,0.7974064474667103,0.059184835981788975,0.915310214673272,0.02072204883793139,0,3
deeplabv3plus,optical_indices,val,3,0.8004102419433609,0.030271787807836202,0.8889306111555366,0.0188644549757448,0.9474690331630843,0.013190008971339042,0.02445587138013958,0.004494273319819543,0.016981206417782873,0.008316147395405078,0.01624235787936856,0.029848951436918233,0.8822431525463355,0.030746855733243355,0.8959759102107857,0.008538994777159714,0,3
deeplabv3plus,optical_indices,test,3,0.7488922608340195,0.020713744363654803,0.8563115117346808,0.013610399029531406,0.9385392631422355,0.007376197710425809,0.03996544359102242,0.006717603340404699,0.026855500386572098,0.014167777742395223,0.15876385940080207,0.11332562956201533,0.8003099483402725,0.04508882932716942,0.9240386883698987,0.04340389953142508,0,3
deeplabv3plus,optical_sar,val,3,0.7748385957666276,0.026241597809818905,0.8729729933862725,0.01663618237658227,0.9364100795418683,0.021551659505930507,0.03249215102456312,0.010253516874916812,0.030555580193771997,0.01533359184238898,0.013231134227575507,0.028609353305966978,0.8674291922367064,0.015212690377401453,0.8788210603157222,0.024934084347335884,0,3
deeplabv3plus,optical_sar,test,3,0.662263425075379,0.07283103303849493,0.7952652627857028,0.053285204693121306,0.929215956492127,0.010113711818873026,0.04695696901371312,0.00744247874684681,0.03886517104670523,0.02388088573546654,0.44161358811040347,0.20585479436939022,0.6788750038603055,0.08370014958795756,0.9672092474640245,0.01557507038475497,0,3
deeplabv3plus,full,val,3,0.7939791652045435,0.03821381195306296,0.8848189158342555,0.02400869720894451,0.9419185156219275,0.008064582883814335,0.036879777071958046,0.01500975526556744,0.06783142596343635,0.06426467210215994,0.03896340907017063,0.03143253552510184,0.8687026424620571,0.03568360817830642,0.9018158591112329,0.012045931485287742,0,3
deeplabv3plus,full,test,3,0.7034357088458371,0.07493830957570838,0.8243762983375899,0.0520465233522389,0.9136507226557185,0.05124144406401804,0.06622717304871995,0.048378678755358256,0.09063571324894178,0.11946124734320603,0.2576079263977353,0.1474068374083734,0.744703454621286,0.0862146049855156,0.92828497287096,0.030269431342006065,0,3
segformer_b0,optical,val,3,0.5446954008600065,0.027283023871999854,0.7049754353994647,0.023009005576220473,0.7783498351662924,0.007572974894680201,0.07455627010840969,0.012701733702143834,0.1284250730859711,0.06539050802817324,-0.15028743498494387,0.09620466112972118,0.7715573779892639,0.06720943730360991,0.651336800802993,0.016875675789968014,2,3
segformer_b0,optical,test,3,0.20594137249290265,0.3318701193003555,0.26587189005925616,0.41259202490650304,0.41617834944805016,0.3369136435077186,0.14751551371213514,0.03172629197970222,0.15239594849742855,0.03246346217211637,-0.47935833923095067,0.47020255989207427,0.2759101412369433,0.3923944489705741,0.2656286860108516,0.42681692082895123,2,3
segformer_b0,optical_indices,val,3,0.6347268480557579,0.007981257982063355,0.776534529400981,0.005986369961781057,0.8278339495252096,0.018740256421874428,0.04639779156141987,0.0035151110822994125,0.027645755507947387,0.00940568132090583,-0.09544666484168263,0.05580177785946324,0.8184995818877346,0.021671391708721448,0.7395747787206862,0.02676900736134834,0,3
segformer_b0,optical_indices,test,3,0.7181622552730681,0.06607693097463642,0.834836590294383,0.044038887237614406,0.9250844724193431,0.025804190099392308,0.04870948016070065,0.013821676910164489,0.04141348331124075,0.008455239546419333,0.13470158056145318,0.11474866052716402,0.7878790880420738,0.05525794136644268,0.8910120311394197,0.06586305291324829,0,3
segformer_b0,optical_sar,val,3,0.677499544351714,0.13453834853714738,0.8023646869874231,0.10070799786406565,0.8524190933671191,0.11924828014090486,0.04155572284779022,0.019590004029485884,0.02617987731442568,0.0067692430311362935,-0.10092161693585182,0.015059436046193466,0.847075769491764,0.10204456713011523,0.7622045807099188,0.09940179744414905,1,3
segformer_b0,optical_sar,test,3,0.4149089164909247,0.29765072999272846,0.5392610026259511,0.3379147261430018,0.7255563547968674,0.18744090081029985,0.10688213271200926,0.05265994369252964,0.1106129339566632,0.04232905982613694,-0.3373437131398915,0.3985444174239611,0.6719724395605344,0.21453702669378524,0.49020995517810806,0.34469187616245156,1,3
segformer_b0,full,val,3,0.6622578838166443,0.09918290573210878,0.7938876262006063,0.07367330815731886,0.8679242435401507,0.06445116513648526,0.05177041727596258,0.03336827223524243,0.0865539297000062,0.09288337395708712,-0.11707272561365088,0.009360940672128592,0.8467823540993206,0.08228698386400815,0.747239711652523,0.06657209308963909,1,3
segformer_b0,full,test,3,0.416206712956839,0.3361287699191847,0.5235630239882738,0.40585546923655696,0.6876095880926524,0.39161414231864744,0.09383191154420391,0.07630202342827812,0.10526869320995165,0.06828818890041813,-0.40245340882283553,0.24375005957066911,0.6414721535888989,0.46471778303997296,0.44892663364000945,0.3594702235087259,1,3
