section,metric,description,status,evidence,model,variant,seed,component_id,component_total_px,covered_raw_px,core_px_in_test_windows,core_fraction_of_test_ref,n_coverage_fragments,value,iou,f1,recall,precision,n_ref_components_025,n_matches_025,n_valid_pixels,n_positive_pixels
static_silver_component_census,full_grid_component,static label census; prediction-free. Ecological patch (full-grid 8-connectivity) intersecting TEST coverage,PERSISTED,silver label + frozen split geometry,,optical_core_view,,silver-0015,2818.0,1522.0,1045.0,0.7395612172682237,4.0,,,,,,,,,
static_silver_component_census,full_grid_component,static label census; prediction-free. Ecological patch (full-grid 8-connectivity) intersecting TEST coverage,PERSISTED,silver label + frozen split geometry,,optical_core_view,,silver-0018,89.0,10.0,2.0,0.0014154281670205238,1.0,,,,,,,,,
static_silver_component_census,full_grid_component,static label census; prediction-free. Ecological patch (full-grid 8-connectivity) intersecting TEST coverage,PERSISTED,silver label + frozen split geometry,,optical_core_view,,silver-0023,353.0,353.0,240.0,0.16985138004246284,1.0,,,,,,,,,
static_silver_component_census,full_grid_component,static label census; prediction-free. Ecological patch (full-grid 8-connectivity) intersecting TEST coverage,PERSISTED,silver label + frozen split geometry,,optical_core_view,,silver-0024,18.0,18.0,3.0,0.0021231422505307855,1.0,,,,,,,,,
static_silver_component_census,full_grid_component,static label census; prediction-free. Ecological patch (full-grid 8-connectivity) intersecting TEST coverage,PERSISTED,silver label + frozen split geometry,,optical_core_view,,silver-0025,264.0,264.0,123.0,0.0870488322717622,5.0,,,,,,,,,
static_silver_component_census,totals,"5 full-grid patches vs 12 coverage-fragmented reference pieces (8 >= 10 px, 4 small)",PERSISTED,static census,,optical_core_view,,ALL,14271.0,2167.0,1413.0,1.0,12.0,,,,,,,,,
silver_component_request,per_silver_component_iou,SILVER component IoU,NOT_PERSISTED,"final_eval.py stored only aggregate evaluate_view output; stitched TEST probability rasters and per-component match lists were not written to disk, so the quantity cannot be recomputed without re-accessing TEST, which Issue #10 forbids. Evaluation v1.1 must persist the stitched probability mosaic and component match table.",,,,,,,,,,,,,,,,,,
silver_component_request,per_silver_component_area_ha,SILVER component area,NOT_PERSISTED,"final_eval.py stored only aggregate evaluate_view output; stitched TEST probability rasters and per-component match lists were not written to disk, so the quantity cannot be recomputed without re-accessing TEST, which Issue #10 forbids. Evaluation v1.1 must persist the stitched probability mosaic and component match table.",,,,,,,,,,,,,,,,,,
silver_component_request,per_silver_component_recall,SILVER component recall,NOT_PERSISTED,"final_eval.py stored only aggregate evaluate_view output; stitched TEST probability rasters and per-component match lists were not written to disk, so the quantity cannot be recomputed without re-accessing TEST, which Issue #10 forbids. Evaluation v1.1 must persist the stitched probability mosaic and component match table.",,,,,,,,,,,,,,,,,,
silver_component_request,per_silver_component_boundary_f1,SILVER component boundary F1,NOT_PERSISTED,"final_eval.py stored only aggregate evaluate_view output; stitched TEST probability rasters and per-component match lists were not written to disk, so the quantity cannot be recomputed without re-accessing TEST, which Issue #10 forbids. Evaluation v1.1 must persist the stitched probability mosaic and component match table.",,,,,,,,,,,,,,,,,,
silver_component_request,leave_one_component_out_iou,aggregate IoU recomputed excluding one SILVER component,NOT_PERSISTED,"final_eval.py stored only aggregate evaluate_view output; stitched TEST probability rasters and per-component match lists were not written to disk, so the quantity cannot be recomputed without re-accessing TEST, which Issue #10 forbids. Evaluation v1.1 must persist the stitched probability mosaic and component match table.",,,,,,,,,,,,,,,,,,
stored_test_aggregate,arbitrated_core,headline aggregate from stored test_metrics,PERSISTED,test_metrics.json,deeplabv3plus,full,17,,,,,,,0.6256085686465434,0.6256085686465434,0.7696915244085055,0.9094125973106865,0.6671858774662512,12.0,4.0,7728.0,1413.0
stored_test_aggregate,arbitrated_core,headline aggregate from stored test_metrics,PERSISTED,test_metrics.json,deeplabv3plus,full,2026,,,,,,,0.7095933263816475,0.7095933263816475,0.8301311375419335,0.9631988676574664,0.7293676312968917,12.0,7.0,7728.0,1413.0
stored_test_aggregate,arbitrated_core,headline aggregate from stored test_metrics,PERSISTED,test_metrics.json,deeplabv3plus,full,42,,,,,,,0.7751052315093205,0.7751052315093205,0.8733062330623306,0.9122434536447275,0.8375568551007148,12.0,7.0,7728.0,1413.0
stored_test_aggregate,arbitrated_core,headline aggregate from stored test_metrics,PERSISTED,test_metrics.json,deeplabv3plus,optical,17,,,,,,,0.7205240174672489,0.7205240174672489,0.8375634517766497,0.9341825902335457,0.7590569292696953,12.0,7.0,8385.0,1413.0
stored_test_aggregate,arbitrated_core,headline aggregate from stored test_metrics,PERSISTED,test_metrics.json,deeplabv3plus,optical,2026,,,,,,,0.7187153931339978,0.7187153931339978,0.836340206185567,0.9186128803963199,0.7675931401537551,12.0,8.0,8385.0,1413.0
stored_test_aggregate,arbitrated_core,headline aggregate from stored test_metrics,PERSISTED,test_metrics.json,deeplabv3plus,optical,42,,,,,,,0.7843380981976383,0.7843380981976383,0.879136189481017,0.8931351733899504,0.8655692729766804,12.0,7.0,8385.0,1413.0
stored_test_aggregate,arbitrated_core,headline aggregate from stored test_metrics,PERSISTED,test_metrics.json,deeplabv3plus,optical_indices,17,,,,,,,0.7659453302961275,0.7659453302961275,0.8674621089970977,0.9518754423213022,0.7968009478672986,12.0,6.0,7806.0,1413.0
stored_test_aggregate,arbitrated_core,headline aggregate from stored test_metrics,PERSISTED,test_metrics.json,deeplabv3plus,optical_indices,2026,,,,,,,0.7548899755501223,0.7548899755501223,0.86032741205155,0.8740268931351733,0.8470507544581619,12.0,7.0,7806.0,1413.0
stored_test_aggregate,arbitrated_core,headline aggregate from stored test_metrics,PERSISTED,test_metrics.json,deeplabv3plus,optical_indices,42,,,,,,,0.7258414766558089,0.7258414766558089,0.8411450141553948,0.9462137296532201,0.7570781426953568,12.0,6.0,7806.0,1413.0
stored_test_aggregate,arbitrated_core,headline aggregate from stored test_metrics,PERSISTED,test_metrics.json,deeplabv3plus,optical_sar,17,,,,,,,0.7297883884970158,0.7297883884970158,0.8437892095357591,0.9518754423213022,0.7577464788732394,12.0,6.0,7749.0,1413.0
stored_test_aggregate,arbitrated_core,headline aggregate from stored test_metrics,PERSISTED,test_metrics.json,deeplabv3plus,optical_sar,2026,,,,,,,0.6719134284308903,0.6719134284308903,0.8037658134745513,0.9667374380750177,0.6878147029204431,12.0,7.0,7749.0,1413.0
stored_test_aggregate,arbitrated_core,headline aggregate from stored test_metrics,PERSISTED,test_metrics.json,deeplabv3plus,optical_sar,42,,,,,,,0.5850884582982309,0.5850884582982309,0.7382407653467977,0.9830148619957537,0.591063829787234,12.0,5.0,7749.0,1413.0
stored_test_aggregate,arbitrated_core,headline aggregate from stored test_metrics,PERSISTED,test_metrics.json,random_forest,full,17,,,,,,,0.6926517571884984,0.6926517571884984,0.8184220460551151,0.7671620665251239,0.8770226537216829,12.0,8.0,7728.0,1413.0
stored_test_aggregate,arbitrated_core,headline aggregate from stored test_metrics,PERSISTED,test_metrics.json,random_forest,full,2026,,,,,,,0.689171974522293,0.689171974522293,0.8159879336349924,0.7657466383581033,0.8732849071832123,12.0,8.0,7728.0,1413.0
stored_test_aggregate,arbitrated_core,headline aggregate from stored test_metrics,PERSISTED,test_metrics.json,random_forest,full,42,,,,,,,0.6910362364907819,0.6910362364907819,0.8172932330827067,0.7692852087756546,0.871692060946271,12.0,8.0,7728.0,1413.0
stored_test_aggregate,arbitrated_core,headline aggregate from stored test_metrics,PERSISTED,test_metrics.json,random_forest,optical,17,,,,,,,0.6975460122699386,0.6975460122699386,0.8218286953379111,0.8046709129511678,0.8397341211225997,12.0,8.0,8385.0,1413.0
stored_test_aggregate,arbitrated_core,headline aggregate from stored test_metrics,PERSISTED,test_metrics.json,random_forest,optical,2026,,,,,,,0.6855384615384615,0.6855384615384615,0.8134355604235123,0.7883934890304317,0.8401206636500754,12.0,9.0,8385.0,1413.0
stored_test_aggregate,arbitrated_core,headline aggregate from stored test_metrics,PERSISTED,test_metrics.json,random_forest,optical,42,,,,,,,0.6918354818907305,0.6918354818907305,0.8178519593613933,0.7975937721160651,0.8391660461653015,12.0,8.0,8385.0,1413.0
stored_test_aggregate,arbitrated_core,headline aggregate from stored test_metrics,PERSISTED,test_metrics.json,random_forest,optical_indices,17,,,,,,,0.6878504672897197,0.6878504672897197,0.8150609080841639,0.7813163481953291,0.8518518518518519,12.0,8.0,7806.0,1413.0
stored_test_aggregate,arbitrated_core,headline aggregate from stored test_metrics,PERSISTED,test_metrics.json,random_forest,optical_indices,2026,,,,,,,0.6964956195244055,0.6964956195244055,0.8210992253780892,0.7876857749469215,0.8574730354391371,12.0,9.0,7806.0,1413.0
stored_test_aggregate,arbitrated_core,headline aggregate from stored test_metrics,PERSISTED,test_metrics.json,random_forest,optical_indices,42,,,,,,,0.6877715704531348,0.6877715704531348,0.8150055167340934,0.7841472045293701,0.8483920367534457,12.0,8.0,7806.0,1413.0
stored_test_aggregate,arbitrated_core,headline aggregate from stored test_metrics,PERSISTED,test_metrics.json,random_forest,optical_sar,17,,,,,,,0.6882202304737516,0.6882202304737516,0.8153204398938187,0.7607926397735315,0.8782679738562091,12.0,8.0,7749.0,1413.0
stored_test_aggregate,arbitrated_core,headline aggregate from stored test_metrics,PERSISTED,test_metrics.json,random_forest,optical_sar,2026,,,,,,,0.6892583120204604,0.6892583120204604,0.8160484481453444,0.7629157820240623,0.8771358828315704,12.0,8.0,7749.0,1413.0
stored_test_aggregate,arbitrated_core,headline aggregate from stored test_metrics,PERSISTED,test_metrics.json,random_forest,optical_sar,42,,,,,,,0.6891025641025641,0.6891025641025641,0.8159392789373814,0.7607926397735315,0.8797054009819967,12.0,8.0,7749.0,1413.0
stored_test_aggregate,arbitrated_core,headline aggregate from stored test_metrics,PERSISTED,test_metrics.json,sai,spectral_sai,,,,,,,,0.18088649756597489,0.18088649756597489,0.306357127359514,0.9992922859164898,0.1809096732863549,12.0,4.0,7806.0,1413.0
stored_test_aggregate,arbitrated_core,headline aggregate from stored test_metrics,PERSISTED,test_metrics.json,segformer_b0,full,17,,,,,,,0.6212980466288595,0.6212980466288595,0.7664205207928488,0.6978060863411182,0.85,12.0,4.0,7728.0,1413.0
stored_test_aggregate,arbitrated_core,headline aggregate from stored test_metrics,PERSISTED,test_metrics.json,segformer_b0,full,2026,,,,,,,0.5990304709141274,0.5990304709141274,0.7492420961455175,0.6121726822363766,0.9654017857142857,12.0,6.0,7728.0,1413.0
stored_test_aggregate,arbitrated_core,headline aggregate from stored test_metrics,PERSISTED,test_metrics.json,segformer_b0,full,42,,,,,,,0.028291621327529923,0.028291621327529923,0.05502645502645503,0.03680113234253362,0.1090146750524109,12.0,0.0,7728.0,1413.0
stored_test_aggregate,arbitrated_core,headline aggregate from stored test_metrics,PERSISTED,test_metrics.json,segformer_b0,optical,17,,,,,,,0.02903907074973601,0.02903907074973601,0.05643919958953309,0.038924274593064405,0.10261194029850747,12.0,0.0,8385.0,1413.0
stored_test_aggregate,arbitrated_core,headline aggregate from stored test_metrics,PERSISTED,test_metrics.json,segformer_b0,optical,2026,,,,,,,0.5887850467289719,0.5887850467289719,0.7411764705882353,0.7579617834394905,0.7251184834123223,12.0,7.0,8385.0,1413.0
stored_test_aggregate,arbitrated_core,headline aggregate from stored test_metrics,PERSISTED,test_metrics.json,segformer_b0,optical,42,,,,,,,0.0,0.0,0.0,0.0,0.0,12.0,0.0,8385.0,1413.0
stored_test_aggregate,arbitrated_core,headline aggregate from stored test_metrics,PERSISTED,test_metrics.json,segformer_b0,optical_indices,17,,,,,,,0.7927187316500294,0.7927187316500294,0.8843760235833606,0.9554140127388535,0.823170731707317,12.0,6.0,7806.0,1413.0
stored_test_aggregate,arbitrated_core,headline aggregate from stored test_metrics,PERSISTED,test_metrics.json,segformer_b0,optical_indices,2026,,,,,,,0.6949253731343283,0.6949253731343283,0.8200070447340613,0.8237791932059448,0.8162692847124825,12.0,7.0,7806.0,1413.0
stored_test_aggregate,arbitrated_core,headline aggregate from stored test_metrics,PERSISTED,test_metrics.json,segformer_b0,optical_indices,42,,,,,,,0.6668426610348469,0.6668426610348469,0.8001267025657269,0.8938428874734607,0.724197247706422,12.0,7.0,7806.0,1413.0
stored_test_aggregate,arbitrated_core,headline aggregate from stored test_metrics,PERSISTED,test_metrics.json,segformer_b0,optical_sar,17,,,,,,,0.4959393611261505,0.4959393611261505,0.66304741223308,0.6482661004953999,0.6785185185185185,12.0,6.0,7749.0,1413.0
stored_test_aggregate,arbitrated_core,headline aggregate from stored test_metrics,PERSISTED,test_metrics.json,segformer_b0,optical_sar,2026,,,,,,,0.6636539703034215,0.6636539703034215,0.7978269305393869,0.7275300778485492,0.8831615120274914,12.0,7.0,7749.0,1413.0
stored_test_aggregate,arbitrated_core,headline aggregate from stored test_metrics,PERSISTED,test_metrics.json,segformer_b0,optical_sar,42,,,,,,,0.08513341804320203,0.08513341804320203,0.15690866510538642,0.09483368719037509,0.4542372881355932,12.0,2.0,7749.0,1413.0
stored_test_aggregate,arbitrated_core,headline aggregate from stored test_metrics,PERSISTED,test_metrics.json,unet,full,17,,,,,,,0.688978359335682,0.688978359335682,0.8158522050059595,0.9688605803255484,0.7045805455481214,12.0,6.0,7728.0,1413.0
stored_test_aggregate,arbitrated_core,headline aggregate from stored test_metrics,PERSISTED,test_metrics.json,unet,full,2026,,,,,,,0.5889596602972399,0.5889596602972399,0.7413148049171566,0.9815994338287332,0.5955345641906398,12.0,7.0,7728.0,1413.0
stored_test_aggregate,arbitrated_core,headline aggregate from stored test_metrics,PERSISTED,test_metrics.json,unet,full,42,,,,,,,0.8069007263922519,0.8069007263922519,0.8931323283082077,0.943382873319179,0.8479643765903307,12.0,7.0,7728.0,1413.0
stored_test_aggregate,arbitrated_core,headline aggregate from stored test_metrics,PERSISTED,test_metrics.json,unet,optical,17,,,,,,,0.7818294190358467,0.7818294190358467,0.8775580992022199,0.8952583156404812,0.8605442176870748,12.0,6.0,8385.0,1413.0
stored_test_aggregate,arbitrated_core,headline aggregate from stored test_metrics,PERSISTED,test_metrics.json,unet,optical,2026,,,,,,,0.6612127045235804,0.6612127045235804,0.7960602549246814,0.9723991507430998,0.6738597351642962,12.0,7.0,8385.0,1413.0
stored_test_aggregate,arbitrated_core,headline aggregate from stored test_metrics,PERSISTED,test_metrics.json,unet,optical,42,,,,,,,0.7985823981098642,0.7985823981098642,0.8880131362889984,0.9568294409058741,0.8284313725490197,12.0,7.0,8385.0,1413.0
stored_test_aggregate,arbitrated_core,headline aggregate from stored test_metrics,PERSISTED,test_metrics.json,unet,optical_indices,17,,,,,,,0.842002600780234,0.842002600780234,0.9142252029650547,0.916489738145789,0.9119718309859155,12.0,7.0,7806.0,1413.0
stored_test_aggregate,arbitrated_core,headline aggregate from stored test_metrics,PERSISTED,test_metrics.json,unet,optical_indices,2026,,,,,,,0.7761958997722096,0.7761958997722096,0.8739980763065085,0.9646142958244869,0.7989449003516998,12.0,8.0,7806.0,1413.0
stored_test_aggregate,arbitrated_core,headline aggregate from stored test_metrics,PERSISTED,test_metrics.json,unet,optical_indices,42,,,,,,,0.8303293971410814,0.8303293971410814,0.9073005093378608,0.9455060155697098,0.8720626631853786,12.0,7.0,7806.0,1413.0
stored_test_aggregate,arbitrated_core,headline aggregate from stored test_metrics,PERSISTED,test_metrics.json,unet,optical_sar,17,,,,,,,0.7413978494623656,0.7413978494623656,0.851497375733251,0.9759377211606511,0.7552026286966046,12.0,5.0,7749.0,1413.0
stored_test_aggregate,arbitrated_core,headline aggregate from stored test_metrics,PERSISTED,test_metrics.json,unet,optical_sar,2026,,,,,,,0.8105076741440378,0.8105076741440378,0.8953374633192044,0.9716914366595896,0.8301088270858524,12.0,8.0,7749.0,1413.0
stored_test_aggregate,arbitrated_core,headline aggregate from stored test_metrics,PERSISTED,test_metrics.json,unet,optical_sar,42,,,,,,,0.7018255578093306,0.7018255578093306,0.8247914183551848,0.9794762915782024,0.712300566134843,12.0,6.0,7749.0,1413.0
