run_id,model,variant,seed,phase,status,in_official_means,val_threshold,val_core_iou,has_test_metrics,run_dir
deeplabv3plus_full_seed-17_20260927T081240Z,deeplabv3plus,full,17.0,official,COMPLETED,True,0.62,0.7505773672055427,True,runs/pilot0/deeplabv3plus/full/seed-17/deeplabv3plus_full_seed-17_20260927T081240Z
deeplabv3plus_full_seed-42_20260927T081333Z,deeplabv3plus,full,42.0,official,COMPLETED,True,0.08,0.8225726959093149,True,runs/pilot0/deeplabv3plus/full/seed-42/deeplabv3plus_full_seed-42_20260927T081333Z
deeplabv3plus_full_seed-2026_20260927T081333Z,deeplabv3plus,full,2026.0,official,COMPLETED,True,0.15,0.8087874324987727,True,runs/pilot0/deeplabv3plus/full/seed-2026/deeplabv3plus_full_seed-2026_20260927T081333Z
deeplabv3plus_optical_seed-17_20260927T080905Z,deeplabv3plus,optical,17.0,official,COMPLETED,True,0.14,0.7754142963146179,True,runs/pilot0/deeplabv3plus/optical/seed-17/deeplabv3plus_optical_seed-17_20260927T080905Z
deeplabv3plus_optical_seed-17_20260927T075248Z,deeplabv3plus,optical,17.0,smoke,SMOKE_OK,False,0.51,0.2525441885377611,False,runs/pilot0/deeplabv3plus/optical/seed-17/deeplabv3plus_optical_seed-17_20260927T075248Z
deeplabv3plus_optical_seed-42_20260927T080905Z,deeplabv3plus,optical,42.0,official,COMPLETED,True,0.26,0.7875061485489424,True,runs/pilot0/deeplabv3plus/optical/seed-42/deeplabv3plus_optical_seed-42_20260927T080905Z
deeplabv3plus_optical_seed-2026_20260927T080951Z,deeplabv3plus,optical,2026.0,official,COMPLETED,True,0.06,0.7536534446764092,True,runs/pilot0/deeplabv3plus/optical/seed-2026/deeplabv3plus_optical_seed-2026_20260927T080951Z
deeplabv3plus_optical_indices_seed-17_20260927T080951Z,deeplabv3plus,optical_indices,17.0,official,COMPLETED,True,0.15,0.7654554034922133,True,runs/pilot0/deeplabv3plus/optical_indices/seed-17/deeplabv3plus_optical_indices_seed-17_20260927T080951Z
deeplabv3plus_optical_indices_seed-42_20260927T081046Z,deeplabv3plus,optical_indices,42.0,official,COMPLETED,True,0.34,0.8178633975481612,True,runs/pilot0/deeplabv3plus/optical_indices/seed-42/deeplabv3plus_optical_indices_seed-42_20260927T081046Z
deeplabv3plus_optical_indices_seed-2026_20260927T081046Z,deeplabv3plus,optical_indices,2026.0,official,COMPLETED,True,0.07,0.8179119247897081,True,runs/pilot0/deeplabv3plus/optical_indices/seed-2026/deeplabv3plus_optical_indices_seed-2026_20260927T081046Z
deeplabv3plus_optical_sar_seed-17_20260927T081154Z,deeplabv3plus,optical_sar,17.0,official,COMPLETED,True,0.6,0.8020578147966683,True,runs/pilot0/deeplabv3plus/optical_sar/seed-17/deeplabv3plus_optical_sar_seed-17_20260927T081154Z
deeplabv3plus_optical_sar_seed-42_20260927T081154Z,deeplabv3plus,optical_sar,42.0,official,COMPLETED,True,0.1,0.7727596862372237,True,runs/pilot0/deeplabv3plus/optical_sar/seed-42/deeplabv3plus_optical_sar_seed-42_20260927T081154Z
deeplabv3plus_optical_sar_seed-2026_20260927T081241Z,deeplabv3plus,optical_sar,2026.0,official,COMPLETED,True,0.05,0.7496982862659908,True,runs/pilot0/deeplabv3plus/optical_sar/seed-2026/deeplabv3plus_optical_sar_seed-2026_20260927T081241Z
random_forest_full_seed-17_20260927T075734Z,random_forest,full,17.0,official,COMPLETED,True,0.05,0.5224586288416075,True,runs/pilot0/random_forest/full/seed-17/random_forest_full_seed-17_20260927T075734Z
random_forest_full_seed-42_20260927T075751Z,random_forest,full,42.0,official,COMPLETED,True,0.05,0.5131233595800525,True,runs/pilot0/random_forest/full/seed-42/random_forest_full_seed-42_20260927T075751Z
random_forest_full_seed-2026_20260927T075808Z,random_forest,full,2026.0,official,COMPLETED,True,0.05,0.5152151101783841,True,runs/pilot0/random_forest/full/seed-2026/random_forest_full_seed-2026_20260927T075808Z
random_forest_optical_seed-17_20260927T075450Z,random_forest,optical,17.0,official,COMPLETED,True,0.05,0.45956907477820025,True,runs/pilot0/random_forest/optical/seed-17/random_forest_optical_seed-17_20260927T075450Z
random_forest_optical_seed-42_20260927T075518Z,random_forest,optical,42.0,official,COMPLETED,True,0.05,0.45180111618467783,True,runs/pilot0/random_forest/optical/seed-42/random_forest_optical_seed-42_20260927T075518Z
random_forest_optical_seed-2026_20260927T075534Z,random_forest,optical,2026.0,official,COMPLETED,True,0.05,0.4523990860624524,True,runs/pilot0/random_forest/optical/seed-2026/random_forest_optical_seed-2026_20260927T075534Z
random_forest_optical_indices_seed-17_20260927T075551Z,random_forest,optical_indices,17.0,official,COMPLETED,True,0.05,0.44647387113140535,True,runs/pilot0/random_forest/optical_indices/seed-17/random_forest_optical_indices_seed-17_20260927T075551Z
random_forest_optical_indices_seed-42_20260927T075608Z,random_forest,optical_indices,42.0,official,COMPLETED,True,0.05,0.4536213468869123,True,runs/pilot0/random_forest/optical_indices/seed-42/random_forest_optical_indices_seed-42_20260927T075608Z
random_forest_optical_indices_seed-2026_20260927T075625Z,random_forest,optical_indices,2026.0,official,COMPLETED,True,0.05,0.44537815126050423,True,runs/pilot0/random_forest/optical_indices/seed-2026/random_forest_optical_indices_seed-2026_20260927T075625Z
random_forest_optical_sar_seed-17_20260927T075642Z,random_forest,optical_sar,17.0,official,COMPLETED,True,0.05,0.511175387851696,True,runs/pilot0/random_forest/optical_sar/seed-17/random_forest_optical_sar_seed-17_20260927T075642Z
random_forest_optical_sar_seed-42_20260927T075659Z,random_forest,optical_sar,42.0,official,COMPLETED,True,0.05,0.5073606729758149,True,runs/pilot0/random_forest/optical_sar/seed-42/random_forest_optical_sar_seed-42_20260927T075659Z
random_forest_optical_sar_seed-2026_20260927T075716Z,random_forest,optical_sar,2026.0,official,COMPLETED,True,0.05,0.5106494872469103,True,runs/pilot0/random_forest/optical_sar/seed-2026/random_forest_optical_sar_seed-2026_20260927T075716Z
sai_spectral_sai_deterministic_20260927T075401Z,sai,spectral_sai,,official,COMPLETED,True,0.5,0.11892987155711245,True,runs/pilot0/sai/spectral_sai/deterministic/sai_spectral_sai_deterministic_20260927T075401Z
segformer_b0_full_seed-17_20260927T082004Z,segformer_b0,full,17.0,official,COMPLETED,True,0.48,0.6887092823903992,True,runs/pilot0/segformer_b0/full/seed-17/segformer_b0_full_seed-17_20260927T082004Z
segformer_b0_full_seed-42_20260927T082125Z,segformer_b0,full,42.0,official,COMPLETED,True,0.5,0.5525309336332959,True,runs/pilot0/segformer_b0/full/seed-42/segformer_b0_full_seed-42_20260927T082125Z
segformer_b0_full_seed-2026_20260927T082125Z,segformer_b0,full,2026.0,official,COMPLETED,True,0.6,0.7455334354262378,True,runs/pilot0/segformer_b0/full/seed-2026/segformer_b0_full_seed-2026_20260927T082125Z
segformer_b0_optical_seed-17_20260927T081450Z,segformer_b0,optical,17.0,official,COMPLETED,True,0.46,0.5148116800677105,True,runs/pilot0/segformer_b0/optical/seed-17/segformer_b0_optical_seed-17_20260927T081450Z
segformer_b0_optical_seed-17_20260927T075312Z,segformer_b0,optical,17.0,smoke,SMOKE_OK,False,0.45,0.17620065703707566,False,runs/pilot0/segformer_b0/optical/seed-17/segformer_b0_optical_seed-17_20260927T075312Z
segformer_b0_optical_seed-42_20260927T081450Z,segformer_b0,optical,42.0,official,COMPLETED,True,0.58,0.5510009532888466,True,runs/pilot0/segformer_b0/optical/seed-42/segformer_b0_optical_seed-42_20260927T081450Z
segformer_b0_optical_seed-2026_20260927T081529Z,segformer_b0,optical,2026.0,official,COMPLETED,True,0.07,0.5682735692234624,True,runs/pilot0/segformer_b0/optical/seed-2026/segformer_b0_optical_seed-2026_20260927T081529Z
segformer_b0_optical_indices_seed-17_20260927T081529Z,segformer_b0,optical_indices,17.0,official,COMPLETED,True,0.14,0.6373879052655783,True,runs/pilot0/segformer_b0/optical_indices/seed-17/segformer_b0_optical_indices_seed-17_20260927T081529Z
segformer_b0_optical_indices_seed-42_20260927T081653Z,segformer_b0,optical_indices,42.0,official,COMPLETED,True,0.22,0.6410376256134611,True,runs/pilot0/segformer_b0/optical_indices/seed-42/segformer_b0_optical_indices_seed-42_20260927T081653Z
segformer_b0_optical_indices_seed-2026_20260927T081653Z,segformer_b0,optical_indices,2026.0,official,COMPLETED,True,0.13,0.6257550132882339,True,runs/pilot0/segformer_b0/optical_indices/seed-2026/segformer_b0_optical_indices_seed-2026_20260927T081653Z
segformer_b0_optical_sar_seed-17_20260927T081817Z,segformer_b0,optical_sar,17.0,official,COMPLETED,True,0.16,0.522180534098433,True,runs/pilot0/segformer_b0/optical_sar/seed-17/segformer_b0_optical_sar_seed-17_20260927T081817Z
segformer_b0_optical_sar_seed-42_20260927T081817Z,segformer_b0,optical_sar,42.0,official,COMPLETED,True,0.19,0.752407501267106,True,runs/pilot0/segformer_b0/optical_sar/seed-42/segformer_b0_optical_sar_seed-42_20260927T081817Z
segformer_b0_optical_sar_seed-2026_20260927T082004Z,segformer_b0,optical_sar,2026.0,official,COMPLETED,True,0.38,0.7579105976896032,True,runs/pilot0/segformer_b0/optical_sar/seed-2026/segformer_b0_optical_sar_seed-2026_20260927T082004Z
unet_full_seed-17_20260927T080627Z,unet,full,17.0,official,COMPLETED,True,0.67,0.8685199098422239,True,runs/pilot0/unet/full/seed-17/unet_full_seed-17_20260927T080627Z
unet_full_seed-42_20260927T080746Z,unet,full,42.0,official,COMPLETED,True,0.25,0.8998696219035202,True,runs/pilot0/unet/full/seed-42/unet_full_seed-42_20260927T080746Z
unet_full_seed-2026_20260927T080746Z,unet,full,2026.0,official,COMPLETED,True,0.65,0.7743931461208948,True,runs/pilot0/unet/full/seed-2026/unet_full_seed-2026_20260927T080746Z
unet_optical_seed-17_20260927T080220Z,unet,optical,17.0,official,COMPLETED,True,0.81,0.7964267740312028,True,runs/pilot0/unet/optical/seed-17/unet_optical_seed-17_20260927T080220Z
unet_optical_seed-17_20260927T075110Z,unet,optical,17.0,smoke,FAILED,False,,,False,runs/pilot0/unet/optical/seed-17/unet_optical_seed-17_20260927T075110Z
unet_optical_seed-17_20260927T075139Z,unet,optical,17.0,smoke,FAILED,False,,,False,runs/pilot0/unet/optical/seed-17/unet_optical_seed-17_20260927T075139Z
unet_optical_seed-17_20260927T075208Z,unet,optical,17.0,smoke,SMOKE_OK,False,0.4,0.1647911291650656,False,runs/pilot0/unet/optical/seed-17/unet_optical_seed-17_20260927T075208Z
unet_optical_seed-42_20260927T080220Z,unet,optical,42.0,official,COMPLETED,True,0.07,0.8243618903209502,True,runs/pilot0/unet/optical/seed-42/unet_optical_seed-42_20260927T080220Z
unet_optical_seed-2026_20260927T080307Z,unet,optical,2026.0,official,COMPLETED,True,0.06,0.8286704629858876,True,runs/pilot0/unet/optical/seed-2026/unet_optical_seed-2026_20260927T080307Z
unet_optical_indices_seed-17_20260927T080307Z,unet,optical_indices,17.0,official,COMPLETED,True,0.07,0.8947505197505198,True,runs/pilot0/unet/optical_indices/seed-17/unet_optical_indices_seed-17_20260927T080307Z
unet_optical_indices_seed-42_20260927T080435Z,unet,optical_indices,42.0,official,COMPLETED,True,0.71,0.8480342741935484,True,runs/pilot0/unet/optical_indices/seed-42/unet_optical_indices_seed-42_20260927T080435Z
unet_optical_indices_seed-2026_20260927T080435Z,unet,optical_indices,2026.0,official,COMPLETED,True,0.16,0.8756701557314271,True,runs/pilot0/unet/optical_indices/seed-2026/unet_optical_indices_seed-2026_20260927T080435Z
unet_optical_sar_seed-17_20260927T080533Z,unet,optical_sar,17.0,official,COMPLETED,True,0.36,0.8176982591876208,True,runs/pilot0/unet/optical_sar/seed-17/unet_optical_sar_seed-17_20260927T080533Z
unet_optical_sar_seed-42_20260927T080533Z,unet,optical_sar,42.0,official,COMPLETED,True,0.64,0.8453038674033149,True,runs/pilot0/unet/optical_sar/seed-42/unet_optical_sar_seed-42_20260927T080533Z
unet_optical_sar_seed-2026_20260927T080627Z,unet,optical_sar,2026.0,official,COMPLETED,True,0.05,0.8740379681888147,True,runs/pilot0/unet/optical_sar/seed-2026/unet_optical_sar_seed-2026_20260927T080627Z
