run_id,model,variant,seed,drop,view,iou,f1,auprc,brier,ece,signed_area_bias,baseline_iou,iou_delta_vs_full
deeplabv3plus_full_seed-17_20260927T081240Z,deeplabv3plus,full,17,indices,arbitrated_core,0.06580645161290323,0.1234866828087167,0.37023127896257135,0.13931765083755646,0.10416240450264752,-0.8308563340410474,0.6256085686465434,-0.5598021170336401
deeplabv3plus_full_seed-17_20260927T081240Z,deeplabv3plus,full,17,indices,silver_strict,0.06580645161290323,0.1234866828087167,0.3688536691179657,0.13934310380209688,0.10495840119931009,-0.8308563340410474,0.6189788053949904,-0.5531723537820872
deeplabv3plus_full_seed-17_20260927T081240Z,deeplabv3plus,full,17,sar,arbitrated_core,0.5404858299595142,0.7017082785808147,0.839097186262624,0.1725113599842569,0.3018908249503522,0.6928520877565464,0.6256085686465434,-0.08512273868702913
deeplabv3plus_full_seed-17_20260927T081240Z,deeplabv3plus,full,17,sar,silver_strict,0.5357142857142857,0.6976744186046512,0.8338005077943781,0.17409991974681266,0.30346210593946515,0.7084217975937721,0.6189788053949904,-0.0832645196807047
deeplabv3plus_full_seed-17_20260927T081240Z,deeplabv3plus,full,17,sar_indices,arbitrated_core,0.2753262896208825,0.4317738791423002,0.5240507462394538,0.14567892258558962,0.16430999070220853,-0.5477707006369427,0.6256085686465434,-0.35028227902566084
deeplabv3plus_full_seed-17_20260927T081240Z,deeplabv3plus,full,17,sar_indices,silver_strict,0.2753262896208825,0.4317738791423002,0.5233188079222931,0.14572130196674285,0.16497984295122087,-0.5477707006369427,0.6189788053949904,-0.3436525157741079
deeplabv3plus_full_seed-2026_20260927T081333Z,deeplabv3plus,full,2026,indices,arbitrated_core,0.5194274028629857,0.6837146702557201,0.8751693735072594,0.1095212136698329,0.12575891343192205,-0.42250530785562634,0.7095933263816475,-0.1901659235186618
deeplabv3plus_full_seed-2026_20260927T081333Z,deeplabv3plus,full,2026,indices,silver_strict,0.5155615696887687,0.6803571428571429,0.8683783169151303,0.10929203546636956,0.12494476584032657,-0.41472045293701343,0.7015463917525773,-0.18598482206380862
deeplabv3plus_full_seed-2026_20260927T081333Z,deeplabv3plus,full,2026,sar,arbitrated_core,0.6187245590230664,0.7644593461860855,0.8923255091626074,0.05126318551417569,0.02312355412398784,0.5329087048832272,0.7095933263816475,-0.09086876735858107
deeplabv3plus_full_seed-2026_20260927T081333Z,deeplabv3plus,full,2026,sar,silver_strict,0.612628750559785,0.7597889475145793,0.8877884289768146,0.052850703482331896,0.0252476012959115,0.5484784147204529,0.7015463917525773,-0.08891764119279222
deeplabv3plus_full_seed-2026_20260927T081333Z,deeplabv3plus,full,2026,sar_indices,arbitrated_core,0.5217391304347826,0.6857142857142857,0.8072002869323452,0.07769120088642525,0.05148769145943301,0.22929936305732485,0.7095933263816475,-0.18785419594686492
deeplabv3plus_full_seed-2026_20260927T081333Z,deeplabv3plus,full,2026,sar_indices,silver_strict,0.5199807414540202,0.6841938549255623,0.8065273542340908,0.07751038937322861,0.0510311294296576,0.23425336164189667,0.7015463917525773,-0.1815656502985571
deeplabv3plus_full_seed-42_20260927T081333Z,deeplabv3plus,full,42,indices,arbitrated_core,0.3371024734982332,0.5042283298097252,0.7988432028116973,0.15122438422873438,0.16252263414472973,-0.6610049539985846,0.7751052315093205,-0.43800275801108735
deeplabv3plus_full_seed-42_20260927T081333Z,deeplabv3plus,full,42,indices,silver_strict,0.3345021037868163,0.5013137151865475,0.7864262358353806,0.1508447269527478,0.16175788816437123,-0.6532200990799717,0.7649851632047477,-0.43048305941793147
deeplabv3plus_full_seed-42_20260927T081333Z,deeplabv3plus,full,42,sar,arbitrated_core,0.704225352112676,0.8264462809917356,0.9207008380193273,0.04654582234593972,0.031143051175295523,0.22646850672328378,0.7751052315093205,-0.07087987939664453
deeplabv3plus_full_seed-42_20260927T081333Z,deeplabv3plus,full,42,sar,silver_strict,0.6963042313872523,0.8209662140827282,0.918050194361525,0.047191753009071996,0.03060152955821925,0.2413305024769993,0.7649851632047477,-0.06868093181749546
deeplabv3plus_full_seed-42_20260927T081333Z,deeplabv3plus,full,42,sar_indices,arbitrated_core,0.42229102167182664,0.5938180235089247,0.6973245556586308,0.13304609028378794,0.14105672704843578,-0.3743807501769285,0.7751052315093205,-0.3528142098374939
deeplabv3plus_full_seed-42_20260927T081333Z,deeplabv3plus,full,42,sar_indices,silver_strict,0.422029702970297,0.5935596170583116,0.6957073937542086,0.13267448140997323,0.1405442013412474,-0.37367303609341823,0.7649851632047477,-0.3429554602344507
segformer_b0_full_seed-17_20260927T082004Z,segformer_b0,full,17,indices,arbitrated_core,0.22807017543859648,0.37142857142857144,0.8135047973191556,0.09978209367892538,0.10010703130746665,-0.7615003538570417,0.6212980466288595,-0.393227871190263
segformer_b0_full_seed-17_20260927T082004Z,segformer_b0,full,17,indices,silver_strict,0.22807017543859648,0.37142857142857144,0.8103563822214174,0.09962075439581561,0.09926763479651943,-0.7615003538570417,0.6185696361355082,-0.3904994606969117
segformer_b0_full_seed-17_20260927T082004Z,segformer_b0,full,17,sar,arbitrated_core,0.20226308345120225,0.33647058823529413,0.7136219573382027,0.11405485117416714,0.08712680808289697,-0.7968860580325549,0.6212980466288595,-0.4190349631776572
segformer_b0_full_seed-17_20260927T082004Z,segformer_b0,full,17,sar,silver_strict,0.20226308345120225,0.33647058823529413,0.7102100318572607,0.11383484990708567,0.0863384392684506,-0.7968860580325549,0.6185696361355082,-0.41630655268430594
segformer_b0_full_seed-17_20260927T082004Z,segformer_b0,full,17,sar_indices,arbitrated_core,0.0,0.0,0.3202316781654534,0.1609139300626466,0.13109411052225725,-1.0,0.6212980466288595,-0.6212980466288595
segformer_b0_full_seed-17_20260927T082004Z,segformer_b0,full,17,sar_indices,silver_strict,0.0,0.0,0.31692113058022653,0.16049150338341356,0.13041919290250345,-1.0,0.6185696361355082,-0.6185696361355082
segformer_b0_full_seed-2026_20260927T082125Z,segformer_b0,full,2026,indices,arbitrated_core,0.12508833922261484,0.22236180904522612,0.910725027919898,0.09057005898973483,0.11351563206509403,-0.8733191790516631,0.5990304709141274,-0.47394213169151256
segformer_b0_full_seed-2026_20260927T082125Z,segformer_b0,full,2026,indices,silver_strict,0.12456016889514426,0.22152690863579474,0.8899947925490889,0.09101556432487116,0.11183743760662697,-0.8690728945506015,0.5924657534246576,-0.4679055845295133
segformer_b0_full_seed-2026_20260927T082125Z,segformer_b0,full,2026,sar,arbitrated_core,0.005661712668082095,0.011259676284306826,0.7071798731606305,0.13140029496418704,0.10688259419898347,-0.9943382873319179,0.5990304709141274,-0.5933687582460453
segformer_b0_full_seed-2026_20260927T082125Z,segformer_b0,full,2026,sar,silver_strict,0.005661712668082095,0.011259676284306826,0.6857779757632017,0.13129405239798794,0.10573285454030962,-0.9943382873319179,0.5924657534246576,-0.5868040407565754
segformer_b0_full_seed-2026_20260927T082125Z,segformer_b0,full,2026,sar_indices,arbitrated_core,0.003538570417551309,0.007052186177715092,0.30355044601545833,0.1597569148339375,0.13064434448754567,-0.9964614295824487,0.5990304709141274,-0.5954919004965761
segformer_b0_full_seed-2026_20260927T082125Z,segformer_b0,full,2026,sar_indices,silver_strict,0.003538570417551309,0.007052186177715092,0.2984586265512297,0.1594512196611366,0.1300370165398044,-0.9964614295824487,0.5924657534246576,-0.5889271830071062
segformer_b0_full_seed-42_20260927T082125Z,segformer_b0,full,42,indices,arbitrated_core,0.005579665220086794,0.011097410604192354,0.12458655955776426,0.1859791626187405,0.19032010985981848,-0.8520877565463553,0.028291621327529923,-0.02271195610744313
segformer_b0_full_seed-42_20260927T082125Z,segformer_b0,full,42,indices,silver_strict,0.005579665220086794,0.011097410604192354,0.1240790090666113,0.18601295468575463,0.1910423957840089,-0.8520877565463553,0.028291621327529923,-0.02271195610744313
segformer_b0_full_seed-42_20260927T082125Z,segformer_b0,full,42,sar,arbitrated_core,0.027663934426229508,0.053838484546360914,0.16803896695333517,0.1905975189088786,0.17651016215020576,-0.5803255484784147,0.028291621327529923,-0.0006276869013004151
segformer_b0_full_seed-42_20260927T082125Z,segformer_b0,full,42,sar,silver_strict,0.027551020408163266,0.05362462760675273,0.16706119335144598,0.190749995110829,0.17741196996165862,-0.5746638358103326,0.028291621327529923,-0.0007406009193666567
segformer_b0_full_seed-42_20260927T082125Z,segformer_b0,full,42,sar_indices,arbitrated_core,0.0,0.0,0.1239344754890292,0.19005039286262757,0.18425644546029912,-0.8138711960368011,0.028291621327529923,-0.028291621327529923
segformer_b0_full_seed-42_20260927T082125Z,segformer_b0,full,42,sar_indices,silver_strict,0.0,0.0,0.12341854599860892,0.19005502809430294,0.18497598378312205,-0.8138711960368011,0.028291621327529923,-0.028291621327529923
unet_full_seed-17_20260927T080627Z,unet,full,17,indices,arbitrated_core,0.03729767769176636,0.07191316146540028,0.407862637307505,0.15155670899755402,0.11786328004692406,-0.9568294409058741,0.688978359335682,-0.6516806816439156
unet_full_seed-17_20260927T080627Z,unet,full,17,indices,silver_strict,0.037037037037037035,0.07142857142857142,0.39462137386786944,0.15230045851244575,0.11776503063594142,-0.9497523000707714,0.6814335490293678,-0.6443965119923307
unet_full_seed-17_20260927T080627Z,unet,full,17,sar,arbitrated_core,0.7200843437005798,0.8372663193380325,0.9514171194135059,0.06907151654963238,0.11727528252945461,0.30927105449398445,0.688978359335682,0.031105984364897865
unet_full_seed-17_20260927T080627Z,unet,full,17,sar,silver_strict,0.7118290776446066,0.8316590563165905,0.9473681705866565,0.07156978929489535,0.11970351931837298,0.3248407643312102,0.6814335490293678,0.030395528615238754
unet_full_seed-17_20260927T080627Z,unet,full,17,sar_indices,arbitrated_core,0.019205298013245033,0.037686809616634176,0.3312703380429548,0.15805044092828477,0.12741683807424567,-0.910828025477707,0.688978359335682,-0.669773061322437
unet_full_seed-17_20260927T080627Z,unet,full,17,sar_indices,silver_strict,0.019205298013245033,0.037686809616634176,0.3277355817620582,0.15803975394216815,0.12750391006181316,-0.910828025477707,0.6814335490293678,-0.6622282510161228
unet_full_seed-2026_20260927T080746Z,unet,full,2026,indices,arbitrated_core,0.020301244269810084,0.03979460847240052,0.28249228108870295,0.14790311639232184,0.035211033366165476,-0.897381457891012,0.5889596602972399,-0.5686584160274298
unet_full_seed-2026_20260927T080746Z,unet,full,2026,indices,silver_strict,0.02012987012987013,0.03946530872056015,0.2771555890125199,0.1487255933991321,0.03698061856435191,-0.8881811748053786,0.5835086243163652,-0.5633787541864951
unet_full_seed-2026_20260927T080746Z,unet,full,2026,sar,arbitrated_core,0.5560975609756098,0.7147335423197492,0.9071990028307378,0.14231280714021852,0.2393871344144863,0.7091295116772823,0.5889596602972399,-0.03286209932163009
unet_full_seed-2026_20260927T080746Z,unet,full,2026,sar,silver_strict,0.5511684125705076,0.7106493506493506,0.8946156037313897,0.14465365419304904,0.2414989461788247,0.7246992215145082,0.5835086243163652,-0.03234021174585755
unet_full_seed-2026_20260927T080746Z,unet,full,2026,sar_indices,arbitrated_core,0.04456094364351245,0.08531994981179424,0.5673393181531244,0.11173465353328171,0.11266340516067994,-0.8719037508846426,0.5889596602972399,-0.5443987166537274
unet_full_seed-2026_20260927T080746Z,unet,full,2026,sar_indices,silver_strict,0.04456094364351245,0.08531994981179424,0.5596760257032245,0.11207339261123568,0.11098797068480523,-0.8719037508846426,0.5835086243163652,-0.5389476806728527
unet_full_seed-42_20260927T080746Z,unet,full,42,indices,arbitrated_core,0.054570259208731244,0.1034928848641656,0.3076848841517805,0.17008812330381284,0.16061479024377923,-0.9058740268931351,0.8069007263922519,-0.7523304671835206
unet_full_seed-42_20260927T080746Z,unet,full,42,indices,silver_strict,0.054570259208731244,0.1034928848641656,0.30525756479998534,0.16962882585320516,0.15994242196938688,-0.9058740268931351,0.7962962962962963,-0.741726037087565
unet_full_seed-42_20260927T080746Z,unet,full,42,sar,arbitrated_core,0.7028688524590164,0.825511432009627,0.9558383459226141,0.038658606956959635,0.04532430260986915,0.3524416135881104,0.8069007263922519,-0.10403187393323543
unet_full_seed-42_20260927T080746Z,unet,full,42,sar,silver_strict,0.6950354609929078,0.8200836820083682,0.9533500133347396,0.04091771437311047,0.04776472663278543,0.36801132342533616,0.7962962962962963,-0.10126083530338847
unet_full_seed-42_20260927T080746Z,unet,full,42,sar_indices,arbitrated_core,0.31773560209424084,0.48224484728085426,0.4798165321239032,0.13368788427858824,0.08451987646725491,0.8499646142958245,0.8069007263922519,-0.489165124298011
unet_full_seed-42_20260927T080746Z,unet,full,42,sar_indices,silver_strict,0.3156697009102731,0.47986162589572523,0.47898614574547116,0.13364413422010374,0.0851874948021385,0.8641188959660298,0.7962962962962963,-0.4806265953860232
