run_id,model,variant,seed,phase,status,git_commit,dirty_tree,best_epoch,val_threshold,val_core_iou,checkpoint_sha256,checkpoint_size_bytes,gpu_id,gpu_model,gpu_vram_mib,driver_version,runtime_s,run_dir
unet_optical_seed-17_20260927T075110Z,unet,optical,17,smoke,FAILED,ad6a0168c5a936dec9dffbde4d372d0fa2caa2f3,True,,,,,,,,,,,runs/pilot0/unet/optical/seed-17/unet_optical_seed-17_20260927T075110Z
unet_optical_seed-17_20260927T075139Z,unet,optical,17,smoke,FAILED,ad6a0168c5a936dec9dffbde4d372d0fa2caa2f3,True,,,,,,,,,,,runs/pilot0/unet/optical/seed-17/unet_optical_seed-17_20260927T075139Z
unet_optical_seed-17_20260927T075208Z,unet,optical,17,smoke,SMOKE_OK,ad6a0168c5a936dec9dffbde4d372d0fa2caa2f3,True,1,0.4,0.1647911291650656,39fe5bb2e5766ef1b3904509a584c25720b01bc797facd0b78106babff9aa283,57455704,1,NVIDIA GeForce RTX 3090,24576,580.159.03,7.686489582061768,runs/pilot0/unet/optical/seed-17/unet_optical_seed-17_20260927T075208Z
deeplabv3plus_optical_seed-17_20260927T075248Z,deeplabv3plus,optical,17,smoke,SMOKE_OK,ad6a0168c5a936dec9dffbde4d372d0fa2caa2f3,True,1,0.51,0.2525441885377611,8da9034a576f64012f5731dc48029ee5812c674a7a901c74b3891fee8e18417a,49468573,1,NVIDIA GeForce RTX 3090,24576,580.159.03,10.044034242630005,runs/pilot0/deeplabv3plus/optical/seed-17/deeplabv3plus_optical_seed-17_20260927T075248Z
segformer_b0_optical_seed-17_20260927T075312Z,segformer_b0,optical,17,smoke,SMOKE_OK,ad6a0168c5a936dec9dffbde4d372d0fa2caa2f3,True,0,0.45,0.17620065703707566,2adab2e32e1dcc112c658d5cf7b49febd03836765029fee7c3416f049530fb61,14939926,1,NVIDIA GeForce RTX 3090,24576,580.159.03,9.461867094039917,runs/pilot0/segformer_b0/optical/seed-17/segformer_b0_optical_seed-17_20260927T075312Z
sai_spectral_sai_deterministic_20260927T075401Z,sai,spectral_sai,,official,COMPLETED,ad6a0168c5a936dec9dffbde4d372d0fa2caa2f3,True,,0.5,0.11892987155711245,05d040bf188d70c37cb1dc11bc7775b367c53507002d4be1f10bcea26fd2b1fd,219,,,,,0.634422779083252,runs/pilot0/sai/spectral_sai/deterministic/sai_spectral_sai_deterministic_20260927T075401Z
random_forest_optical_seed-17_20260927T075450Z,random_forest,optical,17,official,COMPLETED,ad6a0168c5a936dec9dffbde4d372d0fa2caa2f3,True,,0.05,0.45956907477820025,055c5128e21d047a1ba3552a5328da4882fb1dc7f59809370b184ae0d6522785,56938551,,,,,20.206307649612427,runs/pilot0/random_forest/optical/seed-17/random_forest_optical_seed-17_20260927T075450Z
random_forest_optical_seed-42_20260927T075518Z,random_forest,optical,42,official,COMPLETED,ad6a0168c5a936dec9dffbde4d372d0fa2caa2f3,True,,0.05,0.45180111618467783,85eb509aab7b190f67fc26bd420eeb82d304ae44728de4e6ba4273e4033444c0,56995831,,,,,10.193686962127686,runs/pilot0/random_forest/optical/seed-42/random_forest_optical_seed-42_20260927T075518Z
random_forest_optical_seed-2026_20260927T075534Z,random_forest,optical,2026,official,COMPLETED,ad6a0168c5a936dec9dffbde4d372d0fa2caa2f3,True,,0.05,0.4523990860624524,b4a6d99ad115748a98bb7cbfdf68a153f71fbb709a89bf6d4400bd1e83fda2f1,56995992,,,,,10.637094497680664,runs/pilot0/random_forest/optical/seed-2026/random_forest_optical_seed-2026_20260927T075534Z
random_forest_optical_indices_seed-17_20260927T075551Z,random_forest,optical_indices,17,official,COMPLETED,ad6a0168c5a936dec9dffbde4d372d0fa2caa2f3,True,,0.05,0.44647387113140535,4df1a0d3665969bf5f5f718c2a1723d91c65b4d4d0f914084a5501916fd4c304,53104003,,,,,10.546087980270386,runs/pilot0/random_forest/optical_indices/seed-17/random_forest_optical_indices_seed-17_20260927T075551Z
random_forest_optical_indices_seed-42_20260927T075608Z,random_forest,optical_indices,42,official,COMPLETED,ad6a0168c5a936dec9dffbde4d372d0fa2caa2f3,True,,0.05,0.4536213468869123,9375f2f8088172defeb345d16e5f34a98567939ac817622fe62719f9e22b3c74,52818243,,,,,10.813390493392944,runs/pilot0/random_forest/optical_indices/seed-42/random_forest_optical_indices_seed-42_20260927T075608Z
random_forest_optical_indices_seed-2026_20260927T075625Z,random_forest,optical_indices,2026,official,COMPLETED,ad6a0168c5a936dec9dffbde4d372d0fa2caa2f3,True,,0.05,0.44537815126050423,31f694743cb1e4e9d45489ca99d5248ecb41e9d1edef4f6963964cb4cfc0e8de,52717764,,,,,10.710154294967651,runs/pilot0/random_forest/optical_indices/seed-2026/random_forest_optical_indices_seed-2026_20260927T075625Z
random_forest_optical_sar_seed-17_20260927T075642Z,random_forest,optical_sar,17,official,COMPLETED,ad6a0168c5a936dec9dffbde4d372d0fa2caa2f3,True,,0.05,0.511175387851696,38364d57a1059cf7937e5df92c198c4273b677f032218909c1d0343be929a187,49373759,,,,,10.988715887069702,runs/pilot0/random_forest/optical_sar/seed-17/random_forest_optical_sar_seed-17_20260927T075642Z
random_forest_optical_sar_seed-42_20260927T075659Z,random_forest,optical_sar,42,official,COMPLETED,ad6a0168c5a936dec9dffbde4d372d0fa2caa2f3,True,,0.05,0.5073606729758149,2a3f3d127b1532039b8fca8b3c8a00ad007e21345eecfd99fd980fc41ea67877,49500799,,,,,11.391135215759277,runs/pilot0/random_forest/optical_sar/seed-42/random_forest_optical_sar_seed-42_20260927T075659Z
random_forest_optical_sar_seed-2026_20260927T075716Z,random_forest,optical_sar,2026,official,COMPLETED,ad6a0168c5a936dec9dffbde4d372d0fa2caa2f3,True,,0.05,0.5106494872469103,404b6a530087a8b30068241e23c4f7f55f485cc8a18fda22de2a246e8a014341,49264480,,,,,11.469466209411621,runs/pilot0/random_forest/optical_sar/seed-2026/random_forest_optical_sar_seed-2026_20260927T075716Z
random_forest_full_seed-17_20260927T075734Z,random_forest,full,17,official,COMPLETED,ad6a0168c5a936dec9dffbde4d372d0fa2caa2f3,True,,0.05,0.5224586288416075,f004005872a88263a7cc89e9c851b5878420da4dd55fb1ae22dd2c14c39d9cfe,48889276,,,,,11.01301121711731,runs/pilot0/random_forest/full/seed-17/random_forest_full_seed-17_20260927T075734Z
random_forest_full_seed-42_20260927T075751Z,random_forest,full,42,official,COMPLETED,ad6a0168c5a936dec9dffbde4d372d0fa2caa2f3,True,,0.05,0.5131233595800525,932be4428756b66f1e275920e541f971ba218a78752f99fdac56162edc28a79e,49013756,,,,,11.011844635009766,runs/pilot0/random_forest/full/seed-42/random_forest_full_seed-42_20260927T075751Z
random_forest_full_seed-2026_20260927T075808Z,random_forest,full,2026,official,COMPLETED,ad6a0168c5a936dec9dffbde4d372d0fa2caa2f3,True,,0.05,0.5152151101783841,bb01626033fb369f92b9cd2f966baef06cad40b2462c9f14709d723253713ee4,49032317,,,,,10.825702905654907,runs/pilot0/random_forest/full/seed-2026/random_forest_full_seed-2026_20260927T075808Z
unet_optical_seed-17_20260927T080220Z,unet,optical,17,official,COMPLETED,ad6a0168c5a936dec9dffbde4d372d0fa2caa2f3,True,11,0.81,0.7964267740312028,ce6fd1a3148223089cac1683bbc69ed8892a7abe98ddf8993b6e245767f8c009,57455704,2,NVIDIA GeForce RTX 3090,24576,580.159.03,22.536234140396118,runs/pilot0/unet/optical/seed-17/unet_optical_seed-17_20260927T080220Z
unet_optical_seed-42_20260927T080220Z,unet,optical,42,official,COMPLETED,ad6a0168c5a936dec9dffbde4d372d0fa2caa2f3,True,35,0.07,0.8243618903209502,ee8ff5bc0548e9deac45ec10187ec49520a054c28bdfe6478e4d5a7116a85701,57455704,4,NVIDIA GeForce RTX 3090,24576,580.159.03,38.56129693984985,runs/pilot0/unet/optical/seed-42/unet_optical_seed-42_20260927T080220Z
unet_optical_seed-2026_20260927T080307Z,unet,optical,2026,official,COMPLETED,ad6a0168c5a936dec9dffbde4d372d0fa2caa2f3,True,37,0.06,0.8286704629858876,60fe4dcfcfe05e94b955202c632425b1a142b7733be91f67a5db72ad9a618d3b,57455704,2,NVIDIA GeForce RTX 3090,24576,580.159.03,42.63661599159241,runs/pilot0/unet/optical/seed-2026/unet_optical_seed-2026_20260927T080307Z
unet_optical_indices_seed-17_20260927T080307Z,unet,optical_indices,17,official,COMPLETED,ad6a0168c5a936dec9dffbde4d372d0fa2caa2f3,True,77,0.07,0.8947505197505198,5716d1a96e29f30ae8d107b154f47a10bc905b101e026446f3cc4ab79c4a285b,57480792,4,NVIDIA GeForce RTX 3090,24576,580.159.03,80.38902473449707,runs/pilot0/unet/optical_indices/seed-17/unet_optical_indices_seed-17_20260927T080307Z
unet_optical_indices_seed-42_20260927T080435Z,unet,optical_indices,42,official,COMPLETED,ad6a0168c5a936dec9dffbde4d372d0fa2caa2f3,True,35,0.71,0.8480342741935484,67d75854feb89f8f33a0dc557339414c05c1a8268dbd8cd1eaa36ac4801d4b75,57480792,2,NVIDIA GeForce RTX 3090,24576,580.159.03,48.9842803478241,runs/pilot0/unet/optical_indices/seed-42/unet_optical_indices_seed-42_20260927T080435Z
unet_optical_indices_seed-2026_20260927T080435Z,unet,optical_indices,2026,official,COMPLETED,ad6a0168c5a936dec9dffbde4d372d0fa2caa2f3,True,36,0.16,0.8756701557314271,309ee2c6b1dc2c6c556b7ca50098fe0f8f9fa119f42bb509cb1b14396e0df9ac,57480792,4,NVIDIA GeForce RTX 3090,24576,580.159.03,50.42767572402954,runs/pilot0/unet/optical_indices/seed-2026/unet_optical_indices_seed-2026_20260927T080435Z
unet_optical_sar_seed-42_20260927T080533Z,unet,optical_sar,42,official,COMPLETED,ad6a0168c5a936dec9dffbde4d372d0fa2caa2f3,True,26,0.64,0.8453038674033149,9bf51f5e494cecf3cfee35acb86959401944b7696e6a53eba3e512d9f9417c53,57480792,4,NVIDIA GeForce RTX 3090,24576,580.159.03,39.91541290283203,runs/pilot0/unet/optical_sar/seed-42/unet_optical_sar_seed-42_20260927T080533Z
unet_optical_sar_seed-17_20260927T080533Z,unet,optical_sar,17,official,COMPLETED,ad6a0168c5a936dec9dffbde4d372d0fa2caa2f3,True,34,0.36,0.8176982591876208,b603458f016f7b4995c33ff65632198c5811e98271660f39838884622457ede2,57480792,2,NVIDIA GeForce RTX 3090,24576,580.159.03,46.57211446762085,runs/pilot0/unet/optical_sar/seed-17/unet_optical_sar_seed-17_20260927T080533Z
unet_full_seed-17_20260927T080627Z,unet,full,17,official,COMPLETED,7a8264a4b593221bcbd866ed54a194f0486e816f,True,34,0.67,0.8685199098422239,52910836dadb34327c41f481bd42f8953b2d30689bc5188d13e5033138a5fda9,57505880,4,NVIDIA GeForce RTX 3090,24576,580.159.03,55.644845485687256,runs/pilot0/unet/full/seed-17/unet_full_seed-17_20260927T080627Z
unet_optical_sar_seed-2026_20260927T080627Z,unet,optical_sar,2026,official,COMPLETED,7a8264a4b593221bcbd866ed54a194f0486e816f,True,64,0.05,0.8740379681888147,d322a9e234ec278c7df891c22fb6b6db598665d0dec8e806679939258ff1b748,57480792,2,NVIDIA GeForce RTX 3090,24576,580.159.03,71.35937929153442,runs/pilot0/unet/optical_sar/seed-2026/unet_optical_sar_seed-2026_20260927T080627Z
unet_full_seed-2026_20260927T080746Z,unet,full,2026,official,COMPLETED,7a8264a4b593221bcbd866ed54a194f0486e816f,True,10,0.65,0.7743931461208948,0124e364ef6e033aac1240f7e0a86d716b1a94fbc42a540f5c99f640b6b6ebb4,57505880,4,NVIDIA GeForce RTX 3090,24576,580.159.03,31.382728099822998,runs/pilot0/unet/full/seed-2026/unet_full_seed-2026_20260927T080746Z
unet_full_seed-42_20260927T080746Z,unet,full,42,official,COMPLETED,7a8264a4b593221bcbd866ed54a194f0486e816f,True,54,0.25,0.8998696219035202,7f009f695af8a96950bfb2afa13566015356bcb7e0063fa59ec4a9d09bd452d3,57505880,2,NVIDIA GeForce RTX 3090,24576,580.159.03,70.99041199684143,runs/pilot0/unet/full/seed-42/unet_full_seed-42_20260927T080746Z
deeplabv3plus_optical_seed-42_20260927T080905Z,deeplabv3plus,optical,42,official,COMPLETED,7a8264a4b593221bcbd866ed54a194f0486e816f,True,31,0.26,0.7875061485489424,c97decb19857ca02b5b8e64f025e88768823e9a704d0ea1433e6b8519b1fa989,49468573,4,NVIDIA GeForce RTX 3090,24576,580.159.03,37.609816789627075,runs/pilot0/deeplabv3plus/optical/seed-42/deeplabv3plus_optical_seed-42_20260927T080905Z
deeplabv3plus_optical_seed-17_20260927T080905Z,deeplabv3plus,optical,17,official,COMPLETED,7a8264a4b593221bcbd866ed54a194f0486e816f,True,32,0.14,0.7754142963146179,1bd7cbc5b2fd18c3f1a26677cd1d3025a85f516027f8367db1fc9f1f11eb807b,49468573,2,NVIDIA GeForce RTX 3090,24576,580.159.03,38.43092608451843,runs/pilot0/deeplabv3plus/optical/seed-17/deeplabv3plus_optical_seed-17_20260927T080905Z
deeplabv3plus_optical_seed-2026_20260927T080951Z,deeplabv3plus,optical,2026,official,COMPLETED,7a8264a4b593221bcbd866ed54a194f0486e816f,True,26,0.06,0.7536534446764092,5b2195b1342d1a2947837b979cbb4b9c257177d4fd35c3894cca782a67616109,49468573,2,NVIDIA GeForce RTX 3090,24576,580.159.03,31.803155183792114,runs/pilot0/deeplabv3plus/optical/seed-2026/deeplabv3plus_optical_seed-2026_20260927T080951Z
deeplabv3plus_optical_indices_seed-17_20260927T080951Z,deeplabv3plus,optical_indices,17,official,COMPLETED,7a8264a4b593221bcbd866ed54a194f0486e816f,True,34,0.15,0.7654554034922133,78e90590f09c383b77a4aa293c379beea2adfc5546e020b18f1d03a4623ec1fb,49493661,4,NVIDIA GeForce RTX 3090,24576,580.159.03,46.81199836730957,runs/pilot0/deeplabv3plus/optical_indices/seed-17/deeplabv3plus_optical_indices_seed-17_20260927T080951Z
deeplabv3plus_optical_indices_seed-42_20260927T081046Z,deeplabv3plus,optical_indices,42,official,COMPLETED,7a8264a4b593221bcbd866ed54a194f0486e816f,True,26,0.34,0.8178633975481612,b5ae84d1b1302e886754fd8f775154f47ef9695d921069e95b2f186a611ea6dc,49493661,2,NVIDIA GeForce RTX 3090,24576,580.159.03,41.618674755096436,runs/pilot0/deeplabv3plus/optical_indices/seed-42/deeplabv3plus_optical_indices_seed-42_20260927T081046Z
deeplabv3plus_optical_indices_seed-2026_20260927T081046Z,deeplabv3plus,optical_indices,2026,official,COMPLETED,7a8264a4b593221bcbd866ed54a194f0486e816f,True,49,0.07,0.8179119247897081,0fc17d344518b4e252832f808b9a4843c5cabe9cbfe6e706a920d31cd59b75ce,49493661,4,NVIDIA GeForce RTX 3090,24576,580.159.03,60.44200658798218,runs/pilot0/deeplabv3plus/optical_indices/seed-2026/deeplabv3plus_optical_indices_seed-2026_20260927T081046Z
deeplabv3plus_optical_sar_seed-42_20260927T081154Z,deeplabv3plus,optical_sar,42,official,COMPLETED,7a8264a4b593221bcbd866ed54a194f0486e816f,True,20,0.1,0.7727596862372237,8da03ace0d0b47febcab363ec15e9d51e51875d46a584d7339c1beb96d82bade,49493661,4,NVIDIA GeForce RTX 3090,24576,580.159.03,35.6721887588501,runs/pilot0/deeplabv3plus/optical_sar/seed-42/deeplabv3plus_optical_sar_seed-42_20260927T081154Z
deeplabv3plus_optical_sar_seed-17_20260927T081154Z,deeplabv3plus,optical_sar,17,official,COMPLETED,7a8264a4b593221bcbd866ed54a194f0486e816f,True,25,0.6,0.8020578147966683,dfc65c594f60d67a67e418d0ae8a052ebad637b7710f4044d959917b522bfe3f,49493661,2,NVIDIA GeForce RTX 3090,24576,580.159.03,38.87337946891785,runs/pilot0/deeplabv3plus/optical_sar/seed-17/deeplabv3plus_optical_sar_seed-17_20260927T081154Z
deeplabv3plus_full_seed-17_20260927T081240Z,deeplabv3plus,full,17,official,COMPLETED,7a8264a4b593221bcbd866ed54a194f0486e816f,True,6,0.62,0.7505773672055427,e92dc9a11c63a43cbe417d89e5068b9b759403e297b3cbe85248ee2a534cb7f4,49518749,4,NVIDIA GeForce RTX 3090,24576,580.159.03,28.53553080558777,runs/pilot0/deeplabv3plus/full/seed-17/deeplabv3plus_full_seed-17_20260927T081240Z
deeplabv3plus_optical_sar_seed-2026_20260927T081241Z,deeplabv3plus,optical_sar,2026,official,COMPLETED,7a8264a4b593221bcbd866ed54a194f0486e816f,True,32,0.05,0.7496982862659908,fe8faf1889d7ba505e5c969d622f04fa49dbb1736bfc048309bdf867383b96d3,49493661,2,NVIDIA GeForce RTX 3090,24576,580.159.03,45.222471475601196,runs/pilot0/deeplabv3plus/optical_sar/seed-2026/deeplabv3plus_optical_sar_seed-2026_20260927T081241Z
deeplabv3plus_full_seed-2026_20260927T081333Z,deeplabv3plus,full,2026,official,COMPLETED,7a8264a4b593221bcbd866ed54a194f0486e816f,True,26,0.15,0.8087874324987727,df9056ed48f1115793d704204d5807d7968695eeb0249d609e633b7a65f11229,49518749,4,NVIDIA GeForce RTX 3090,24576,580.159.03,47.933993339538574,runs/pilot0/deeplabv3plus/full/seed-2026/deeplabv3plus_full_seed-2026_20260927T081333Z
deeplabv3plus_full_seed-42_20260927T081333Z,deeplabv3plus,full,42,official,COMPLETED,7a8264a4b593221bcbd866ed54a194f0486e816f,True,48,0.08,0.8225726959093149,28f689a5a97ab5f30e849ce4e1cebd4083b71d8ccfe9d5c7c2a4de6d63916940,49518749,2,NVIDIA GeForce RTX 3090,24576,580.159.03,68.06919312477112,runs/pilot0/deeplabv3plus/full/seed-42/deeplabv3plus_full_seed-42_20260927T081333Z
segformer_b0_optical_seed-17_20260927T081450Z,segformer_b0,optical,17,official,COMPLETED,7a8264a4b593221bcbd866ed54a194f0486e816f,True,7,0.46,0.5148116800677105,9a2d5aaf17b4aa6c57a7e1effe2cf0c00de0f316eb04664c6263c4b68c92b6f4,14939926,2,NVIDIA GeForce RTX 3090,24576,580.159.03,24.242351531982422,runs/pilot0/segformer_b0/optical/seed-17/segformer_b0_optical_seed-17_20260927T081450Z
segformer_b0_optical_seed-42_20260927T081450Z,segformer_b0,optical,42,official,COMPLETED,7a8264a4b593221bcbd866ed54a194f0486e816f,True,14,0.58,0.5510009532888466,712a378cb0a7807330a39db8fee691a96bb3fc61d10f9dd8a3d75007af383bc0,14939926,4,NVIDIA GeForce RTX 3090,24576,580.159.03,29.888622999191284,runs/pilot0/segformer_b0/optical/seed-42/segformer_b0_optical_seed-42_20260927T081450Z
segformer_b0_optical_seed-2026_20260927T081529Z,segformer_b0,optical,2026,official,COMPLETED,7a8264a4b593221bcbd866ed54a194f0486e816f,True,67,0.07,0.5682735692234624,0e7675c8064b5c83ae1ce3cf169a4046a207a8de9b6c98484b7f08ae723f11df,14939926,2,NVIDIA GeForce RTX 3090,24576,580.159.03,74.74370384216309,runs/pilot0/segformer_b0/optical/seed-2026/segformer_b0_optical_seed-2026_20260927T081529Z
segformer_b0_optical_indices_seed-17_20260927T081529Z,segformer_b0,optical_indices,17,official,COMPLETED,7a8264a4b593221bcbd866ed54a194f0486e816f,True,55,0.14,0.6373879052655783,24b47028ff8d2d5c36166775be30f9157b6a935297741e520e7b87d6428fa2f8,14952470,4,NVIDIA GeForce RTX 3090,24576,580.159.03,75.87135457992554,runs/pilot0/segformer_b0/optical_indices/seed-17/segformer_b0_optical_indices_seed-17_20260927T081529Z
segformer_b0_optical_indices_seed-42_20260927T081653Z,segformer_b0,optical_indices,42,official,COMPLETED,7a8264a4b593221bcbd866ed54a194f0486e816f,True,40,0.22,0.6410376256134611,8e4a792989b19c5bce0f357f294d04feb3101e9daec9ad8e5e8e32847e7d71d2,14952470,2,NVIDIA GeForce RTX 3090,24576,580.159.03,61.24405479431152,runs/pilot0/segformer_b0/optical_indices/seed-42/segformer_b0_optical_indices_seed-42_20260927T081653Z
segformer_b0_optical_indices_seed-2026_20260927T081653Z,segformer_b0,optical_indices,2026,official,COMPLETED,7a8264a4b593221bcbd866ed54a194f0486e816f,True,54,0.13,0.6257550132882339,74ff16487794804b65da17acf907edff0016782dcfd4a3d619ced131e87988af,14952470,4,NVIDIA GeForce RTX 3090,24576,580.159.03,74.86927652359009,runs/pilot0/segformer_b0/optical_indices/seed-2026/segformer_b0_optical_indices_seed-2026_20260927T081653Z
segformer_b0_optical_sar_seed-17_20260927T081817Z,segformer_b0,optical_sar,17,official,COMPLETED,7a8264a4b593221bcbd866ed54a194f0486e816f,True,37,0.16,0.522180534098433,580c8d332f3360f3511b2fce7c829284ca7b9b52086f867a1c6eaf663e2225ab,14952470,2,NVIDIA GeForce RTX 3090,24576,580.159.03,58.24583673477173,runs/pilot0/segformer_b0/optical_sar/seed-17/segformer_b0_optical_sar_seed-17_20260927T081817Z
segformer_b0_optical_sar_seed-42_20260927T081817Z,segformer_b0,optical_sar,42,official,COMPLETED,7a8264a4b593221bcbd866ed54a194f0486e816f,True,79,0.19,0.752407501267106,a5d886a75af9fcb22782dad154ce083e035f56e8894d894009700baf55b2a552,14952470,4,NVIDIA GeForce RTX 3090,24576,580.159.03,98.06266260147095,runs/pilot0/segformer_b0/optical_sar/seed-42/segformer_b0_optical_sar_seed-42_20260927T081817Z
segformer_b0_full_seed-17_20260927T082004Z,segformer_b0,full,17,official,COMPLETED,7a8264a4b593221bcbd866ed54a194f0486e816f,True,34,0.48,0.6887092823903992,9bd20b82cd3f5285437181e8e2b5d096667debb7c890e43f03d1ee416e39ca5f,14965014,4,NVIDIA GeForce RTX 3090,24576,580.159.03,64.00486373901367,runs/pilot0/segformer_b0/full/seed-17/segformer_b0_full_seed-17_20260927T082004Z
segformer_b0_optical_sar_seed-2026_20260927T082004Z,segformer_b0,optical_sar,2026,official,COMPLETED,7a8264a4b593221bcbd866ed54a194f0486e816f,True,51,0.38,0.7579105976896032,8f6e2efc529fd444e172b27684eebbe22d247852fbe0dfde3ed3db4f08f40681,14952470,2,NVIDIA GeForce RTX 3090,24576,580.159.03,72.89800786972046,runs/pilot0/segformer_b0/optical_sar/seed-2026/segformer_b0_optical_sar_seed-2026_20260927T082004Z
segformer_b0_full_seed-42_20260927T082125Z,segformer_b0,full,42,official,COMPLETED,7a8264a4b593221bcbd866ed54a194f0486e816f,True,7,0.5,0.5525309336332959,e6f18ddb531958bb2c0e3d9dc1b2760fbd3367016fd2af6a1d7eaefc617315dc,14965014,2,NVIDIA GeForce RTX 3090,24576,580.159.03,32.33445715904236,runs/pilot0/segformer_b0/full/seed-42/segformer_b0_full_seed-42_20260927T082125Z
segformer_b0_full_seed-2026_20260927T082125Z,segformer_b0,full,2026,official,COMPLETED,7a8264a4b593221bcbd866ed54a194f0486e816f,True,41,0.6,0.7455334354262378,09708b61b01ab2c74c7120e0053cfad30435e64e7a2160c997b9e399f46eeb8e,14965014,4,NVIDIA GeForce RTX 3090,24576,580.159.03,68.70529079437256,runs/pilot0/segformer_b0/full/seed-2026/segformer_b0_full_seed-2026_20260927T082125Z
