support,pair,region,area_a_independent_km2,area_b_independent_km2,intersection_independent_km2,dice_independent,area_a_product_derived_km2,area_b_product_derived_km2,intersection_product_derived_km2,dice_product_derived,dice_delta_independent_minus_product
30m_GEODATA_native_grid,CMSA_CMSSM,Fujian,84.456,79.8471,65.1915,0.7936,84.4497,79.8471,65.1915,0.7936,0.0
30m_GEODATA_native_grid,CMSA_CMSSM,Guangdong,5.7249,2.8647,2.0907,0.4868,5.7249,2.8647,2.0907,0.4868,0.0
30m_GEODATA_native_grid,CMSA_CMSSM,Guangxi,12.6738,10.8801,8.8461,0.7511,12.6738,10.8801,8.8461,0.7511,0.0
30m_GEODATA_native_grid,CMSA_CMSSM,Hebei,0.5436,0.4068,0.3006,0.6326,0.1539,0.126,0.0567,0.4051,0.2275
30m_GEODATA_native_grid,CMSA_CMSSM,Jiangsu,165.3075,159.1794,119.988,0.7396,166.374,155.6901,120.9699,0.7512,-0.0116
30m_GEODATA_native_grid,CMSA_CMSSM,Liaoning,1.4076,0.0,0.0,0.0,,,,,
30m_GEODATA_native_grid,CMSA_CMSSM,Shandong,63.8676,17.7687,14.3676,0.352,64.5543,17.397,14.058,0.3431,0.0089
30m_GEODATA_native_grid,CMSA_CMSSM,Shanghai,116.9703,180.693,108.8991,0.7317,117.5103,188.7804,109.3968,0.7143,0.0174
30m_GEODATA_native_grid,CMSA_CMSSM,Tianjin,1.9611,1.728,1.4724,0.7982,2.736,2.0088,1.7163,0.7234,0.0748
30m_GEODATA_native_grid,CMSA_CMSSM,UNATTRIBUTED,1.2753,4.2435,1.1745,0.4256,0.0,0.0,0.0,,
30m_GEODATA_native_grid,CMSA_CMSSM,Zhejiang,114.1083,130.7979,91.0917,0.7439,114.1191,130.815,91.0962,0.7438,0.0001
30m_GEODATA_native_grid,GEO_CMSA,Fujian,78.2235,84.456,55.737,0.6852,69.759,84.4497,55.7325,0.7228,-0.0376
30m_GEODATA_native_grid,GEO_CMSA,Guangdong,12.4911,5.7249,2.6469,0.2906,3.4677,5.7249,2.6469,0.5759,-0.2853
30m_GEODATA_native_grid,GEO_CMSA,Guangxi,13.1751,12.6738,2.7585,0.2134,4.2849,12.6738,2.7585,0.3253,-0.1119
30m_GEODATA_native_grid,GEO_CMSA,Hebei,5.1849,0.5436,0.2178,0.076,0.0171,0.1539,0.0117,0.1368,-0.0608
30m_GEODATA_native_grid,GEO_CMSA,Jiangsu,161.1342,165.3075,122.6808,0.7516,136.9935,166.374,123.2226,0.8124,-0.0608
30m_GEODATA_native_grid,GEO_CMSA,Liaoning,0.0,1.4076,0.0,0.0,,,,,
30m_GEODATA_native_grid,GEO_CMSA,Shandong,62.2332,63.8676,42.2919,0.6708,45.5805,64.5543,42.1992,0.7663,-0.0955
30m_GEODATA_native_grid,GEO_CMSA,Shanghai,90.3591,116.9703,65.6622,0.6334,74.6721,117.5103,66.1122,0.688,-0.0546
30m_GEODATA_native_grid,GEO_CMSA,Tianjin,1.8081,1.9611,1.2132,0.6437,1.6389,2.736,1.4193,0.6488,-0.0051
30m_GEODATA_native_grid,GEO_CMSA,UNATTRIBUTED,0.9837,1.2753,0.8991,0.796,125.2098,0.0,0.0,0.0,0.796
30m_GEODATA_native_grid,GEO_CMSA,Zhejiang,93.8457,114.1083,42.7932,0.4116,57.8151,114.1191,42.7977,0.4978,-0.0862
30m_GEODATA_native_grid,GEO_CMSSM,Fujian,78.2235,79.8471,51.597,0.6528,69.759,79.8471,51.597,0.6898,-0.037
30m_GEODATA_native_grid,GEO_CMSSM,Guangdong,12.4911,2.8647,0.9054,0.1179,3.4677,2.8647,0.9054,0.286,-0.1681
30m_GEODATA_native_grid,GEO_CMSSM,Guangxi,13.1751,10.8801,2.1663,0.1801,4.2849,10.8801,2.1663,0.2857,-0.1056
30m_GEODATA_native_grid,GEO_CMSSM,Hebei,5.1849,0.4068,0.1962,0.0702,0.0171,0.126,0.0027,0.0377,0.0325
30m_GEODATA_native_grid,GEO_CMSSM,Jiangsu,161.1342,159.1794,104.193,0.6506,136.9935,155.6901,104.7078,0.7155,-0.0649
30m_GEODATA_native_grid,GEO_CMSSM,Liaoning,0.0,0.0,0.0,,,,,,
30m_GEODATA_native_grid,GEO_CMSSM,Shandong,62.2332,17.7687,7.7049,0.1926,45.5805,17.397,7.6104,0.2417,-0.0491
30m_GEODATA_native_grid,GEO_CMSSM,Shanghai,90.3591,180.693,72.9369,0.5382,74.6721,188.7804,73.3986,0.5572,-0.019
30m_GEODATA_native_grid,GEO_CMSSM,Tianjin,1.8081,1.728,1.1151,0.6307,1.6389,2.0088,1.3086,0.7175,-0.0868
30m_GEODATA_native_grid,GEO_CMSSM,UNATTRIBUTED,0.9837,4.2435,0.8784,0.3361,125.2098,0.0,0.0,0.0,0.3361
30m_GEODATA_native_grid,GEO_CMSSM,Zhejiang,93.8457,130.7979,47.7072,0.4247,57.8151,130.815,47.7036,0.5058,-0.0811
10m_project_lattice,CMSA_CMSSM,Fujian,85.1261,81.3399,63.7569,0.766,85.1134,81.3399,63.7569,0.7661,-0.0001
10m_project_lattice,CMSA_CMSSM,Guangdong,5.9305,3.107,2.1707,0.4804,5.9305,3.1075,2.1707,0.4803,0.0001
10m_project_lattice,CMSA_CMSSM,Guangxi,12.8628,11.3777,8.8131,0.7271,12.8629,11.3778,8.8131,0.7271,0.0
10m_project_lattice,CMSA_CMSSM,Hebei,0.5449,0.432,0.3056,0.6257,0.1574,0.1452,0.0618,0.4085,0.2172
10m_project_lattice,CMSA_CMSSM,Jiangsu,165.1518,158.1546,118.4121,0.7325,166.2182,154.6769,119.366,0.744,-0.0115
10m_project_lattice,CMSA_CMSSM,Liaoning,1.4996,0.0,0.0,0.0,,,,,
10m_project_lattice,CMSA_CMSSM,Shandong,63.8369,18.165,14.3385,0.3497,64.5852,17.796,14.0374,0.3408,0.0089
10m_project_lattice,CMSA_CMSSM,Shanghai,116.8915,179.9164,108.2538,0.7295,117.4316,187.9362,108.7444,0.7122,0.0173
10m_project_lattice,CMSA_CMSSM,Tianjin,1.9596,1.7843,1.451,0.7751,2.7621,2.0711,1.6948,0.7013,0.0738
10m_project_lattice,CMSA_CMSSM,UNATTRIBUTED,1.2742,4.1888,1.1461,0.4196,0.0,0.0,0.0,,
10m_project_lattice,CMSA_CMSSM,Zhejiang,114.4985,133.1622,89.6534,0.724,114.5151,133.1773,89.6561,0.7239,0.0001
