support,region,mean_geo_binary,mean_cmsa_cover,mean_cmssm_cover,mean_cover_diff_cmsa_minus_geo,mean_cover_diff_cmssm_minus_geo,mean_cover_diff_cmsa_minus_cmssm,denominator_pixels
30m_GEODATA_native_grid,UNATTRIBUTED,0.0,0.0001,0.0001,0.0001,0.0001,-0.0001,318622736
30m_GEODATA_native_grid,Liaoning,0.0,0.8243,0.0,0.8243,0.0,0.8243,1564
30m_GEODATA_native_grid,Hebei,0.9261,0.0888,0.0693,-0.8373,-0.8568,0.0195,6221
30m_GEODATA_native_grid,Tianjin,0.654,0.6788,0.5951,0.0248,-0.0588,0.0836,3072
30m_GEODATA_native_grid,Shandong,0.7175,0.7122,0.1962,-0.0054,-0.5213,0.516,96371
30m_GEODATA_native_grid,Jiangsu,0.6893,0.6961,0.6582,0.0068,-0.0311,0.0379,259749
30m_GEODATA_native_grid,Shanghai,0.4397,0.5666,0.8546,0.1269,0.4149,-0.2881,228334
30m_GEODATA_native_grid,Zhejiang,0.4804,0.5592,0.6154,0.0788,0.1351,-0.0563,217065
30m_GEODATA_native_grid,Fujian,0.6682,0.6897,0.6278,0.0215,-0.0404,0.0619,130069
30m_GEODATA_native_grid,Guangdong,0.771,0.3276,0.1556,-0.4433,-0.6154,0.172,18002
30m_GEODATA_native_grid,Guangxi,0.5285,0.4764,0.3969,-0.0521,-0.1316,0.0795,27697
10m_project_lattice,UNATTRIBUTED,,0.0001,0.0002,,,-0.0001,951561818
10m_project_lattice,Liaoning,,0.9234,0.0,,,0.9234,14996
10m_project_lattice,Hebei,,0.7857,0.623,,,0.1627,6713
10m_project_lattice,Tianjin,,0.8404,0.7544,,,0.0859,22929
10m_project_lattice,Shandong,,0.9288,0.2626,,,0.6662,676634
10m_project_lattice,Jiangsu,,0.8008,0.7602,,,0.0407,2048943
10m_project_lattice,Shanghai,,0.6189,0.9409,,,-0.322,1885541
10m_project_lattice,Zhejiang,,0.7125,0.8082,,,-0.0957,1580073
10m_project_lattice,Fujian,,0.8102,0.7555,,,0.0547,1027091
10m_project_lattice,Guangdong,,0.8309,0.4224,,,0.4086,68668
10m_project_lattice,Guangxi,,0.8094,0.6979,,,0.1114,154274
