support,product,patch_size_class,n_patches,total_patch_area_km2,median_geodata_fraction,zero_geodata_patch_fraction,median_other_fine_fraction,zero_other_fine_patch_fraction
10m,cmsa,100-900m2,1893,0.7332365204719672,0.0,1.0,0.5098,0.2562
10m,cmsa,1e4-1e5m2,1923,63.71613626695963,0.0,1.0,0.7008,0.1149
10m,cmsa,2500-1e4m2,2026,10.922413686948506,0.0,1.0,0.6389,0.1816
10m,cmsa,900-2500m2,1315,2.09995203479546,0.0,1.0,0.6218,0.1954
10m,cmsa,<100m2(sliver),1098,0.10942985129235525,0.0,1.0,0.2999,0.3069
10m,cmsa,>=1e5m2,547,492.1004687794249,0.0,1.0,0.7792,0.0804
10m,cmssm,100-900m2,32583,9.691060719614837,0.0,1.0,0.0,0.6455
10m,cmssm,1e4-1e5m2,3205,94.74487560875431,0.0,1.0,0.7585,0.1738
10m,cmssm,2500-1e4m2,4941,24.879831840638087,0.0,1.0,0.505,0.3698
10m,cmssm,900-2500m2,6132,9.13721879256063,0.0,1.0,0.004,0.4945
10m,cmssm,<100m2(sliver),81951,2.619772845290145,0.0,1.0,0.0,0.6612
10m,cmssm,>=1e5m2,623,450.4031095287501,0.0,1.0,0.8618,0.1204
30m,cmsa,100-900m2,1725,0.6997556678828849,0.0,0.8916,0.2489,0.2475
30m,cmsa,1e4-1e5m2,1923,63.71832754350075,0.0,0.5918,0.6444,0.1134
30m,cmsa,2500-1e4m2,2026,10.922789445133828,0.0,0.8085,0.5211,0.1728
30m,cmsa,900-2500m2,1314,2.09844979002799,0.0,0.8851,0.428,0.1834
30m,cmsa,<100m2(sliver),768,0.07653753226021255,0.0,0.8424,0.2118,0.2409
30m,cmsa,>=1e5m2,547,492.1173491804694,0.5773,0.1773,0.7573,0.0804
30m,cmssm,100-900m2,26216,8.38615014134935,0.0,0.8648,0.0,0.6289
30m,cmssm,1e4-1e5m2,3205,94.74813343454915,0.0,0.5557,0.7001,0.1704
30m,cmssm,2500-1e4m2,4939,24.870240157316147,0.0,0.7329,0.4174,0.3505
30m,cmssm,900-2500m2,6066,9.05977170148164,0.0,0.802,0.0223,0.4774
30m,cmssm,<100m2(sliver),41891,1.4380432909088652,0.0,0.881,0.0,0.6302
30m,cmssm,>=1e5m2,622,450.41856444462513,0.5955,0.2363,0.8412,0.119
