support,region,cmsa_patch_size_class,cmssm_patch_size_class,denominator_pixels,d_cmsa_cmssm_fraction,d_geo_cmsa_fraction,d_geo_cmssm_fraction
30m_GEODATA_native_grid,UNATTRIBUTED,none,none,2470303,0.0,0.0,0.0
30m_GEODATA_native_grid,UNATTRIBUTED,900-2500m2,none,1693,0.0,0.0,0.0
30m_GEODATA_native_grid,Liaoning,900-2500m2,none,74,1.0,1.0,0.0
30m_GEODATA_native_grid,UNATTRIBUTED,100-900m2,none,1064,0.0,0.0,0.0
30m_GEODATA_native_grid,Liaoning,100-900m2,none,23,1.0,1.0,0.0
30m_GEODATA_native_grid,UNATTRIBUTED,2500-1e4m2,none,5218,0.0,0.0,0.0
30m_GEODATA_native_grid,Liaoning,2500-1e4m2,none,269,1.0,1.0,0.0
30m_GEODATA_native_grid,Liaoning,1e4-1e5m2,none,800,1.0,1.0,0.0
30m_GEODATA_native_grid,UNATTRIBUTED,1e4-1e5m2,none,13311,0.0,0.0,0.0
30m_GEODATA_native_grid,UNATTRIBUTED,<100m2(sliver),none,297,0.0,0.0,0.0
30m_GEODATA_native_grid,Liaoning,<100m2(sliver),none,1,1.0,1.0,0.0
30m_GEODATA_native_grid,UNATTRIBUTED,>=1e5m2,none,21169,0.0001,0.0006,0.0006
30m_GEODATA_native_grid,Liaoning,>=1e5m2,none,397,1.0,1.0,0.0
30m_GEODATA_native_grid,UNATTRIBUTED,none,<100m2(sliver),28544,0.0005,0.0,0.0005
30m_GEODATA_native_grid,UNATTRIBUTED,2500-1e4m2,<100m2(sliver),610,0.0,0.0,0.0
30m_GEODATA_native_grid,UNATTRIBUTED,2500-1e4m2,2500-1e4m2,3695,0.0,0.0,0.0
30m_GEODATA_native_grid,Hebei,2500-1e4m2,<100m2(sliver),11,0.6364,0.9091,0.4545
30m_GEODATA_native_grid,Hebei,2500-1e4m2,2500-1e4m2,21,0.619,0.4286,0.6667
30m_GEODATA_native_grid,UNATTRIBUTED,none,2500-1e4m2,22145,0.0014,0.0001,0.0014
30m_GEODATA_native_grid,Hebei,none,none,5376,0.0,1.0,1.0
30m_GEODATA_native_grid,Hebei,1e4-1e5m2,none,58,0.9483,0.9655,0.0862
30m_GEODATA_native_grid,Tianjin,2500-1e4m2,<100m2(sliver),17,0.6471,0.8235,0.2941
30m_GEODATA_native_grid,UNATTRIBUTED,2500-1e4m2,100-900m2,959,0.0,0.0,0.0
30m_GEODATA_native_grid,UNATTRIBUTED,100-900m2,<100m2(sliver),171,0.0,0.0,0.0
30m_GEODATA_native_grid,UNATTRIBUTED,1e4-1e5m2,<100m2(sliver),1468,0.0,0.0,0.0
30m_GEODATA_native_grid,Hebei,1e4-1e5m2,2500-1e4m2,60,0.6167,0.9,0.4833
30m_GEODATA_native_grid,Hebei,1e4-1e5m2,<100m2(sliver),83,0.5181,0.7108,0.4819
30m_GEODATA_native_grid,UNATTRIBUTED,1e4-1e5m2,2500-1e4m2,3158,0.0,0.0,0.0
30m_GEODATA_native_grid,Hebei,1e4-1e5m2,100-900m2,32,0.875,0.75,0.25
30m_GEODATA_native_grid,UNATTRIBUTED,none,100-900m2,33295,0.0002,0.0,0.0002
30m_GEODATA_native_grid,UNATTRIBUTED,2500-1e4m2,1e4-1e5m2,2169,0.006,0.006,0.012
30m_GEODATA_native_grid,UNATTRIBUTED,none,1e4-1e5m2,30024,0.0018,0.0,0.0018
30m_GEODATA_native_grid,Hebei,2500-1e4m2,1e4-1e5m2,20,0.4,0.85,0.75
30m_GEODATA_native_grid,UNATTRIBUTED,1e4-1e5m2,100-900m2,1663,0.0,0.0,0.0
30m_GEODATA_native_grid,UNATTRIBUTED,900-2500m2,1e4-1e5m2,476,0.0,0.0,0.0
30m_GEODATA_native_grid,Hebei,900-2500m2,1e4-1e5m2,1,0.0,1.0,1.0
30m_GEODATA_native_grid,UNATTRIBUTED,900-2500m2,<100m2(sliver),266,0.0,0.0,0.0
30m_GEODATA_native_grid,Hebei,none,2500-1e4m2,14,1.0,0.0,1.0
30m_GEODATA_native_grid,Hebei,none,<100m2(sliver),24,0.125,0.875,1.0
30m_GEODATA_native_grid,Hebei,900-2500m2,<100m2(sliver),1,1.0,1.0,0.0
30m_GEODATA_native_grid,UNATTRIBUTED,900-2500m2,100-900m2,580,0.0,0.0,0.0
30m_GEODATA_native_grid,Hebei,1e4-1e5m2,1e4-1e5m2,72,0.2917,0.5694,0.6111
30m_GEODATA_native_grid,Hebei,1e4-1e5m2,900-2500m2,15,0.8,0.6667,0.4
30m_GEODATA_native_grid,UNATTRIBUTED,1e4-1e5m2,1e4-1e5m2,12369,0.0,0.0,0.0
30m_GEODATA_native_grid,Hebei,none,1e4-1e5m2,46,0.9783,0.0217,1.0
30m_GEODATA_native_grid,UNATTRIBUTED,>=1e5m2,<100m2(sliver),2654,0.0053,0.0019,0.0049
30m_GEODATA_native_grid,Hebei,>=1e5m2,<100m2(sliver),22,0.6364,0.9091,0.3636
30m_GEODATA_native_grid,Hebei,>=1e5m2,>=1e5m2,229,0.1834,0.2882,0.2009
30m_GEODATA_native_grid,UNATTRIBUTED,none,>=1e5m2,29382,0.0808,0.0006,0.0804
30m_GEODATA_native_grid,UNATTRIBUTED,>=1e5m2,>=1e5m2,14944,0.0099,0.0207,0.0242
30m_GEODATA_native_grid,Hebei,>=1e5m2,none,16,1.0,1.0,0.0
30m_GEODATA_native_grid,Hebei,none,>=1e5m2,3,1.0,1.0,0.0
30m_GEODATA_native_grid,Tianjin,1e4-1e5m2,<100m2(sliver),47,0.766,0.766,0.3404
30m_GEODATA_native_grid,Hebei,>=1e5m2,2500-1e4m2,21,0.5714,0.2381,0.4286
30m_GEODATA_native_grid,Tianjin,1e4-1e5m2,100-900m2,21,0.9048,0.619,0.381
30m_GEODATA_native_grid,UNATTRIBUTED,>=1e5m2,2500-1e4m2,1686,0.0077,0.0142,0.0172
30m_GEODATA_native_grid,Hebei,>=1e5m2,100-900m2,4,0.75,0.75,0.5
30m_GEODATA_native_grid,Hebei,>=1e5m2,900-2500m2,5,1.0,0.8,0.2
30m_GEODATA_native_grid,UNATTRIBUTED,>=1e5m2,900-2500m2,969,0.0,0.0,0.0
30m_GEODATA_native_grid,UNATTRIBUTED,none,900-2500m2,14917,0.0003,0.0,0.0003
30m_GEODATA_native_grid,Tianjin,2500-1e4m2,none,8,0.875,1.0,0.125
30m_GEODATA_native_grid,Tianjin,2500-1e4m2,2500-1e4m2,40,0.35,0.725,0.625
30m_GEODATA_native_grid,Tianjin,none,<100m2(sliver),28,0.4643,0.5357,1.0
30m_GEODATA_native_grid,Tianjin,>=1e5m2,<100m2(sliver),174,0.6034,0.7241,0.4425
30m_GEODATA_native_grid,Tianjin,>=1e5m2,1e4-1e5m2,382,0.2251,0.4634,0.4215
30m_GEODATA_native_grid,Tianjin,none,none,476,0.0,1.0,1.0
30m_GEODATA_native_grid,Tianjin,>=1e5m2,none,105,0.6952,0.9429,0.3619
30m_GEODATA_native_grid,Tianjin,>=1e5m2,100-900m2,62,0.7903,0.7419,0.4032
30m_GEODATA_native_grid,Tianjin,none,100-900m2,29,0.2759,0.7241,1.0
30m_GEODATA_native_grid,Tianjin,>=1e5m2,900-2500m2,29,0.5517,0.6207,0.4828
30m_GEODATA_native_grid,UNATTRIBUTED,>=1e5m2,1e4-1e5m2,5722,0.007,0.0114,0.0138
30m_GEODATA_native_grid,UNATTRIBUTED,>=1e5m2,100-900m2,2157,0.0023,0.0023,0.0019
30m_GEODATA_native_grid,Tianjin,900-2500m2,100-900m2,1,0.0,1.0,1.0
30m_GEODATA_native_grid,Tianjin,1e4-1e5m2,900-2500m2,2,0.5,1.0,0.5
30m_GEODATA_native_grid,UNATTRIBUTED,1e4-1e5m2,900-2500m2,1059,0.0,0.0,0.0
30m_GEODATA_native_grid,Tianjin,>=1e5m2,2500-1e4m2,76,0.4474,0.9211,0.6053
30m_GEODATA_native_grid,Tianjin,900-2500m2,2500-1e4m2,2,0.5,1.0,0.5
30m_GEODATA_native_grid,UNATTRIBUTED,900-2500m2,2500-1e4m2,796,0.0,0.0,0.0
30m_GEODATA_native_grid,Tianjin,900-2500m2,<100m2(sliver),1,1.0,1.0,0.0
30m_GEODATA_native_grid,Tianjin,none,1e4-1e5m2,37,1.0,0.0,1.0
30m_GEODATA_native_grid,Tianjin,2500-1e4m2,1e4-1e5m2,12,0.4167,0.5833,1.0
30m_GEODATA_native_grid,Tianjin,none,>=1e5m2,48,0.9375,0.1875,0.875
30m_GEODATA_native_grid,Tianjin,>=1e5m2,>=1e5m2,1255,0.1315,0.1498,0.1984
30m_GEODATA_native_grid,Tianjin,none,2500-1e4m2,60,0.8,0.3833,0.8167
30m_GEODATA_native_grid,Tianjin,none,900-2500m2,15,0.7333,0.2667,1.0
30m_GEODATA_native_grid,Tianjin,1e4-1e5m2,1e4-1e5m2,134,0.2612,0.7388,0.6716
30m_GEODATA_native_grid,Tianjin,1e4-1e5m2,none,5,0.8,1.0,0.2
30m_GEODATA_native_grid,Tianjin,1e4-1e5m2,2500-1e4m2,6,0.5,0.5,0.6667
30m_GEODATA_native_grid,Hebei,none,100-900m2,4,0.75,0.25,1.0
30m_GEODATA_native_grid,Hebei,2500-1e4m2,900-2500m2,3,0.6667,1.0,0.3333
30m_GEODATA_native_grid,UNATTRIBUTED,2500-1e4m2,900-2500m2,996,0.0,0.0,0.0
30m_GEODATA_native_grid,Hebei,2500-1e4m2,100-900m2,2,0.5,1.0,0.5
30m_GEODATA_native_grid,Shandong,none,none,17987,0.0,1.0,1.0
30m_GEODATA_native_grid,Shandong,none,1e4-1e5m2,1314,0.9551,0.175,0.8699
30m_GEODATA_native_grid,Shandong,1e4-1e5m2,100-900m2,253,0.8696,0.8972,0.2174
30m_GEODATA_native_grid,Shandong,1e4-1e5m2,<100m2(sliver),388,0.8969,0.9124,0.1495
30m_GEODATA_native_grid,Shandong,1e4-1e5m2,none,2568,0.9463,0.8462,0.2076
30m_GEODATA_native_grid,Shandong,none,>=1e5m2,573,0.9075,0.1885,0.904
30m_GEODATA_native_grid,Shandong,1e4-1e5m2,2500-1e4m2,715,0.5007,0.8657,0.5524
30m_GEODATA_native_grid,Shandong,>=1e5m2,>=1e5m2,11514,0.1368,0.3773,0.3626
30m_GEODATA_native_grid,Shandong,>=1e5m2,1e4-1e5m2,4047,0.2664,0.7018,0.6425
30m_GEODATA_native_grid,Shandong,none,100-900m2,77,0.6753,0.3506,0.974
30m_GEODATA_native_grid,Shandong,none,900-2500m2,117,0.9316,0.0769,0.9915
30m_GEODATA_native_grid,Shandong,1e4-1e5m2,1e4-1e5m2,2037,0.2813,0.7344,0.7005
30m_GEODATA_native_grid,Shandong,1e4-1e5m2,900-2500m2,169,0.6805,0.858,0.3905
30m_GEODATA_native_grid,Shandong,2500-1e4m2,none,537,0.8901,0.905,0.2048
30m_GEODATA_native_grid,Shandong,2500-1e4m2,900-2500m2,65,0.6154,0.9385,0.4462
30m_GEODATA_native_grid,Shandong,2500-1e4m2,<100m2(sliver),56,0.9286,1.0,0.0714
30m_GEODATA_native_grid,Shandong,none,<100m2(sliver),87,0.6437,0.3678,0.9885
30m_GEODATA_native_grid,Shandong,2500-1e4m2,2500-1e4m2,167,0.4731,0.8024,0.7246
30m_GEODATA_native_grid,Shandong,>=1e5m2,none,35167,0.936,0.3131,0.7508
30m_GEODATA_native_grid,UNATTRIBUTED,2500-1e4m2,>=1e5m2,269,0.0446,0.026,0.0706
30m_GEODATA_native_grid,Shandong,none,2500-1e4m2,388,0.9974,0.0026,1.0
30m_GEODATA_native_grid,Shandong,>=1e5m2,<100m2(sliver),1358,0.7879,0.6973,0.3571
30m_GEODATA_native_grid,Shandong,>=1e5m2,2500-1e4m2,882,0.5454,0.7063,0.4785
30m_GEODATA_native_grid,Shandong,>=1e5m2,100-900m2,913,0.8357,0.6977,0.3724
30m_GEODATA_native_grid,Shandong,>=1e5m2,900-2500m2,425,0.7106,0.7459,0.3835
30m_GEODATA_native_grid,Shandong,2500-1e4m2,1e4-1e5m2,109,0.5321,0.5505,0.7523
30m_GEODATA_native_grid,Shandong,900-2500m2,1e4-1e5m2,2,1.0,1.0,0.0
30m_GEODATA_native_grid,UNATTRIBUTED,1e4-1e5m2,>=1e5m2,1279,0.0172,0.0352,0.0524
30m_GEODATA_native_grid,Shandong,1e4-1e5m2,>=1e5m2,436,0.3876,0.6239,0.7408
30m_GEODATA_native_grid,Shandong,2500-1e4m2,100-900m2,50,0.96,0.98,0.06
30m_GEODATA_native_grid,Shandong,900-2500m2,none,3,1.0,1.0,0.0
30m_GEODATA_native_grid,Shandong,100-900m2,1e4-1e5m2,4,0.75,0.25,1.0
30m_GEODATA_native_grid,Shandong,100-900m2,>=1e5m2,3,1.0,0.0,1.0
30m_GEODATA_native_grid,Shandong,2500-1e4m2,>=1e5m2,13,0.4615,0.6923,0.8462
30m_GEODATA_native_grid,Jiangsu,>=1e5m2,>=1e5m2,100363,0.1225,0.2749,0.2717
30m_GEODATA_native_grid,Jiangsu,none,none,26750,0.0,1.0,1.0
30m_GEODATA_native_grid,Jiangsu,>=1e5m2,100-900m2,1604,0.8092,0.6403,0.4059
30m_GEODATA_native_grid,Jiangsu,none,>=1e5m2,30122,0.9632,0.2464,0.7903
30m_GEODATA_native_grid,Jiangsu,>=1e5m2,none,28475,0.9542,0.3595,0.6864
30m_GEODATA_native_grid,Jiangsu,>=1e5m2,<100m2(sliver),3573,0.7168,0.6443,0.4089
30m_GEODATA_native_grid,Jiangsu,none,<100m2(sliver),789,0.3397,0.7072,0.9531
30m_GEODATA_native_grid,Jiangsu,none,100-900m2,453,0.3907,0.6534,0.9558
30m_GEODATA_native_grid,Jiangsu,>=1e5m2,2500-1e4m2,806,0.4988,0.5447,0.4777
30m_GEODATA_native_grid,Jiangsu,>=1e5m2,1e4-1e5m2,6374,0.2928,0.4751,0.4098
30m_GEODATA_native_grid,Jiangsu,>=1e5m2,900-2500m2,464,0.6767,0.6918,0.4159
30m_GEODATA_native_grid,Jiangsu,none,1e4-1e5m2,4239,0.9474,0.151,0.9016
30m_GEODATA_native_grid,Jiangsu,1e4-1e5m2,>=1e5m2,1023,0.2991,0.4858,0.5445
30m_GEODATA_native_grid,Jiangsu,none,900-2500m2,251,0.8008,0.243,0.9562
30m_GEODATA_native_grid,Jiangsu,2500-1e4m2,900-2500m2,13,0.8462,0.9231,0.2308
30m_GEODATA_native_grid,Jiangsu,2500-1e4m2,1e4-1e5m2,225,0.52,0.4844,0.72
30m_GEODATA_native_grid,Jiangsu,2500-1e4m2,100-900m2,15,0.8667,1.0,0.1333
30m_GEODATA_native_grid,Jiangsu,none,2500-1e4m2,945,0.9058,0.2011,0.8931
30m_GEODATA_native_grid,Jiangsu,2500-1e4m2,2500-1e4m2,91,0.5055,0.7253,0.6593
30m_GEODATA_native_grid,Jiangsu,1e4-1e5m2,<100m2(sliver),241,0.668,0.6432,0.5228
30m_GEODATA_native_grid,Jiangsu,1e4-1e5m2,1e4-1e5m2,3008,0.3049,0.5658,0.5296
30m_GEODATA_native_grid,Jiangsu,1e4-1e5m2,2500-1e4m2,360,0.525,0.8139,0.55
30m_GEODATA_native_grid,Jiangsu,2500-1e4m2,<100m2(sliver),23,0.6957,0.5217,0.6957
30m_GEODATA_native_grid,Jiangsu,1e4-1e5m2,none,1823,0.9292,0.7691,0.3017
30m_GEODATA_native_grid,Jiangsu,1e4-1e5m2,900-2500m2,63,0.6667,0.7302,0.381
30m_GEODATA_native_grid,UNATTRIBUTED,100-900m2,>=1e5m2,75,0.0,0.0,0.0
30m_GEODATA_native_grid,UNATTRIBUTED,100-900m2,100-900m2,784,0.0,0.0,0.0
30m_GEODATA_native_grid,Jiangsu,1e4-1e5m2,100-900m2,119,0.8487,0.7479,0.3025
30m_GEODATA_native_grid,Jiangsu,2500-1e4m2,none,198,0.8384,0.9091,0.2525
30m_GEODATA_native_grid,Jiangsu,2500-1e4m2,>=1e5m2,292,0.5514,0.5479,0.613
30m_GEODATA_native_grid,Jiangsu,<100m2(sliver),>=1e5m2,1,1.0,0.0,1.0
30m_GEODATA_native_grid,UNATTRIBUTED,100-900m2,1e4-1e5m2,262,0.0,0.0,0.0
30m_GEODATA_native_grid,Jiangsu,100-900m2,>=1e5m2,3,1.0,0.6667,0.3333
30m_GEODATA_native_grid,Jiangsu,900-2500m2,none,21,0.5238,0.8571,0.619
30m_GEODATA_native_grid,Jiangsu,900-2500m2,>=1e5m2,22,0.7273,0.4091,0.8636
30m_GEODATA_native_grid,Jiangsu,900-2500m2,2500-1e4m2,13,0.8462,0.4615,0.6923
30m_GEODATA_native_grid,Jiangsu,900-2500m2,100-900m2,1,1.0,1.0,0.0
30m_GEODATA_native_grid,UNATTRIBUTED,900-2500m2,>=1e5m2,86,0.0,0.0,0.0
30m_GEODATA_native_grid,Jiangsu,900-2500m2,1e4-1e5m2,37,0.7838,0.3243,0.8919
30m_GEODATA_native_grid,Shanghai,none,>=1e5m2,51471,0.9976,0.0843,0.9181
30m_GEODATA_native_grid,Shanghai,none,1e4-1e5m2,3758,0.9707,0.1392,0.8901
30m_GEODATA_native_grid,Shanghai,none,<100m2(sliver),1106,0.9955,0.0145,0.9901
30m_GEODATA_native_grid,Shanghai,none,100-900m2,508,0.9783,0.0236,0.998
30m_GEODATA_native_grid,Shanghai,none,900-2500m2,401,1.0,0.005,0.995
30m_GEODATA_native_grid,Jiangsu,100-900m2,1e4-1e5m2,4,1.0,0.0,1.0
30m_GEODATA_native_grid,Shanghai,none,2500-1e4m2,895,0.9933,0.019,0.9877
30m_GEODATA_native_grid,Shanghai,2500-1e4m2,none,36,1.0,1.0,0.0
30m_GEODATA_native_grid,Shanghai,2500-1e4m2,1e4-1e5m2,109,0.5963,0.5229,0.5872
30m_GEODATA_native_grid,Shanghai,1e4-1e5m2,>=1e5m2,490,0.2898,0.4898,0.5633
30m_GEODATA_native_grid,Shanghai,2500-1e4m2,>=1e5m2,100,0.58,0.43,0.49
30m_GEODATA_native_grid,Shanghai,900-2500m2,>=1e5m2,21,0.7143,0.4286,0.7619
30m_GEODATA_native_grid,Shanghai,>=1e5m2,>=1e5m2,48793,0.0946,0.5355,0.5641
30m_GEODATA_native_grid,Shanghai,>=1e5m2,<100m2(sliver),226,0.5664,0.7788,0.5487
30m_GEODATA_native_grid,Shanghai,>=1e5m2,100-900m2,185,0.7135,0.7946,0.4054
30m_GEODATA_native_grid,Shanghai,>=1e5m2,1e4-1e5m2,612,0.3203,0.7435,0.6422
30m_GEODATA_native_grid,Shanghai,none,none,17998,0.0,1.0,1.0
30m_GEODATA_native_grid,Shanghai,>=1e5m2,2500-1e4m2,39,0.7436,0.6154,0.4359
30m_GEODATA_native_grid,Shanghai,>=1e5m2,none,6600,0.9817,0.9518,0.0665
30m_GEODATA_native_grid,Shanghai,>=1e5m2,900-2500m2,16,0.75,0.6875,0.5625
30m_GEODATA_native_grid,Shanghai,1e4-1e5m2,none,205,0.7707,0.6049,0.6244
30m_GEODATA_native_grid,Shanghai,1e4-1e5m2,100-900m2,9,0.6667,0.8889,0.4444
30m_GEODATA_native_grid,Shanghai,1e4-1e5m2,1e4-1e5m2,631,0.3582,0.3693,0.477
30m_GEODATA_native_grid,Shanghai,1e4-1e5m2,<100m2(sliver),5,0.6,0.8,0.6
30m_GEODATA_native_grid,Shanghai,<100m2(sliver),<100m2(sliver),1,1.0,0.0,1.0
30m_GEODATA_native_grid,Shanghai,2500-1e4m2,2500-1e4m2,21,0.7619,0.6667,0.381
30m_GEODATA_native_grid,Shanghai,900-2500m2,1e4-1e5m2,5,1.0,0.4,0.6
30m_GEODATA_native_grid,Shanghai,900-2500m2,2500-1e4m2,2,1.0,1.0,0.0
30m_GEODATA_native_grid,Shanghai,900-2500m2,none,3,1.0,0.6667,0.3333
30m_GEODATA_native_grid,Zhejiang,none,1e4-1e5m2,11454,0.9239,0.1888,0.8874
30m_GEODATA_native_grid,Zhejiang,1e4-1e5m2,1e4-1e5m2,20849,0.2803,0.7069,0.6996
30m_GEODATA_native_grid,Zhejiang,none,none,38970,0.0,1.0,1.0
30m_GEODATA_native_grid,Zhejiang,2500-1e4m2,1e4-1e5m2,2368,0.4544,0.6026,0.796
30m_GEODATA_native_grid,Zhejiang,900-2500m2,1e4-1e5m2,293,0.6792,0.4334,0.8464
30m_GEODATA_native_grid,Shanghai,1e4-1e5m2,2500-1e4m2,27,0.5556,0.5556,0.3704
30m_GEODATA_native_grid,Zhejiang,none,2500-1e4m2,5239,0.9389,0.0985,0.9626
30m_GEODATA_native_grid,Zhejiang,none,<100m2(sliver),590,0.6695,0.3983,0.9322
30m_GEODATA_native_grid,Zhejiang,none,100-900m2,918,0.6819,0.3573,0.9608
30m_GEODATA_native_grid,Zhejiang,none,900-2500m2,1612,0.8933,0.139,0.9677
30m_GEODATA_native_grid,Zhejiang,none,>=1e5m2,14260,0.9405,0.4712,0.5882
30m_GEODATA_native_grid,Zhejiang,>=1e5m2,>=1e5m2,67579,0.1442,0.5412,0.5247
30m_GEODATA_native_grid,Zhejiang,>=1e5m2,<100m2(sliver),3158,0.6856,0.7508,0.3661
30m_GEODATA_native_grid,Zhejiang,>=1e5m2,none,4131,0.8819,0.6809,0.4372
30m_GEODATA_native_grid,Zhejiang,2500-1e4m2,none,495,0.8202,0.8788,0.301
30m_GEODATA_native_grid,Zhejiang,2500-1e4m2,100-900m2,184,0.7609,0.8587,0.3804
30m_GEODATA_native_grid,Zhejiang,1e4-1e5m2,none,2431,0.8248,0.7672,0.4081
30m_GEODATA_native_grid,Zhejiang,1e4-1e5m2,2500-1e4m2,2490,0.402,0.8321,0.6598
30m_GEODATA_native_grid,Zhejiang,1e4-1e5m2,<100m2(sliver),659,0.5539,0.7906,0.519
30m_GEODATA_native_grid,Zhejiang,1e4-1e5m2,100-900m2,628,0.7038,0.8471,0.4076
30m_GEODATA_native_grid,Zhejiang,>=1e5m2,1e4-1e5m2,13930,0.2365,0.7192,0.6429
30m_GEODATA_native_grid,Zhejiang,>=1e5m2,100-900m2,2430,0.7527,0.8165,0.3519
30m_GEODATA_native_grid,Zhejiang,>=1e5m2,900-2500m2,1349,0.5715,0.8228,0.5078
30m_GEODATA_native_grid,Zhejiang,>=1e5m2,2500-1e4m2,2541,0.4301,0.7792,0.6159
30m_GEODATA_native_grid,Zhejiang,900-2500m2,>=1e5m2,96,0.8021,0.4375,0.6146
30m_GEODATA_native_grid,Zhejiang,2500-1e4m2,>=1e5m2,431,0.4965,0.5893,0.71
30m_GEODATA_native_grid,Zhejiang,2500-1e4m2,<100m2(sliver),131,0.6107,0.7557,0.5878
30m_GEODATA_native_grid,Zhejiang,2500-1e4m2,2500-1e4m2,1459,0.4016,0.7724,0.7779
30m_GEODATA_native_grid,Zhejiang,900-2500m2,100-900m2,44,0.8409,0.8636,0.2955
30m_GEODATA_native_grid,Zhejiang,900-2500m2,none,87,0.8046,0.9425,0.2529
30m_GEODATA_native_grid,Zhejiang,1e4-1e5m2,900-2500m2,561,0.6239,0.8324,0.4688
30m_GEODATA_native_grid,Zhejiang,1e4-1e5m2,>=1e5m2,3632,0.2737,0.6432,0.679
30m_GEODATA_native_grid,Zhejiang,900-2500m2,900-2500m2,138,0.5145,0.7464,0.7391
30m_GEODATA_native_grid,UNATTRIBUTED,900-2500m2,900-2500m2,1067,0.0,0.0,0.0
30m_GEODATA_native_grid,Zhejiang,2500-1e4m2,900-2500m2,268,0.5858,0.8358,0.5485
30m_GEODATA_native_grid,Zhejiang,900-2500m2,2500-1e4m2,240,0.625,0.4708,0.8708
30m_GEODATA_native_grid,Zhejiang,900-2500m2,<100m2(sliver),17,0.4706,0.8235,0.5882
30m_GEODATA_native_grid,UNATTRIBUTED,<100m2(sliver),<100m2(sliver),56,0.0,0.0,0.0
30m_GEODATA_native_grid,UNATTRIBUTED,<100m2(sliver),1e4-1e5m2,99,0.0,0.0,0.0
30m_GEODATA_native_grid,Zhejiang,100-900m2,1e4-1e5m2,43,0.8837,0.1628,0.907
30m_GEODATA_native_grid,UNATTRIBUTED,<100m2(sliver),>=1e5m2,48,0.0,0.0,0.0
30m_GEODATA_native_grid,Zhejiang,<100m2(sliver),>=1e5m2,34,0.7647,0.4118,0.7647
30m_GEODATA_native_grid,UNATTRIBUTED,<100m2(sliver),2500-1e4m2,97,0.0,0.0,0.0
30m_GEODATA_native_grid,Zhejiang,<100m2(sliver),2500-1e4m2,24,0.7083,0.375,0.9167
30m_GEODATA_native_grid,Zhejiang,100-900m2,2500-1e4m2,27,0.8519,0.2222,0.9259
30m_GEODATA_native_grid,Zhejiang,100-900m2,>=1e5m2,22,0.5909,0.4545,0.6818
30m_GEODATA_native_grid,Zhejiang,100-900m2,<100m2(sliver),5,1.0,0.2,0.8
30m_GEODATA_native_grid,UNATTRIBUTED,<100m2(sliver),900-2500m2,67,0.0,0.0,0.0
30m_GEODATA_native_grid,UNATTRIBUTED,100-900m2,2500-1e4m2,418,0.0,0.0,0.0
30m_GEODATA_native_grid,UNATTRIBUTED,<100m2(sliver),100-900m2,151,0.0,0.0,0.0
30m_GEODATA_native_grid,Zhejiang,100-900m2,100-900m2,6,0.5,0.5,0.6667
30m_GEODATA_native_grid,UNATTRIBUTED,100-900m2,900-2500m2,406,0.0,0.0,0.0
30m_GEODATA_native_grid,Zhejiang,100-900m2,900-2500m2,8,0.625,0.5,0.875
30m_GEODATA_native_grid,Zhejiang,100-900m2,none,2,0.5,1.0,0.5
30m_GEODATA_native_grid,Zhejiang,<100m2(sliver),1e4-1e5m2,52,0.75,0.2885,0.9231
30m_GEODATA_native_grid,Zhejiang,<100m2(sliver),none,2,0.5,1.0,0.5
30m_GEODATA_native_grid,Zhejiang,<100m2(sliver),<100m2(sliver),2,0.5,1.0,0.5
30m_GEODATA_native_grid,Zhejiang,<100m2(sliver),100-900m2,5,0.6,1.0,0.4
30m_GEODATA_native_grid,Zhejiang,<100m2(sliver),900-2500m2,9,0.7778,0.2222,1.0
30m_GEODATA_native_grid,Fujian,none,900-2500m2,1385,0.6845,0.4253,0.8903
30m_GEODATA_native_grid,Fujian,none,2500-1e4m2,2623,0.7823,0.3465,0.8711
30m_GEODATA_native_grid,Fujian,2500-1e4m2,2500-1e4m2,2614,0.3772,0.6894,0.7292
30m_GEODATA_native_grid,Fujian,2500-1e4m2,100-900m2,356,0.6208,0.8258,0.4466
30m_GEODATA_native_grid,Fujian,>=1e5m2,>=1e5m2,42056,0.1244,0.2151,0.2296
30m_GEODATA_native_grid,Fujian,>=1e5m2,2500-1e4m2,4418,0.3708,0.4115,0.4645
30m_GEODATA_native_grid,Fujian,none,100-900m2,1261,0.3228,0.7335,0.9437
30m_GEODATA_native_grid,Fujian,>=1e5m2,<100m2(sliver),1472,0.5204,0.5747,0.5204
30m_GEODATA_native_grid,Fujian,>=1e5m2,100-900m2,2536,0.5994,0.4586,0.5556
30m_GEODATA_native_grid,Fujian,2500-1e4m2,900-2500m2,618,0.5388,0.7783,0.5728
30m_GEODATA_native_grid,Fujian,2500-1e4m2,none,548,0.8212,0.9051,0.2737
30m_GEODATA_native_grid,Fujian,none,>=1e5m2,2030,0.8187,0.6291,0.5522
30m_GEODATA_native_grid,Fujian,1e4-1e5m2,1e4-1e5m2,16502,0.2371,0.5193,0.5297
30m_GEODATA_native_grid,Fujian,none,none,9401,0.0,1.0,1.0
30m_GEODATA_native_grid,Fujian,2500-1e4m2,1e4-1e5m2,1466,0.4338,0.601,0.822
30m_GEODATA_native_grid,Fujian,none,1e4-1e5m2,4626,0.8072,0.447,0.7458
30m_GEODATA_native_grid,Fujian,900-2500m2,2500-1e4m2,476,0.5714,0.4874,0.8782
30m_GEODATA_native_grid,Fujian,100-900m2,2500-1e4m2,156,0.7244,0.3526,0.9103
30m_GEODATA_native_grid,Fujian,>=1e5m2,none,2372,0.7163,0.6273,0.6564
30m_GEODATA_native_grid,Fujian,>=1e5m2,900-2500m2,1962,0.4898,0.449,0.526
30m_GEODATA_native_grid,Fujian,>=1e5m2,1e4-1e5m2,18230,0.2223,0.3234,0.3327
30m_GEODATA_native_grid,Fujian,1e4-1e5m2,none,1891,0.7916,0.7594,0.449
30m_GEODATA_native_grid,Fujian,1e4-1e5m2,2500-1e4m2,3548,0.3751,0.6282,0.5868
30m_GEODATA_native_grid,Fujian,1e4-1e5m2,100-900m2,1104,0.6286,0.7246,0.4493
30m_GEODATA_native_grid,Fujian,100-900m2,100-900m2,72,0.5833,0.6111,0.75
30m_GEODATA_native_grid,Fujian,1e4-1e5m2,900-2500m2,1102,0.5381,0.7069,0.5136
30m_GEODATA_native_grid,Fujian,1e4-1e5m2,<100m2(sliver),728,0.5343,0.7074,0.489
30m_GEODATA_native_grid,Fujian,none,<100m2(sliver),506,0.3182,0.7549,0.9269
30m_GEODATA_native_grid,Fujian,<100m2(sliver),2500-1e4m2,34,0.6765,0.3824,0.8235
30m_GEODATA_native_grid,Fujian,<100m2(sliver),none,25,0.24,1.0,0.76
30m_GEODATA_native_grid,Fujian,<100m2(sliver),1e4-1e5m2,61,0.7049,0.541,0.7541
30m_GEODATA_native_grid,Fujian,900-2500m2,100-900m2,148,0.6351,0.7973,0.5405
30m_GEODATA_native_grid,Fujian,900-2500m2,none,119,0.8151,0.9748,0.2101
30m_GEODATA_native_grid,Fujian,100-900m2,900-2500m2,71,0.6056,0.493,0.8732
30m_GEODATA_native_grid,Fujian,900-2500m2,900-2500m2,343,0.4402,0.6851,0.7697
30m_GEODATA_native_grid,Fujian,1e4-1e5m2,>=1e5m2,763,0.2464,0.5793,0.595
30m_GEODATA_native_grid,Fujian,2500-1e4m2,<100m2(sliver),206,0.6068,0.7524,0.4951
30m_GEODATA_native_grid,Fujian,100-900m2,1e4-1e5m2,134,0.8358,0.291,0.8731
30m_GEODATA_native_grid,Fujian,<100m2(sliver),>=1e5m2,47,0.5745,0.5319,0.4681
30m_GEODATA_native_grid,Fujian,100-900m2,<100m2(sliver),30,0.5,0.5667,0.8667
30m_GEODATA_native_grid,Fujian,900-2500m2,<100m2(sliver),66,0.6061,0.7273,0.6061
30m_GEODATA_native_grid,Fujian,<100m2(sliver),<100m2(sliver),15,0.4667,0.8,0.6
30m_GEODATA_native_grid,Fujian,<100m2(sliver),100-900m2,22,0.5909,0.6818,0.7273
30m_GEODATA_native_grid,Fujian,<100m2(sliver),900-2500m2,15,0.5333,0.6,0.8667
30m_GEODATA_native_grid,Fujian,100-900m2,none,36,0.5833,0.9444,0.4722
30m_GEODATA_native_grid,Fujian,100-900m2,>=1e5m2,60,0.6,0.6,0.6667
30m_GEODATA_native_grid,Fujian,900-2500m2,1e4-1e5m2,271,0.6605,0.4317,0.8561
30m_GEODATA_native_grid,Fujian,2500-1e4m2,>=1e5m2,45,0.4889,0.5556,0.7333
30m_GEODATA_native_grid,Fujian,900-2500m2,>=1e5m2,54,0.7407,0.3519,0.8333
30m_GEODATA_native_grid,Guangdong,none,none,10007,0.0,1.0,1.0
30m_GEODATA_native_grid,Guangdong,1e4-1e5m2,100-900m2,104,0.7885,0.9231,0.2885
30m_GEODATA_native_grid,Guangdong,none,900-2500m2,61,1.0,0.0,1.0
30m_GEODATA_native_grid,Guangdong,1e4-1e5m2,1e4-1e5m2,1232,0.2281,0.7192,0.7216
30m_GEODATA_native_grid,Guangdong,1e4-1e5m2,<100m2(sliver),87,0.7471,0.977,0.2759
30m_GEODATA_native_grid,Guangdong,none,100-900m2,38,0.6316,0.3684,1.0
30m_GEODATA_native_grid,Guangdong,none,1e4-1e5m2,234,0.812,0.4103,0.7778
30m_GEODATA_native_grid,Guangdong,900-2500m2,100-900m2,22,0.7727,0.9091,0.3182
30m_GEODATA_native_grid,Guangdong,2500-1e4m2,1e4-1e5m2,154,0.4156,0.6364,0.8831
30m_GEODATA_native_grid,Guangdong,2500-1e4m2,2500-1e4m2,173,0.3642,0.711,0.8092
30m_GEODATA_native_grid,Guangdong,2500-1e4m2,100-900m2,45,0.7333,0.9111,0.3556
30m_GEODATA_native_grid,Guangdong,>=1e5m2,1e4-1e5m2,301,0.3455,0.794,0.6478
30m_GEODATA_native_grid,Guangdong,>=1e5m2,100-900m2,10,0.4,0.7,0.5
30m_GEODATA_native_grid,Guangdong,>=1e5m2,<100m2(sliver),7,0.7143,0.7143,0.2857
30m_GEODATA_native_grid,Guangdong,900-2500m2,2500-1e4m2,51,0.3529,0.5882,0.9412
30m_GEODATA_native_grid,Guangdong,900-2500m2,900-2500m2,31,0.4839,0.7419,0.7742
30m_GEODATA_native_grid,Guangdong,>=1e5m2,none,1548,0.8966,0.2196,0.8837
30m_GEODATA_native_grid,Guangdong,100-900m2,1e4-1e5m2,13,0.6923,0.3077,1.0
30m_GEODATA_native_grid,Guangdong,900-2500m2,<100m2(sliver),11,0.7273,0.8182,0.4545
30m_GEODATA_native_grid,Guangdong,none,<100m2(sliver),23,0.7826,0.2174,1.0
30m_GEODATA_native_grid,Guangdong,900-2500m2,none,56,0.6786,0.9107,0.4107
30m_GEODATA_native_grid,Guangdong,1e4-1e5m2,none,1638,0.8571,0.699,0.4438
30m_GEODATA_native_grid,Guangdong,1e4-1e5m2,2500-1e4m2,278,0.295,0.8633,0.7698
30m_GEODATA_native_grid,Guangdong,2500-1e4m2,900-2500m2,45,0.6222,0.8889,0.4889
30m_GEODATA_native_grid,Guangdong,none,2500-1e4m2,104,0.7981,0.3173,0.8846
30m_GEODATA_native_grid,Guangdong,2500-1e4m2,none,321,0.8941,0.9377,0.1682
30m_GEODATA_native_grid,Guangdong,2500-1e4m2,<100m2(sliver),13,0.8462,0.8462,0.3077
30m_GEODATA_native_grid,Guangdong,100-900m2,2500-1e4m2,15,0.7333,0.3333,0.9333
30m_GEODATA_native_grid,Guangdong,1e4-1e5m2,900-2500m2,63,0.5714,0.9048,0.4286
30m_GEODATA_native_grid,Guangdong,<100m2(sliver),none,2,0.0,1.0,1.0
30m_GEODATA_native_grid,Guangdong,100-900m2,none,12,0.4167,0.8333,0.75
30m_GEODATA_native_grid,Guangxi,none,none,9860,0.0,1.0,1.0
30m_GEODATA_native_grid,Guangdong,100-900m2,<100m2(sliver),1,1.0,1.0,0.0
30m_GEODATA_native_grid,Guangdong,100-900m2,100-900m2,9,0.6667,0.4444,0.8889
30m_GEODATA_native_grid,Guangdong,>=1e5m2,>=1e5m2,795,0.1434,0.2767,0.2843
30m_GEODATA_native_grid,Guangdong,none,>=1e5m2,31,0.2258,0.871,0.9032
30m_GEODATA_native_grid,Guangdong,100-900m2,900-2500m2,8,0.375,0.625,1.0
30m_GEODATA_native_grid,Guangdong,900-2500m2,1e4-1e5m2,10,0.4,0.8,0.8
30m_GEODATA_native_grid,Guangdong,2500-1e4m2,>=1e5m2,12,0.6667,0.3333,1.0
30m_GEODATA_native_grid,Guangdong,<100m2(sliver),>=1e5m2,4,1.0,0.0,1.0
30m_GEODATA_native_grid,Guangdong,1e4-1e5m2,>=1e5m2,106,0.217,0.3585,0.3113
30m_GEODATA_native_grid,Guangdong,<100m2(sliver),2500-1e4m2,2,1.0,0.0,1.0
30m_GEODATA_native_grid,Guangxi,100-900m2,2500-1e4m2,35,0.7714,0.4286,0.7429
30m_GEODATA_native_grid,Guangxi,none,2500-1e4m2,170,0.8882,0.1412,0.9706
30m_GEODATA_native_grid,Guangxi,none,1e4-1e5m2,267,0.809,0.2397,0.9513
30m_GEODATA_native_grid,Guangxi,none,<100m2(sliver),209,0.3541,0.6507,0.9952
30m_GEODATA_native_grid,Guangxi,1e4-1e5m2,1e4-1e5m2,4229,0.2097,0.8096,0.8175
30m_GEODATA_native_grid,Guangxi,1e4-1e5m2,none,1104,0.8632,0.788,0.3487
30m_GEODATA_native_grid,Guangxi,2500-1e4m2,2500-1e4m2,526,0.2966,0.749,0.7871
30m_GEODATA_native_grid,Guangxi,2500-1e4m2,none,290,0.7,0.8552,0.4448
30m_GEODATA_native_grid,Guangxi,100-900m2,900-2500m2,50,0.46,0.68,0.82
30m_GEODATA_native_grid,Guangxi,100-900m2,1e4-1e5m2,32,0.6562,0.3438,0.8125
30m_GEODATA_native_grid,Guangxi,900-2500m2,900-2500m2,120,0.3083,0.7333,0.8583
30m_GEODATA_native_grid,Guangxi,900-2500m2,none,68,0.6176,0.9265,0.4559
30m_GEODATA_native_grid,Guangxi,<100m2(sliver),none,4,1.0,1.0,0.0
30m_GEODATA_native_grid,Guangxi,100-900m2,none,19,0.4211,0.9474,0.6316
30m_GEODATA_native_grid,Guangxi,none,100-900m2,193,0.4508,0.5751,0.9741
30m_GEODATA_native_grid,Guangxi,none,900-2500m2,131,0.8626,0.1603,0.9771
30m_GEODATA_native_grid,Guangxi,2500-1e4m2,<100m2(sliver),69,0.4928,0.7246,0.5507
30m_GEODATA_native_grid,Guangxi,2500-1e4m2,100-900m2,86,0.5581,0.8023,0.5465
30m_GEODATA_native_grid,Guangxi,900-2500m2,<100m2(sliver),31,0.4194,0.7742,0.6774
30m_GEODATA_native_grid,Guangxi,2500-1e4m2,900-2500m2,82,0.439,0.7195,0.5732
30m_GEODATA_native_grid,Guangxi,100-900m2,100-900m2,89,0.3371,0.7416,0.8764
30m_GEODATA_native_grid,Guangxi,2500-1e4m2,1e4-1e5m2,124,0.2984,0.7661,0.8387
30m_GEODATA_native_grid,Guangxi,1e4-1e5m2,<100m2(sliver),246,0.5325,0.7642,0.5569
30m_GEODATA_native_grid,Guangxi,1e4-1e5m2,100-900m2,238,0.6849,0.7269,0.5042
30m_GEODATA_native_grid,Guangxi,1e4-1e5m2,900-2500m2,174,0.546,0.6264,0.5517
30m_GEODATA_native_grid,Guangxi,<100m2(sliver),<100m2(sliver),8,0.375,0.75,0.875
30m_GEODATA_native_grid,Guangxi,>=1e5m2,>=1e5m2,3932,0.1401,0.5974,0.587
30m_GEODATA_native_grid,Guangxi,1e4-1e5m2,2500-1e4m2,638,0.373,0.7414,0.616
30m_GEODATA_native_grid,Guangxi,900-2500m2,2500-1e4m2,68,0.4706,0.5735,0.8971
30m_GEODATA_native_grid,Guangxi,<100m2(sliver),100-900m2,6,0.1667,0.8333,1.0
30m_GEODATA_native_grid,Guangxi,>=1e5m2,<100m2(sliver),222,0.5766,0.7342,0.5
30m_GEODATA_native_grid,Guangxi,>=1e5m2,2500-1e4m2,276,0.4384,0.8804,0.5725
30m_GEODATA_native_grid,Guangxi,100-900m2,<100m2(sliver),32,0.4688,0.5625,0.8438
30m_GEODATA_native_grid,Guangxi,900-2500m2,100-900m2,53,0.5849,0.7358,0.6415
30m_GEODATA_native_grid,Guangxi,>=1e5m2,100-900m2,237,0.6878,0.7004,0.4684
30m_GEODATA_native_grid,Guangxi,>=1e5m2,900-2500m2,157,0.5096,0.758,0.5541
30m_GEODATA_native_grid,Guangxi,>=1e5m2,1e4-1e5m2,1877,0.2477,0.8162,0.7368
30m_GEODATA_native_grid,Guangxi,100-900m2,>=1e5m2,14,0.5714,0.3571,0.7857
30m_GEODATA_native_grid,Guangxi,900-2500m2,1e4-1e5m2,30,0.6333,0.4667,0.7667
30m_GEODATA_native_grid,Guangxi,<100m2(sliver),1e4-1e5m2,14,0.5,0.6429,0.5714
30m_GEODATA_native_grid,Guangxi,none,>=1e5m2,307,0.9218,0.1042,0.9739
30m_GEODATA_native_grid,Guangxi,900-2500m2,>=1e5m2,16,0.5,0.4375,0.4375
30m_GEODATA_native_grid,Guangxi,<100m2(sliver),900-2500m2,2,0.5,0.5,1.0
30m_GEODATA_native_grid,Guangxi,2500-1e4m2,>=1e5m2,15,0.4,0.8667,0.7333
30m_GEODATA_native_grid,Guangxi,>=1e5m2,none,782,0.8274,0.8555,0.3171
30m_GEODATA_native_grid,Guangxi,<100m2(sliver),>=1e5m2,5,0.4,0.4,0.0
30m_GEODATA_native_grid,Guangxi,1e4-1e5m2,>=1e5m2,509,0.2043,0.8723,0.9234
30m_GEODATA_native_grid,Guangxi,<100m2(sliver),2500-1e4m2,1,1.0,0.0,1.0
30m_GEODATA_native_grid,Guangdong,<100m2(sliver),100-900m2,1,1.0,0.0,1.0
30m_GEODATA_native_grid,Guangdong,>=1e5m2,2500-1e4m2,12,0.25,0.3333,0.5833
30m_GEODATA_native_grid,Guangdong,>=1e5m2,900-2500m2,1,1.0,0.0,1.0
