year,roi_id,region,landsat_sensor_nominal,landsat_roi_scene_count,sentinel1_nominal,sentinel1_roi_scene_count,sentinel2_nominal,sentinel2_roi_scene_count,label_available,label_tier,field_uav_available,management_event_known,tide_metadata,status
1985,ZJ-HZB,Hangzhou Bay,LANDSAT5_TM_NOMINAL,MISSING,MISSING,MISSING,MISSING,MISSING,MISSING,MISSING,MISSING,UNKNOWN,MISSING,NOT_ASSESSED
1985,ZJ-SMB,Sanmen Bay,LANDSAT5_TM_NOMINAL,MISSING,MISSING,MISSING,MISSING,MISSING,MISSING,MISSING,MISSING,UNKNOWN,MISSING,NOT_ASSESSED
1985,ZJ-YQB,Yueqing Bay,LANDSAT5_TM_NOMINAL,MISSING,MISSING,MISSING,MISSING,MISSING,MISSING,MISSING,MISSING,UNKNOWN,MISSING,NOT_ASSESSED
1990,ZJ-HZB,Hangzhou Bay,LANDSAT5_TM_NOMINAL,MISSING,MISSING,MISSING,MISSING,MISSING,MISSING,MISSING,MISSING,UNKNOWN,MISSING,NOT_ASSESSED
1990,ZJ-SMB,Sanmen Bay,LANDSAT5_TM_NOMINAL,MISSING,MISSING,MISSING,MISSING,MISSING,MISSING,MISSING,MISSING,UNKNOWN,MISSING,NOT_ASSESSED
1990,ZJ-YQB,Yueqing Bay,LANDSAT5_TM_NOMINAL,MISSING,MISSING,MISSING,MISSING,MISSING,MISSING,MISSING,MISSING,UNKNOWN,MISSING,NOT_ASSESSED
1991,ZJ-HZB,Hangzhou Bay,LANDSAT5_TM_NOMINAL,MISSING,MISSING,MISSING,MISSING,MISSING,MISSING,MISSING,MISSING,UNKNOWN,MISSING,NOT_ASSESSED
1991,ZJ-SMB,Sanmen Bay,LANDSAT5_TM_NOMINAL,MISSING,MISSING,MISSING,MISSING,MISSING,MISSING,MISSING,MISSING,UNKNOWN,MISSING,NOT_ASSESSED
1991,ZJ-YQB,Yueqing Bay,LANDSAT5_TM_NOMINAL,MISSING,MISSING,MISSING,MISSING,MISSING,MISSING,MISSING,MISSING,UNKNOWN,MISSING,NOT_ASSESSED
1992,ZJ-HZB,Hangzhou Bay,LANDSAT5_TM_NOMINAL,MISSING,MISSING,MISSING,MISSING,MISSING,MISSING,MISSING,MISSING,UNKNOWN,MISSING,NOT_ASSESSED
1992,ZJ-SMB,Sanmen Bay,LANDSAT5_TM_NOMINAL,MISSING,MISSING,MISSING,MISSING,MISSING,MISSING,MISSING,MISSING,UNKNOWN,MISSING,NOT_ASSESSED
1992,ZJ-YQB,Yueqing Bay,LANDSAT5_TM_NOMINAL,MISSING,MISSING,MISSING,MISSING,MISSING,MISSING,MISSING,MISSING,UNKNOWN,MISSING,NOT_ASSESSED
1993,ZJ-HZB,Hangzhou Bay,LANDSAT5_TM_NOMINAL,MISSING,MISSING,MISSING,MISSING,MISSING,MISSING,MISSING,MISSING,UNKNOWN,MISSING,NOT_ASSESSED
1993,ZJ-SMB,Sanmen Bay,LANDSAT5_TM_NOMINAL,MISSING,MISSING,MISSING,MISSING,MISSING,MISSING,MISSING,MISSING,UNKNOWN,MISSING,NOT_ASSESSED
1993,ZJ-YQB,Yueqing Bay,LANDSAT5_TM_NOMINAL,MISSING,MISSING,MISSING,MISSING,MISSING,MISSING,MISSING,MISSING,UNKNOWN,MISSING,NOT_ASSESSED
1994,ZJ-HZB,Hangzhou Bay,LANDSAT5_TM_NOMINAL,MISSING,MISSING,MISSING,MISSING,MISSING,MISSING,MISSING,MISSING,UNKNOWN,MISSING,NOT_ASSESSED
1994,ZJ-SMB,Sanmen Bay,LANDSAT5_TM_NOMINAL,MISSING,MISSING,MISSING,MISSING,MISSING,MISSING,MISSING,MISSING,UNKNOWN,MISSING,NOT_ASSESSED
1994,ZJ-YQB,Yueqing Bay,LANDSAT5_TM_NOMINAL,MISSING,MISSING,MISSING,MISSING,MISSING,MISSING,MISSING,MISSING,UNKNOWN,MISSING,NOT_ASSESSED
1995,ZJ-HZB,Hangzhou Bay,LANDSAT5_TM_NOMINAL,MISSING,MISSING,MISSING,MISSING,MISSING,MISSING,MISSING,MISSING,UNKNOWN,MISSING,NOT_ASSESSED
1995,ZJ-SMB,Sanmen Bay,LANDSAT5_TM_NOMINAL,MISSING,MISSING,MISSING,MISSING,MISSING,MISSING,MISSING,MISSING,UNKNOWN,MISSING,NOT_ASSESSED
1995,ZJ-YQB,Yueqing Bay,LANDSAT5_TM_NOMINAL,MISSING,MISSING,MISSING,MISSING,MISSING,MISSING,MISSING,MISSING,UNKNOWN,MISSING,NOT_ASSESSED
1996,ZJ-HZB,Hangzhou Bay,LANDSAT5_TM_NOMINAL,MISSING,MISSING,MISSING,MISSING,MISSING,MISSING,MISSING,MISSING,UNKNOWN,MISSING,NOT_ASSESSED
1996,ZJ-SMB,Sanmen Bay,LANDSAT5_TM_NOMINAL,MISSING,MISSING,MISSING,MISSING,MISSING,MISSING,MISSING,MISSING,UNKNOWN,MISSING,NOT_ASSESSED
1996,ZJ-YQB,Yueqing Bay,LANDSAT5_TM_NOMINAL,MISSING,MISSING,MISSING,MISSING,MISSING,MISSING,MISSING,MISSING,UNKNOWN,MISSING,NOT_ASSESSED
1997,ZJ-HZB,Hangzhou Bay,LANDSAT5_TM_NOMINAL,MISSING,MISSING,MISSING,MISSING,MISSING,MISSING,MISSING,MISSING,UNKNOWN,MISSING,NOT_ASSESSED
1997,ZJ-SMB,Sanmen Bay,LANDSAT5_TM_NOMINAL,MISSING,MISSING,MISSING,MISSING,MISSING,MISSING,MISSING,MISSING,UNKNOWN,MISSING,NOT_ASSESSED
1997,ZJ-YQB,Yueqing Bay,LANDSAT5_TM_NOMINAL,MISSING,MISSING,MISSING,MISSING,MISSING,MISSING,MISSING,MISSING,UNKNOWN,MISSING,NOT_ASSESSED
1998,ZJ-HZB,Hangzhou Bay,LANDSAT5_TM_NOMINAL,MISSING,MISSING,MISSING,MISSING,MISSING,MISSING,MISSING,MISSING,UNKNOWN,MISSING,NOT_ASSESSED
1998,ZJ-SMB,Sanmen Bay,LANDSAT5_TM_NOMINAL,MISSING,MISSING,MISSING,MISSING,MISSING,MISSING,MISSING,MISSING,UNKNOWN,MISSING,NOT_ASSESSED
1998,ZJ-YQB,Yueqing Bay,LANDSAT5_TM_NOMINAL,MISSING,MISSING,MISSING,MISSING,MISSING,MISSING,MISSING,MISSING,UNKNOWN,MISSING,NOT_ASSESSED
1999,ZJ-HZB,Hangzhou Bay,LANDSAT5_TM+LANDSAT7_ETM_NOMINAL,MISSING,MISSING,MISSING,MISSING,MISSING,MISSING,MISSING,MISSING,UNKNOWN,MISSING,NOT_ASSESSED
1999,ZJ-SMB,Sanmen Bay,LANDSAT5_TM+LANDSAT7_ETM_NOMINAL,MISSING,MISSING,MISSING,MISSING,MISSING,MISSING,MISSING,MISSING,UNKNOWN,MISSING,NOT_ASSESSED
1999,ZJ-YQB,Yueqing Bay,LANDSAT5_TM+LANDSAT7_ETM_NOMINAL,MISSING,MISSING,MISSING,MISSING,MISSING,MISSING,MISSING,MISSING,UNKNOWN,MISSING,NOT_ASSESSED
2000,ZJ-HZB,Hangzhou Bay,LANDSAT5_TM+LANDSAT7_ETM_NOMINAL,MISSING,MISSING,MISSING,MISSING,MISSING,MISSING,MISSING,MISSING,UNKNOWN,MISSING,NOT_ASSESSED
2000,ZJ-SMB,Sanmen Bay,LANDSAT5_TM+LANDSAT7_ETM_NOMINAL,MISSING,MISSING,MISSING,MISSING,MISSING,MISSING,MISSING,MISSING,UNKNOWN,MISSING,NOT_ASSESSED
2000,ZJ-YQB,Yueqing Bay,LANDSAT5_TM+LANDSAT7_ETM_NOMINAL,MISSING,MISSING,MISSING,MISSING,MISSING,MISSING,MISSING,MISSING,UNKNOWN,MISSING,NOT_ASSESSED
2001,ZJ-HZB,Hangzhou Bay,LANDSAT5_TM+LANDSAT7_ETM_NOMINAL,MISSING,MISSING,MISSING,MISSING,MISSING,MISSING,MISSING,MISSING,UNKNOWN,MISSING,NOT_ASSESSED
2001,ZJ-SMB,Sanmen Bay,LANDSAT5_TM+LANDSAT7_ETM_NOMINAL,MISSING,MISSING,MISSING,MISSING,MISSING,MISSING,MISSING,MISSING,UNKNOWN,MISSING,NOT_ASSESSED
2001,ZJ-YQB,Yueqing Bay,LANDSAT5_TM+LANDSAT7_ETM_NOMINAL,MISSING,MISSING,MISSING,MISSING,MISSING,MISSING,MISSING,MISSING,UNKNOWN,MISSING,NOT_ASSESSED
2002,ZJ-HZB,Hangzhou Bay,LANDSAT5_TM+LANDSAT7_ETM_NOMINAL,MISSING,MISSING,MISSING,MISSING,MISSING,MISSING,MISSING,MISSING,UNKNOWN,MISSING,NOT_ASSESSED
2002,ZJ-SMB,Sanmen Bay,LANDSAT5_TM+LANDSAT7_ETM_NOMINAL,MISSING,MISSING,MISSING,MISSING,MISSING,MISSING,MISSING,MISSING,UNKNOWN,MISSING,NOT_ASSESSED
2002,ZJ-YQB,Yueqing Bay,LANDSAT5_TM+LANDSAT7_ETM_NOMINAL,MISSING,MISSING,MISSING,MISSING,MISSING,MISSING,MISSING,MISSING,UNKNOWN,MISSING,NOT_ASSESSED
2003,ZJ-HZB,Hangzhou Bay,LANDSAT5_TM+LANDSAT7_ETM_SLC_OFF_NOMINAL,MISSING,MISSING,MISSING,MISSING,MISSING,MISSING,MISSING,MISSING,UNKNOWN,MISSING,NOT_ASSESSED
2003,ZJ-SMB,Sanmen Bay,LANDSAT5_TM+LANDSAT7_ETM_SLC_OFF_NOMINAL,MISSING,MISSING,MISSING,MISSING,MISSING,MISSING,MISSING,MISSING,UNKNOWN,MISSING,NOT_ASSESSED
2003,ZJ-YQB,Yueqing Bay,LANDSAT5_TM+LANDSAT7_ETM_SLC_OFF_NOMINAL,MISSING,MISSING,MISSING,MISSING,MISSING,MISSING,MISSING,MISSING,UNKNOWN,MISSING,NOT_ASSESSED
2004,ZJ-HZB,Hangzhou Bay,LANDSAT5_TM+LANDSAT7_ETM_SLC_OFF_NOMINAL,MISSING,MISSING,MISSING,MISSING,MISSING,MISSING,MISSING,MISSING,UNKNOWN,MISSING,NOT_ASSESSED
2004,ZJ-SMB,Sanmen Bay,LANDSAT5_TM+LANDSAT7_ETM_SLC_OFF_NOMINAL,MISSING,MISSING,MISSING,MISSING,MISSING,MISSING,MISSING,MISSING,UNKNOWN,MISSING,NOT_ASSESSED
2004,ZJ-YQB,Yueqing Bay,LANDSAT5_TM+LANDSAT7_ETM_SLC_OFF_NOMINAL,MISSING,MISSING,MISSING,MISSING,MISSING,MISSING,MISSING,MISSING,UNKNOWN,MISSING,NOT_ASSESSED
2005,ZJ-HZB,Hangzhou Bay,LANDSAT5_TM+LANDSAT7_ETM_SLC_OFF_NOMINAL,MISSING,MISSING,MISSING,MISSING,MISSING,MISSING,MISSING,MISSING,UNKNOWN,MISSING,NOT_ASSESSED
2005,ZJ-SMB,Sanmen Bay,LANDSAT5_TM+LANDSAT7_ETM_SLC_OFF_NOMINAL,MISSING,MISSING,MISSING,MISSING,MISSING,MISSING,MISSING,MISSING,UNKNOWN,MISSING,NOT_ASSESSED
2005,ZJ-YQB,Yueqing Bay,LANDSAT5_TM+LANDSAT7_ETM_SLC_OFF_NOMINAL,MISSING,MISSING,MISSING,MISSING,MISSING,MISSING,MISSING,MISSING,UNKNOWN,MISSING,NOT_ASSESSED
2006,ZJ-HZB,Hangzhou Bay,LANDSAT5_TM+LANDSAT7_ETM_SLC_OFF_NOMINAL,MISSING,MISSING,MISSING,MISSING,MISSING,MISSING,MISSING,MISSING,UNKNOWN,MISSING,NOT_ASSESSED
2006,ZJ-SMB,Sanmen Bay,LANDSAT5_TM+LANDSAT7_ETM_SLC_OFF_NOMINAL,MISSING,MISSING,MISSING,MISSING,MISSING,MISSING,MISSING,MISSING,UNKNOWN,MISSING,NOT_ASSESSED
2006,ZJ-YQB,Yueqing Bay,LANDSAT5_TM+LANDSAT7_ETM_SLC_OFF_NOMINAL,MISSING,MISSING,MISSING,MISSING,MISSING,MISSING,MISSING,MISSING,UNKNOWN,MISSING,NOT_ASSESSED
2007,ZJ-HZB,Hangzhou Bay,LANDSAT5_TM+LANDSAT7_ETM_SLC_OFF_NOMINAL,MISSING,MISSING,MISSING,MISSING,MISSING,MISSING,MISSING,MISSING,UNKNOWN,MISSING,NOT_ASSESSED
2007,ZJ-SMB,Sanmen Bay,LANDSAT5_TM+LANDSAT7_ETM_SLC_OFF_NOMINAL,MISSING,MISSING,MISSING,MISSING,MISSING,MISSING,MISSING,MISSING,UNKNOWN,MISSING,NOT_ASSESSED
2007,ZJ-YQB,Yueqing Bay,LANDSAT5_TM+LANDSAT7_ETM_SLC_OFF_NOMINAL,MISSING,MISSING,MISSING,MISSING,MISSING,MISSING,MISSING,MISSING,UNKNOWN,MISSING,NOT_ASSESSED
2008,ZJ-HZB,Hangzhou Bay,LANDSAT5_TM+LANDSAT7_ETM_SLC_OFF_NOMINAL,MISSING,MISSING,MISSING,MISSING,MISSING,MISSING,MISSING,MISSING,UNKNOWN,MISSING,NOT_ASSESSED
2008,ZJ-SMB,Sanmen Bay,LANDSAT5_TM+LANDSAT7_ETM_SLC_OFF_NOMINAL,MISSING,MISSING,MISSING,MISSING,MISSING,MISSING,MISSING,MISSING,UNKNOWN,MISSING,NOT_ASSESSED
2008,ZJ-YQB,Yueqing Bay,LANDSAT5_TM+LANDSAT7_ETM_SLC_OFF_NOMINAL,MISSING,MISSING,MISSING,MISSING,MISSING,MISSING,MISSING,MISSING,UNKNOWN,MISSING,NOT_ASSESSED
2009,ZJ-HZB,Hangzhou Bay,LANDSAT5_TM+LANDSAT7_ETM_SLC_OFF_NOMINAL,MISSING,MISSING,MISSING,MISSING,MISSING,MISSING,MISSING,MISSING,UNKNOWN,MISSING,NOT_ASSESSED
2009,ZJ-SMB,Sanmen Bay,LANDSAT5_TM+LANDSAT7_ETM_SLC_OFF_NOMINAL,MISSING,MISSING,MISSING,MISSING,MISSING,MISSING,MISSING,MISSING,UNKNOWN,MISSING,NOT_ASSESSED
2009,ZJ-YQB,Yueqing Bay,LANDSAT5_TM+LANDSAT7_ETM_SLC_OFF_NOMINAL,MISSING,MISSING,MISSING,MISSING,MISSING,MISSING,MISSING,MISSING,UNKNOWN,MISSING,NOT_ASSESSED
2010,ZJ-HZB,Hangzhou Bay,LANDSAT5_TM+LANDSAT7_ETM_SLC_OFF_NOMINAL,MISSING,MISSING,MISSING,MISSING,MISSING,MISSING,MISSING,MISSING,UNKNOWN,MISSING,NOT_ASSESSED
2010,ZJ-SMB,Sanmen Bay,LANDSAT5_TM+LANDSAT7_ETM_SLC_OFF_NOMINAL,MISSING,MISSING,MISSING,MISSING,MISSING,MISSING,MISSING,MISSING,UNKNOWN,MISSING,NOT_ASSESSED
2010,ZJ-YQB,Yueqing Bay,LANDSAT5_TM+LANDSAT7_ETM_SLC_OFF_NOMINAL,MISSING,MISSING,MISSING,MISSING,MISSING,MISSING,MISSING,MISSING,UNKNOWN,MISSING,NOT_ASSESSED
2011,ZJ-HZB,Hangzhou Bay,LANDSAT5_TM+LANDSAT7_ETM_SLC_OFF_NOMINAL,MISSING,MISSING,MISSING,MISSING,MISSING,MISSING,MISSING,MISSING,UNKNOWN,MISSING,NOT_ASSESSED
2011,ZJ-SMB,Sanmen Bay,LANDSAT5_TM+LANDSAT7_ETM_SLC_OFF_NOMINAL,MISSING,MISSING,MISSING,MISSING,MISSING,MISSING,MISSING,MISSING,UNKNOWN,MISSING,NOT_ASSESSED
2011,ZJ-YQB,Yueqing Bay,LANDSAT5_TM+LANDSAT7_ETM_SLC_OFF_NOMINAL,MISSING,MISSING,MISSING,MISSING,MISSING,MISSING,MISSING,MISSING,UNKNOWN,MISSING,NOT_ASSESSED
2012,ZJ-HZB,Hangzhou Bay,LANDSAT7_ETM_SLC_OFF+LANDSAT8_OLI_NOMINAL,MISSING,MISSING,MISSING,MISSING,MISSING,MISSING,MISSING,MISSING,UNKNOWN,MISSING,NOT_ASSESSED
2012,ZJ-SMB,Sanmen Bay,LANDSAT7_ETM_SLC_OFF+LANDSAT8_OLI_NOMINAL,MISSING,MISSING,MISSING,MISSING,MISSING,MISSING,MISSING,MISSING,UNKNOWN,MISSING,NOT_ASSESSED
2012,ZJ-YQB,Yueqing Bay,LANDSAT7_ETM_SLC_OFF+LANDSAT8_OLI_NOMINAL,MISSING,MISSING,MISSING,MISSING,MISSING,MISSING,MISSING,MISSING,UNKNOWN,MISSING,NOT_ASSESSED
2013,ZJ-HZB,Hangzhou Bay,LANDSAT7_ETM_SLC_OFF+LANDSAT8_OLI_NOMINAL,MISSING,MISSING,MISSING,MISSING,MISSING,MISSING,MISSING,MISSING,UNKNOWN,MISSING,NOT_ASSESSED
2013,ZJ-SMB,Sanmen Bay,LANDSAT7_ETM_SLC_OFF+LANDSAT8_OLI_NOMINAL,MISSING,MISSING,MISSING,MISSING,MISSING,MISSING,MISSING,MISSING,UNKNOWN,MISSING,NOT_ASSESSED
2013,ZJ-YQB,Yueqing Bay,LANDSAT7_ETM_SLC_OFF+LANDSAT8_OLI_NOMINAL,MISSING,MISSING,MISSING,MISSING,MISSING,MISSING,MISSING,MISSING,UNKNOWN,MISSING,NOT_ASSESSED
2014,ZJ-HZB,Hangzhou Bay,LANDSAT7_ETM_SLC_OFF+LANDSAT8_OLI_NOMINAL,MISSING,S1A_COMMISSIONING_NOMINAL,MISSING,MISSING,MISSING,MISSING,MISSING,MISSING,UNKNOWN,MISSING,NOT_ASSESSED
2014,ZJ-SMB,Sanmen Bay,LANDSAT7_ETM_SLC_OFF+LANDSAT8_OLI_NOMINAL,MISSING,S1A_COMMISSIONING_NOMINAL,MISSING,MISSING,MISSING,MISSING,MISSING,MISSING,UNKNOWN,MISSING,NOT_ASSESSED
2014,ZJ-YQB,Yueqing Bay,LANDSAT7_ETM_SLC_OFF+LANDSAT8_OLI_NOMINAL,MISSING,S1A_COMMISSIONING_NOMINAL,MISSING,MISSING,MISSING,MISSING,MISSING,MISSING,UNKNOWN,MISSING,NOT_ASSESSED
2015,ZJ-HZB,Hangzhou Bay,LANDSAT7_ETM_SLC_OFF+LANDSAT8_OLI_NOMINAL,MISSING,S1_GRD_IW_NOMINAL_UNQUERIED,MISSING,S2A_L1C_NOMINAL_SR_NOT_AVAILABLE,MISSING,MISSING,MISSING,MISSING,UNKNOWN,MISSING,NOT_ASSESSED
2015,ZJ-SMB,Sanmen Bay,LANDSAT7_ETM_SLC_OFF+LANDSAT8_OLI_NOMINAL,MISSING,S1_GRD_IW_NOMINAL_UNQUERIED,MISSING,S2A_L1C_NOMINAL_SR_NOT_AVAILABLE,MISSING,MISSING,MISSING,MISSING,UNKNOWN,MISSING,NOT_ASSESSED
2015,ZJ-YQB,Yueqing Bay,LANDSAT7_ETM_SLC_OFF+LANDSAT8_OLI_NOMINAL,MISSING,S1_GRD_IW_NOMINAL_UNQUERIED,MISSING,S2A_L1C_NOMINAL_SR_NOT_AVAILABLE,MISSING,MISSING,MISSING,MISSING,UNKNOWN,MISSING,NOT_ASSESSED
2016,ZJ-HZB,Hangzhou Bay,LANDSAT7_ETM_SLC_OFF+LANDSAT8_OLI_NOMINAL,MISSING,S1_GRD_IW_NOMINAL_UNQUERIED,MISSING,S2A_L1C_NOMINAL_SR_NOT_AVAILABLE,MISSING,MISSING,MISSING,MISSING,UNKNOWN,MISSING,NOT_ASSESSED
2016,ZJ-SMB,Sanmen Bay,LANDSAT7_ETM_SLC_OFF+LANDSAT8_OLI_NOMINAL,MISSING,S1_GRD_IW_NOMINAL_UNQUERIED,MISSING,S2A_L1C_NOMINAL_SR_NOT_AVAILABLE,MISSING,MISSING,MISSING,MISSING,UNKNOWN,MISSING,NOT_ASSESSED
2016,ZJ-YQB,Yueqing Bay,LANDSAT7_ETM_SLC_OFF+LANDSAT8_OLI_NOMINAL,MISSING,S1_GRD_IW_NOMINAL_UNQUERIED,MISSING,S2A_L1C_NOMINAL_SR_NOT_AVAILABLE,MISSING,MISSING,MISSING,MISSING,UNKNOWN,MISSING,NOT_ASSESSED
2017,ZJ-HZB,Hangzhou Bay,LANDSAT7_ETM_SLC_OFF+LANDSAT8_OLI_NOMINAL,MISSING,S1_GRD_IW_NOMINAL_UNQUERIED,MISSING,S2A_SR_PARTIAL_NOMINAL_UNQUERIED,MISSING,MISSING,MISSING,MISSING,UNKNOWN,MISSING,NOT_ASSESSED
2017,ZJ-SMB,Sanmen Bay,LANDSAT7_ETM_SLC_OFF+LANDSAT8_OLI_NOMINAL,MISSING,S1_GRD_IW_NOMINAL_UNQUERIED,MISSING,S2A_SR_PARTIAL_NOMINAL_UNQUERIED,MISSING,MISSING,MISSING,MISSING,UNKNOWN,MISSING,NOT_ASSESSED
2017,ZJ-YQB,Yueqing Bay,LANDSAT7_ETM_SLC_OFF+LANDSAT8_OLI_NOMINAL,MISSING,S1_GRD_IW_NOMINAL_UNQUERIED,MISSING,S2A_SR_PARTIAL_NOMINAL_UNQUERIED,MISSING,MISSING,MISSING,MISSING,UNKNOWN,MISSING,NOT_ASSESSED
2018,ZJ-HZB,Hangzhou Bay,LANDSAT7_ETM_SLC_OFF+LANDSAT8_OLI_NOMINAL,MISSING,S1_GRD_IW_NOMINAL_UNQUERIED,MISSING,S2_SR_HARMONIZED_NOMINAL_UNQUERIED,MISSING,MISSING,MISSING,MISSING,UNKNOWN,MISSING,NOT_ASSESSED
2018,ZJ-SMB,Sanmen Bay,LANDSAT7_ETM_SLC_OFF+LANDSAT8_OLI_NOMINAL,MISSING,S1_GRD_IW_NOMINAL_UNQUERIED,MISSING,S2_SR_HARMONIZED_NOMINAL_UNQUERIED,MISSING,MISSING,MISSING,MISSING,UNKNOWN,MISSING,NOT_ASSESSED
2018,ZJ-YQB,Yueqing Bay,LANDSAT7_ETM_SLC_OFF+LANDSAT8_OLI_NOMINAL,MISSING,S1_GRD_IW_NOMINAL_UNQUERIED,MISSING,S2_SR_HARMONIZED_NOMINAL_UNQUERIED,MISSING,MISSING,MISSING,MISSING,UNKNOWN,MISSING,NOT_ASSESSED
2019,ZJ-HZB,Hangzhou Bay,LANDSAT7_ETM_SLC_OFF+LANDSAT8_OLI_NOMINAL,MISSING,S1_GRD_IW_NOMINAL_UNQUERIED,MISSING,S2_SR_HARMONIZED_NOMINAL_UNQUERIED,MISSING,MISSING,MISSING,MISSING,UNKNOWN,MISSING,NOT_ASSESSED
2019,ZJ-SMB,Sanmen Bay,LANDSAT7_ETM_SLC_OFF+LANDSAT8_OLI_NOMINAL,MISSING,S1_GRD_IW_NOMINAL_UNQUERIED,MISSING,S2_SR_HARMONIZED_NOMINAL_UNQUERIED,MISSING,MISSING,MISSING,MISSING,UNKNOWN,MISSING,NOT_ASSESSED
2019,ZJ-YQB,Yueqing Bay,LANDSAT7_ETM_SLC_OFF+LANDSAT8_OLI_NOMINAL,MISSING,S1_GRD_IW_NOMINAL_UNQUERIED,MISSING,S2_SR_HARMONIZED_NOMINAL_UNQUERIED,MISSING,MISSING,MISSING,MISSING,UNKNOWN,MISSING,NOT_ASSESSED
2020,ZJ-HZB,Hangzhou Bay,LANDSAT7_ETM_SLC_OFF+LANDSAT8_OLI_NOMINAL,MISSING,S1_GRD_IW_NOMINAL_UNQUERIED,MISSING,S2_SR_HARMONIZED_NOMINAL_UNQUERIED,MISSING,MISSING,MISSING,MISSING,UNKNOWN,MISSING,NOT_ASSESSED
2020,ZJ-SMB,Sanmen Bay,LANDSAT7_ETM_SLC_OFF+LANDSAT8_OLI_NOMINAL,MISSING,S1_GRD_IW_NOMINAL_UNQUERIED,MISSING,S2_SR_HARMONIZED_NOMINAL_UNQUERIED,MISSING,MISSING,MISSING,MISSING,UNKNOWN,MISSING,NOT_ASSESSED
2020,ZJ-YQB,Yueqing Bay,LANDSAT7_ETM_SLC_OFF+LANDSAT8_OLI_NOMINAL,MISSING,S1_GRD_IW_NOMINAL_UNQUERIED,MISSING,S2_SR_HARMONIZED_NOMINAL_UNQUERIED,MISSING,MISSING,MISSING,MISSING,UNKNOWN,MISSING,NOT_ASSESSED
2021,ZJ-HZB,Hangzhou Bay,LANDSAT7_ETM_SLC_OFF+LANDSAT8_OLI_NOMINAL,MISSING,S1_GRD_IW_NOMINAL_UNQUERIED,MISSING,S2_SR_HARMONIZED_NOMINAL_UNQUERIED,MISSING,MISSING,MISSING,MISSING,UNKNOWN,MISSING,NOT_ASSESSED
2021,ZJ-SMB,Sanmen Bay,LANDSAT7_ETM_SLC_OFF+LANDSAT8_OLI_NOMINAL,MISSING,S1_GRD_IW_NOMINAL_UNQUERIED,MISSING,S2_SR_HARMONIZED_NOMINAL_UNQUERIED,MISSING,MISSING,MISSING,MISSING,UNKNOWN,MISSING,NOT_ASSESSED
2021,ZJ-YQB,Yueqing Bay,LANDSAT7_ETM_SLC_OFF+LANDSAT8_OLI_NOMINAL,MISSING,S1_GRD_IW_NOMINAL_UNQUERIED,MISSING,S2_SR_HARMONIZED_NOMINAL_UNQUERIED,MISSING,MISSING,MISSING,MISSING,UNKNOWN,MISSING,NOT_ASSESSED
2022,ZJ-HZB,Hangzhou Bay,LANDSAT7_ETM_SLC_OFF+LANDSAT8_OLI+LANDSAT9_OLI2_NOMINAL,MISSING,S1_GRD_IW_NOMINAL_UNQUERIED,MISSING,S2_SR_HARMONIZED_NOMINAL_UNQUERIED,MISSING,MISSING,MISSING,MISSING,UNKNOWN,MISSING,NOT_ASSESSED
2022,ZJ-SMB,Sanmen Bay,LANDSAT7_ETM_SLC_OFF+LANDSAT8_OLI+LANDSAT9_OLI2_NOMINAL,MISSING,S1_GRD_IW_NOMINAL_UNQUERIED,MISSING,S2_SR_HARMONIZED_NOMINAL_UNQUERIED,MISSING,MISSING,MISSING,MISSING,UNKNOWN,MISSING,NOT_ASSESSED
2022,ZJ-YQB,Yueqing Bay,LANDSAT7_ETM_SLC_OFF+LANDSAT8_OLI+LANDSAT9_OLI2_NOMINAL,MISSING,S1_GRD_IW_NOMINAL_UNQUERIED,MISSING,S2_SR_HARMONIZED_NOMINAL_UNQUERIED,MISSING,MISSING,MISSING,MISSING,UNKNOWN,MISSING,NOT_ASSESSED
2023,ZJ-HZB,Hangzhou Bay,LANDSAT7_ETM_SLC_OFF+LANDSAT8_OLI+LANDSAT9_OLI2_NOMINAL,MISSING,S1_GRD_IW_NOMINAL_UNQUERIED,MISSING,S2_SR_HARMONIZED_NOMINAL_UNQUERIED,MISSING,MISSING,MISSING,MISSING,UNKNOWN,MISSING,NOT_ASSESSED
2023,ZJ-SMB,Sanmen Bay,LANDSAT7_ETM_SLC_OFF+LANDSAT8_OLI+LANDSAT9_OLI2_NOMINAL,MISSING,S1_GRD_IW_NOMINAL_UNQUERIED,MISSING,S2_SR_HARMONIZED_NOMINAL_UNQUERIED,MISSING,MISSING,MISSING,MISSING,UNKNOWN,MISSING,NOT_ASSESSED
2023,ZJ-YQB,Yueqing Bay,LANDSAT7_ETM_SLC_OFF+LANDSAT8_OLI+LANDSAT9_OLI2_NOMINAL,MISSING,S1_GRD_IW_NOMINAL_UNQUERIED,MISSING,S2_SR_HARMONIZED_NOMINAL_UNQUERIED,MISSING,MISSING,MISSING,MISSING,UNKNOWN,MISSING,NOT_ASSESSED
2024,ZJ-HZB,Hangzhou Bay,LANDSAT7_ETM_SLC_OFF+LANDSAT8_OLI+LANDSAT9_OLI2_NOMINAL,MISSING,S1_GRD_IW_NOMINAL_UNQUERIED,MISSING,S2_SR_HARMONIZED_NOMINAL_UNQUERIED,MISSING,MISSING,MISSING,MISSING,UNKNOWN,MISSING,NOT_ASSESSED
2024,ZJ-SMB,Sanmen Bay,LANDSAT7_ETM_SLC_OFF+LANDSAT8_OLI+LANDSAT9_OLI2_NOMINAL,MISSING,S1_GRD_IW_NOMINAL_UNQUERIED,MISSING,S2_SR_HARMONIZED_NOMINAL_UNQUERIED,MISSING,MISSING,MISSING,MISSING,UNKNOWN,MISSING,NOT_ASSESSED
2024,ZJ-YQB,Yueqing Bay,LANDSAT7_ETM_SLC_OFF+LANDSAT8_OLI+LANDSAT9_OLI2_NOMINAL,MISSING,S1_GRD_IW_NOMINAL_UNQUERIED,MISSING,S2_SR_HARMONIZED_NOMINAL_UNQUERIED,MISSING,MISSING,MISSING,MISSING,UNKNOWN,MISSING,NOT_ASSESSED
2025,ZJ-HZB,Hangzhou Bay,LANDSAT7_ETM_SLC_OFF+LANDSAT8_OLI+LANDSAT9_OLI2_NOMINAL,MISSING,S1_GRD_IW_NOMINAL_UNQUERIED,MISSING,S2_SR_HARMONIZED_NOMINAL_UNQUERIED,MISSING,MISSING,MISSING,MISSING,UNKNOWN,MISSING,NOT_ASSESSED
2025,ZJ-SMB,Sanmen Bay,LANDSAT7_ETM_SLC_OFF+LANDSAT8_OLI+LANDSAT9_OLI2_NOMINAL,MISSING,S1_GRD_IW_NOMINAL_UNQUERIED,MISSING,S2_SR_HARMONIZED_NOMINAL_UNQUERIED,MISSING,MISSING,MISSING,MISSING,UNKNOWN,MISSING,NOT_ASSESSED
2025,ZJ-YQB,Yueqing Bay,LANDSAT7_ETM_SLC_OFF+LANDSAT8_OLI+LANDSAT9_OLI2_NOMINAL,MISSING,S1_GRD_IW_NOMINAL_UNQUERIED,MISSING,S2_SR_HARMONIZED_NOMINAL_UNQUERIED,MISSING,MISSING,MISSING,MISSING,UNKNOWN,MISSING,NOT_ASSESSED
2026,ZJ-HZB,Hangzhou Bay,LANDSAT7_ETM_SLC_OFF+LANDSAT8_OLI+LANDSAT9_OLI2_NOMINAL,MISSING,S1_GRD_IW_NOMINAL_UNQUERIED,MISSING,S2_SR_HARMONIZED_NOMINAL_UNQUERIED,MISSING,MISSING,MISSING,MISSING,UNKNOWN,MISSING,NOT_ASSESSED
2026,ZJ-SMB,Sanmen Bay,LANDSAT7_ETM_SLC_OFF+LANDSAT8_OLI+LANDSAT9_OLI2_NOMINAL,MISSING,S1_GRD_IW_NOMINAL_UNQUERIED,MISSING,S2_SR_HARMONIZED_NOMINAL_UNQUERIED,MISSING,MISSING,MISSING,MISSING,UNKNOWN,MISSING,NOT_ASSESSED
2026,ZJ-YQB,Yueqing Bay,LANDSAT7_ETM_SLC_OFF+LANDSAT8_OLI+LANDSAT9_OLI2_NOMINAL,MISSING,S1_GRD_IW_NOMINAL_UNQUERIED,MISSING,S2_SR_HARMONIZED_NOMINAL_UNQUERIED,MISSING,MISSING,MISSING,MISSING,UNKNOWN,MISSING,NOT_ASSESSED
